Date,V7.3 (no overlay),V7.3 + V2 (original),V7.3 + V2 (tuned),A voltgt15 db0,A voltgt15 db10,A voltgt20 db0,A voltgt20 db10,A voltgt25 db0,A voltgt25 db10,A voltgt30 db0,A voltgt30 db10,A invvol-only,A voltgt20+invvol db10,A voltgt25+invvol db10,CONTROL universe equal weight,CONTROL SPY buy&hold,CONTROL QQQ buy&hold
2024-01-02,100000.0,100000.0,100000.0,100000.0,100000.0,100000.0,100000.0,100000.0,100000.0,100000.0,100000.0,100000.0,100000.0,100000.0,100000.0,100000.0,100000.0
2024-01-03,100000.0,100000.0,100000.0,100000.0,100000.0,100000.0,100000.0,100000.0,100000.0,100000.0,100000.0,100000.0,100000.0,100000.0,100000.0,99183.34523947306,98941.8490761381
2024-01-04,100000.0,100000.0,100000.0,100000.0,100000.0,100000.0,100000.0,100000.0,100000.0,100000.0,100000.0,100000.0,100000.0,100000.0,100000.0,98863.84165233273,98432.64919248072
2024-01-05,100000.0,100000.0,100000.0,100000.0,100000.0,100000.0,100000.0,100000.0,100000.0,100000.0,100000.0,100000.0,100000.0,100000.0,100000.0,98999.2656771933,98549.39357882376
2024-01-08,101909.1977367257,101909.1977367257,101909.1977367257,101417.2008816583,101417.2008816583,101889.10890966559,101889.10890966559,101909.1977367257,101909.1977367257,101909.1977367257,101909.1977367257,101761.92834913424,101761.92834913424,101761.92834913424,101436.59736929742,100412.5710211211,100586.20827407742
2024-01-09,102505.3411601493,102505.34116014931,102505.34116014931,101859.71322501478,101859.71322501478,102478.97930864646,102478.97930864646,102505.3411601493,102505.3411601493,102505.3411601493,102505.3411601493,102279.04178592346,102279.04178592346,102279.04178592346,101418.8235390494,100260.22564462767,100784.91857494075
2024-01-10,104393.1343039839,104393.13430398391,104393.13430398391,103261.00649610901,103261.00649610901,104346.90781576982,104346.90781576982,104393.1343039839,104393.1343039839,104393.1343039839,104393.1343039839,104247.39754409359,104247.39754409359,104247.39754409359,102327.33617354903,100827.24390824692,101467.99565708761
2024-01-11,104633.6677743546,104633.66777435462,104633.66777435462,103439.5525060912,103439.5525060912,104584.91023022405,104584.91023022405,104633.6677743546,104633.6677743546,104633.6677743546,104633.6677743546,104440.37737889787,104440.37737889787,104440.37737889787,102308.6265163789,100782.81870873591,101679.13008944996
2024-01-12,105301.78891327657,105301.78891327657,105301.78891327657,103935.49331364466,103935.49331364466,105246.00094648181,105246.00094648181,105301.78891327657,105301.78891327657,105301.78891327657,105301.78891327657,105176.95118372815,105176.95118372815,105176.95118372815,102045.69067404275,100852.6325871709,101731.29021687197
2024-01-16,105663.15148099148,105663.15148099148,105663.15148099148,104178.33802729304,104203.72976540739,105569.38928354898,105603.56101276686,105663.15148099148,105663.15148099148,105663.15148099148,105663.15148099148,105423.57042466632,105423.57042466632,105423.57042466632,100920.6543402389,100482.37824808138,101721.35242773518
2024-01-17,105386.95144161336,105386.95144161336,105386.95144161336,103978.5917174029,103998.70875559996,105302.39768851335,105330.26733707578,105386.95144161336,105386.95144161336,105386.95144161336,105386.95144161336,105195.67190299515,105195.67190299515,105195.67190299515,100120.44854736741,99923.8406147027,101147.56828515678
2024-01-18,107412.15420589692,107412.15420589692,107412.15420589692,105486.70035676402,105502.00005393972,107318.21631030198,107334.15954765251,107412.15420589692,107412.15420589692,107412.15420589692,107412.15420589692,107089.31594018653,107089.31594018653,107089.31594018653,100687.49259351166,100812.44437704283,102583.27181278387
2024-01-19,110207.74818228104,110207.74818228102,110207.74818228102,107542.73321007678,107577.14639113918,110066.4197251918,110100.33639276124,110207.74818228104,110207.74818228104,110207.74818228104,110207.74818228104,109574.25916985644,109574.25916985644,109574.25916985644,101747.33513171901,102069.1806580437,104617.60016567532
2024-01-22,109961.85763767615,109961.85763767615,109961.85763767615,107329.76099663405,107394.62386916378,109804.68522802972,109857.03327483244,109961.85763767615,109961.85763767615,109961.85763767615,109961.85763767615,109244.81248771009,109244.81248771009,109244.81248771009,102467.48768677661,102284.99440610978,104754.22013029191
2024-01-23,110459.4790047975,110459.4790047975,110459.4790047975,107697.3046040415,107764.00410320969,110297.01953857618,110349.41833324598,110459.4790047975,110459.4790047975,110459.4790047975,110459.4790047975,109765.27355789709,109765.27355789709,109765.27355789709,103101.02361915025,102583.3063948608,105188.90554620356
2024-01-24,112059.2668609992,112059.26686099918,112059.26686099918,108850.2116973706,108951.51342614328,111867.93213642549,111932.37213923287,112059.2668609992,112059.2668609992,112059.2668609992,112059.2668609992,111242.04615651254,111242.04615651254,111242.04615651254,102645.26071814788,102695.43695532737,105772.61989760667
2024-01-25,112063.86438394841,112063.86438394841,112063.86438394841,108870.32329231832,108954.92612948606,111869.6022785537,111936.92128393501,112063.86438394841,112063.86438394841,112063.86438394841,112063.86438394841,111372.85923980357,111372.85923980357,111372.85923980357,102423.98840183065,103253.98789165546,105901.78841544871
2024-01-26,111805.28243779499,111805.282437795,111805.282437795,108740.3781399228,108762.98288488078,111643.8322509727,111681.06031197158,111805.28243779499,111805.28243779499,111805.28243779499,111805.28243779499,111209.02482171397,111209.02482171397,111209.02482171397,102322.56478574093,103122.81415912721,105270.87146072387
2024-01-29,113507.28606479047,113507.28606479047,113507.28606479047,110097.70973945143,110122.5543425902,113326.78258748338,113365.15430525433,113507.28606479047,113507.28606479047,113507.28606479047,113507.28606479047,112887.57450426811,112887.57450426811,112887.57450426811,104139.94867156191,103939.48887407828,106348.89038254727
2024-01-30,113335.02790294889,113335.02790294889,113335.02790294889,109944.96551704149,109969.7756519829,113147.99859220795,113194.70876033886,113335.02790294889,113335.02790294889,113335.02790294889,113335.02790294889,112702.8690232936,112702.8690232936,112702.8690232936,103380.04635297893,103859.09915087275,105640.97261771449
2024-01-31,112221.15347280406,112221.15347280406,112221.15347280406,109134.18452588355,109158.81170032555,112113.46182929545,112092.55527057832,112221.15347280406,112221.15347280406,112221.15347280406,112221.15347280406,111458.27120259861,111458.27120259861,111458.27120259861,101566.810236285,102164.39651835208,103571.87337331241
2024-02-01,113999.26272138483,113999.26272138483,113999.26272138483,110603.4582098052,110628.41693993229,113872.10486643812,113851.95405060418,113999.26272138483,113999.26272138483,113999.26272138483,113999.26272138483,113184.1497293403,113184.1497293403,113184.1497293403,102888.81801927462,103501.53582550789,104791.47736416479
2024-02-02,120251.08215127328,120251.08215127327,120251.08215127327,115771.0016240258,115797.12645983876,120058.24840010445,120037.98760656647,120251.08215127328,120251.08215127328,120251.08215127328,120251.08215127328,119449.86039043036,119449.86039043036,119449.86039043036,104855.92440776019,104591.13385028594,106562.51115727185
2024-02-05,121580.24401079425,121580.24401079425,121580.24401079425,116824.225278449,116850.58778427135,121374.1367815214,121355.6451485866,121580.24401079425,121580.24401079425,121580.24401079425,121580.24401079425,120528.60748000146,120528.60748000146,120528.60748000146,104182.49826184177,104210.31031790058,106423.41243060511
2024-02-06,120394.74451308804,120394.74451308805,120394.74451308805,115966.06081898129,115992.22967177059,120190.64698546336,120172.33565996037,120394.74451308804,120394.74451308804,120394.74451308804,120394.74451308804,119554.42560215887,119554.42560215887,119554.42560215887,106244.92797579752,104512.85929603453,106209.79165588052
2024-02-07,123234.71803607857,123234.7180360786,123234.7180360786,118021.87302976276,118048.50579627586,123025.80608256756,123007.06281396099,123234.71803607857,123234.71803607857,123234.71803607857,123234.71803607857,122180.67947267361,122180.67947267361,122180.67947267361,107892.71573989504,105384.54170674182,107302.71347125307
2024-02-08,123390.23222951144,123390.23222951147,123390.23222951147,118134.44731090342,118161.1054808817,123181.05664271214,123162.2897213205,123390.23222951144,123390.23222951144,123390.23222951144,123390.23222951144,122268.85220894747,122268.85220894747,122268.85220894747,108744.49309869463,105431.0887266816,107501.4313524285
2024-02-09,125316.7837525653,125316.78375256534,125316.78375256534,119529.04768788975,119556.0205628059,125104.34220590795,125085.28226747326,125316.7837525653,125316.7837525653,125316.7837525653,125316.7837525653,124382.35200693872,124382.35200693872,124382.35200693872,109864.38106505995,106040.4170208577,108559.57469597834
2024-02-12,124581.30308399683,124581.30308399687,124581.30308399687,119008.10439432682,119023.49752110515,124370.1083507837,124351.16027458999,124581.30308399683,124581.30308399683,124581.30308399683,124581.30308399683,123502.28369933038,123502.28369933038,123502.28369933038,110716.24900772273,105993.8633494432,108134.82706920347
2024-02-13,123180.03262633411,123180.03262633414,123180.03262633414,117991.6743658029,118008.91095445567,122971.21337750861,122952.47842622803,123180.03262633411,123180.03262633411,123180.03262633411,123180.03262633411,122022.5787435448,122022.5787435448,122022.5787435448,108146.15768770124,104534.01098557562,106448.24553297897
2024-02-14,125573.44902645273,125573.44902645276,125573.44902645276,119712.54279957167,119741.85844841004,125360.57237153515,125341.47339583687,125573.44902645273,125573.44902645273,125573.44902645273,125573.44902645273,124200.34353165163,124200.34353165163,124200.34353165163,110356.23931893343,105483.98125348371,107608.23794963474
2024-02-15,125248.85896902632,125248.85896902636,125248.85896902636,119502.17552902679,119506.83978364628,125036.53257092004,125017.48296344146,125248.85896902632,125248.85896902632,125248.85896902632,125248.85896902632,123551.1581954522,123551.1581954522,123551.1581954522,111527.55395120288,106211.7856149887,107928.66532156555
2024-02-16,124615.8181665175,124615.81816651755,124615.81816651755,119036.96495016626,119048.48808511852,124404.56492208749,124385.61159635473,124615.8181665175,124615.8181665175,124615.8181665175,124615.8181665175,123188.99991524155,123188.99991524155,123188.99991524155,110580.3774451937,105682.86034696753,106950.00155017384
2024-02-20,122428.23247614238,122428.23247614241,122428.23247614241,117512.8539962731,117464.57183061382,122280.41076402087,122202.06709919349,122428.23247614238,122428.23247614238,122428.23247614238,122428.23247614238,121145.27967392147,121145.27967392147,121145.27967392147,108986.20559680465,105101.02259772013,106142.72863490938
2024-02-21,121405.66177096221,121405.66177096224,121405.66177096224,116798.03445616928,116724.1819256874,121285.43226306811,121181.38541980677,121405.66177096221,121405.66177096221,121405.66177096221,121405.66177096221,120247.04096030231,120247.04096030231,120247.04096030231,107440.462956794,105196.24510950323,105717.97342782244
2024-02-22,129113.34235332118,129113.34235332122,129113.34235332122,122235.69970807953,122304.90985449153,128854.27966788673,128874.82737069116,129113.34235332118,129113.34235332118,129113.34235332118,129113.34235332118,127200.0951021288,127200.0951021288,127200.0951021288,110043.7189070684,107373.31268715586,108812.93904693799
2024-02-23,128635.02477874552,128635.02477874556,128635.02477874556,121893.66103711845,121958.58514386693,128378.18590574463,128397.39340663873,128635.02477874552,128635.02477874552,128635.02477874552,128635.02477874552,126721.93572019937,126721.93572019937,126721.93572019937,110035.14650989596,107447.37020644847,108492.51167500716
2024-02-26,128709.47649499307,128709.47649499311,128709.47649499311,121989.85728773443,122060.05261381295,128509.10217826148,128531.51726458981,128709.47649499307,128709.47649499307,128709.47649499307,128709.47649499307,126682.86956245676,126682.86956245676,126682.86956245676,110834.37631639591,107053.84900886375,108435.37886286073
2024-02-27,128323.44749313447,128323.44749313452,128323.44749313452,121771.76271238257,121841.83254261928,128202.52317923482,128224.88479079278,128323.44749313447,128323.44749313447,128323.44749313447,128323.44749313447,126225.33185850682,126225.33185850682,126225.33185850682,111355.68747748788,107252.72145087288,108696.19466059493
2024-02-28,127533.83705174988,127533.83705174993,127533.83705174993,121316.75400850226,121386.56201792005,127562.9102371936,127585.16028483064,127533.83705174988,127533.83705174988,127533.83705174988,127533.83705174988,125565.12547097253,125565.12547097253,125565.12547097253,111044.21334200815,107110.97187357409,108117.4378332921
2024-02-29,128564.61100547339,128564.61100547343,128564.61100547343,121922.61935725904,121992.77599333039,128414.58475439384,128436.98335460422,128564.61100547339,128564.61100547339,128564.61100547339,128564.61100547339,126531.08000470104,126531.08000470104,126531.08000470104,110371.48924640725,107496.02574386768,109043.94147726183
2024-03-01,133308.7809787506,133308.78097875064,133308.78097875064,124713.08568245263,124784.8480068817,132337.18746661273,132360.270263327,133308.7809787506,133308.7809787506,133308.7809787506,133308.7809787506,130633.77165212309,130633.77165212309,130633.77165212309,111413.38826509124,108505.23404544021,110685.80675252684
2024-03-04,134905.27444659188,134905.2744465919,134905.2744465919,125627.51501137415,125699.80351614598,133625.28388331184,133648.5913551028,134905.27444659188,134905.27444659188,134905.27444659188,134905.27444659188,132164.35571011578,132164.35571011578,132164.35571011578,110019.33305016809,108388.86649559074,110290.86491285029
2024-03-05,132073.05917334586,132073.0591733459,132073.0591733459,123980.48123912058,124051.82200876692,131290.53956716383,131313.43980324527,132073.05917334586,132073.05917334586,132073.05917334586,132073.05917334586,128978.1978349878,128978.1978349878,128978.1978349878,108420.51736793897,107305.6206291497,108311.18302974312
2024-03-06,133386.4386500317,133386.4386500317,133386.4386500317,124744.25805168152,124816.03831329549,132373.22748891325,132396.31657187652,133386.4386500317,133386.4386500317,133386.4386500317,133386.4386500317,129791.6753765046,129791.6753765046,129791.6753765046,109014.71029405261,107849.35873132432,108991.78134983982
2024-03-07,139432.36801393467,139432.36801393467,139432.36801393467,128260.18070808153,128333.98409967383,137357.20570255624,137381.16411150518,139432.36801393467,139432.36801393467,139432.36801393467,139432.36801393467,135441.75810565279,135441.75810565279,135441.75810565279,110186.88752473619,108919.91358404071,110646.07075660385
2024-03-08,134775.04751716027,134775.04751716027,134775.04751716027,125551.78342668252,125624.02835403408,133517.9309620237,133541.21970887642,134775.04751716027,134775.04751716027,134775.04751716027,134775.04751716027,131714.57803828438,131714.57803828438,131714.57803828438,109086.58635881766,108266.16674182833,109048.9065816742
2024-03-11,132220.27334557127,132220.27334557127,132220.27334557127,124148.73296560788,124137.4815402804,131530.36943708805,131434.81737153075,132334.3336928358,132220.27334557127,132220.27334557127,132220.27334557127,129765.45826299151,129930.72386700034,129765.45826299151,109426.01680450198,108173.07935342345,108644.03453317292
2024-03-12,136544.45221336145,136544.45221336148,136544.45221336148,126354.61541109618,126653.59211846758,134650.7182849052,135000.08767037242,136264.02814435022,136544.45221336145,136544.45221336145,136544.45221336145,133660.57442774152,133203.73748824204,133660.57442774152,110800.69341208927,109336.73489749413,110201.44755155541
2024-03-13,134986.07099769832,134986.07099769832,134986.07099769832,125525.52081909725,125746.8166169301,133477.91582656628,133715.2078278982,134787.0281235093,134986.07099769832,134986.07099769832,134986.07099769832,132399.94765219692,132098.75612780813,132399.94765219692,110728.3385372902,109165.34634893904,109354.43106005585
2024-03-14,134817.6838012087,134817.68380120874,134817.68380120874,125457.10908781165,125648.83713475033,133381.14345896768,133576.37317542316,134665.15526423644,134817.6838012087,134817.6838012087,134817.6838012087,133157.85957598357,132734.34418164514,133157.85957598357,109346.31454401602,108949.54590382233,109078.71994908457
2024-03-15,132815.95647705268,132815.9564770527,132815.9564770527,124396.20496540515,124484.09176945763,131880.43295521152,131925.95602261924,132775.1955105168,132815.95647705268,132815.95647705268,132815.95647705268,130955.83205999521,130827.55784993128,130955.83205999521,109119.95562062069,108201.42793858827,107782.11514812423
2024-03-18,133904.9355283246,133904.93552832463,133904.93552832463,124973.11099249513,125117.73616625609,132696.46022798988,132831.78574167925,133802.83099349067,133912.81007589318,133904.9355283246,133904.9355283246,131754.20479454956,131531.32640622085,131754.20479454956,109985.44912611292,108844.49251243492,108666.38887349665
2024-03-19,134126.79386736467,134126.7938673647,134126.7938673647,125078.25670708652,125246.82890982312,132845.3556267606,132980.83298584423,133990.54880757577,134100.68218441878,134126.79386736467,134126.79386736467,132033.16747138108,131834.47769345297,132033.16747138108,111196.3791946273,109449.34436413897,108937.1348800556
2024-03-20,135699.1379634529,135699.13796345293,135699.13796345293,125900.40717585039,126161.72899459681,134009.5915860848,134146.2562475952,135458.34318650197,135569.6830152395,135699.1379634529,135699.1379634529,133294.898186996,133061.901748818,133294.898186996,112750.55002559203,110461.68551029448,110228.76699629148
2024-03-21,137697.99354022677,137697.99354022683,137697.99354022683,126966.14038196311,127324.80337582825,135518.76170608462,135656.96543820313,137361.00853645807,137473.91225878263,137697.99354022677,137697.99354022677,135004.97045350797,134710.242259818,135004.97045350797,112892.3105611299,110826.73174469512,110750.39101144786
2024-03-22,138546.31433694882,138546.31433694885,138546.31433694885,127367.08920846664,127818.41591952476,136086.53981897203,136225.32257832802,138076.82693727198,138190.31902570435,138546.31433694882,138546.31433694882,135395.80746378028,135098.63765753724,135395.80746378028,112262.48224286738,110616.61165897091,110877.0731869277
2024-03-25,138065.5765428069,138065.57654280693,138065.57654280693,127107.29258064667,127538.68895027638,135719.44798845338,135866.2099436945,137614.60904154132,137737.66223057374,138065.5765428069,138065.5765428069,134698.91415565566,134456.747691332,134698.91415565566,111677.09562114537,110311.00300247569,110474.67990047656
2024-03-26,136514.82626306845,136514.82626306848,136514.82626306848,126354.33962001145,126636.3536625202,134647.69944157635,134772.35368619135,136256.4829450533,136358.87067577295,136514.82626306845,136514.82626306845,133620.39975205192,133456.4490650507,133620.39975205192,111571.97224161972,110107.26168098729,110116.9952946729
2024-03-27,135120.06489578504,135120.06489578506,135120.06489578506,125682.20860131975,125824.7836656338,133690.9923426547,133810.5857948048,135044.13805172272,135146.57478476688,135120.06489578504,135120.06489578504,132546.31269834092,132549.86047855648,132546.31269834092,112382.88081235647,111032.58158366292,110492.06155607585
2024-03-28,134866.7750067726,134866.77500677263,134866.77500677263,125555.9863774222,125677.40184157487,133511.32841659524,133632.6609267908,134816.46686216074,134922.30280778272,134866.7750067726,134866.7750067726,132400.082091823,132404.15906222325,132400.082091823,112650.36762628557,111011.35672790014,110288.38615080016
2024-04-01,135725.54218407648,135725.5421840765,135725.5421840765,126005.27690574041,126177.09282223924,134149.8024610549,134285.8293634391,135624.22298395657,135745.6131085061,135725.54218407648,135725.54218407648,133196.46823431627,133191.1296987306,133196.46823431627,112387.72749158565,110818.2245085558,110521.87492348625
2024-04-02,135101.35252285012,135101.35252285015,135101.35252285015,125703.09817644408,125813.89549450952,133721.11947832583,133852.6561087317,135082.81337488026,135199.60386710963,135101.35252285012,135101.35252285012,132421.45389965764,132547.0852333273,132421.45389965764,110227.75438328914,110113.62714227372,109568.04425446835
2024-04-03,135963.33234619597,135963.33234619602,135963.33234619602,126165.7772598061,126315.45581798725,134377.49476312456,134512.0375588476,135911.78933302977,136030.74559032588,135963.33234619597,135963.33234619597,133009.85799252082,133102.70427222206,133009.85799252082,110460.75458929356,110234.58420966515,109813.95715865343
2024-04-04,133523.3521518131,133523.35215181316,133523.35215181316,124951.93238746999,124895.70419221991,132655.48527008313,132786.48580615714,133736.95962433008,133855.71009762594,133523.3521518131,133523.3521518131,130828.48662478097,131246.24062965694,130828.48662478097,109281.22122780756,108889.06404438928,108134.82706920347
2024-04-05,136394.90191446964,136394.9019144697,136394.9019144697,126396.35065120064,126566.57326459557,134704.5955137007,134815.09695170503,136324.90461082917,136412.74800481927,136394.90191446964,136394.90191446964,133439.5736781775,133524.11950487972,133439.5736781775,110456.29969784549,110026.60589879384,109409.07752984008
2024-04-08,135932.95631888942,135932.95631888948,135932.95631888948,126161.43101576467,126364.92223577312,134370.0036736067,134464.66659661088,135900.6544190535,135968.01666592897,135932.95631888942,135932.95631888942,133204.3544983895,133295.18345143978,133204.3544983895,111406.98689361422,110088.14534270395,109441.3696593006
2024-04-09,134769.7277624397,134769.72776243975,134769.72776243975,125585.08513355069,125787.64674039787,133550.5886750968,133644.67432477514,134863.50820352958,134930.3563653205,134769.7277624397,134769.7277624397,132340.5851619739,132588.47411891172,132340.5851619739,111993.22182773192,110215.50112875526,109846.24928811395
2024-04-10,135021.48723271542,135021.48723271547,135021.48723271547,125709.82462107208,125912.58742562521,133727.93601136788,133822.14660126192,135087.97946532158,135154.93889139316,135021.48723271542,135021.48723271542,132261.27062874965,132523.58142305922,132261.27062874965,110620.99429551173,109111.90174973694,108887.45351468372
2024-04-11,137931.9783840112,137931.97838401125,137931.97838401125,127151.88824732043,127356.97701856773,135778.17806326615,135873.83303732472,137683.0024865027,137751.2481946908,137931.9783840112,137931.9783840112,134744.41931354682,134555.21680951933,134744.41931354682,111634.07045305206,109935.36096888041,110626.19517833025
2024-04-12,135232.5723863987,135232.57238639877,135232.57238639877,125814.41116895841,126017.34266567088,133876.63107213803,133970.9464168784,135276.18509961592,135343.23781408597,135232.5723863987,135232.5723863987,132350.98447588785,132596.98251563875,132350.98447588785,110140.77622122168,108417.9134855989,108862.61283199777
2024-04-15,132607.15931593307,132607.15931593312,132607.15931593312,124566.71194864926,124714.42878652454,132102.53139125637,132120.21947570966,133030.43462018057,133001.23296833533,132607.15931593307,132607.15931593307,129895.7703547657,130588.20232444545,129895.7703547657,108264.97970086301,107059.63579185141,107071.7110409292
2024-04-16,133359.55206604546,133359.5520660455,133359.5520660455,124924.50494861323,125087.81877521562,132611.25494471999,132650.60212240156,133674.37731350583,133672.4063872893,133359.55206604546,133359.55206604546,130482.9955912327,131068.65183499346,130482.9955912327,108184.03509058164,106864.38840355295,107081.648830066
2024-04-17,131131.4668975031,131131.46689750315,131131.46689750315,123857.81699296128,123982.08683433704,131094.59786285777,131079.96270758804,131754.59152907383,131684.83867073723,131131.4668975031,131131.4668975031,128753.44434877633,129653.5865477703,128753.44434877633,107919.8232641832,106231.91962890093,105775.10623996888
2024-04-18,130366.34652804499,130366.34652804505,130366.34652804505,123496.73047728636,123602.38050934044,130581.1914647996,130540.60800682774,131104.72128720058,131002.31155414307,130366.34652804499,130366.34652804499,127507.65227075436,128634.31803381589,127507.65227075436,107829.10353214404,106013.33221588559,105171.5163102922
2024-04-19,125227.38312728649,125227.38312728654,125227.38312728654,121015.60531121373,121052.06687885112,127053.43432254271,126918.00929180835,126639.28338853094,126418.08923800406,125227.38312728649,125227.38312728649,123589.57458114323,125428.66815475363,123589.57458114323,106239.78043498087,105088.01231320997,102995.6028883718
2024-04-22,127358.246279849,127358.24627984906,127358.24627984906,122039.68483497656,122109.55044487253,128503.31078516411,128420.11419436823,128466.60747956215,128318.92986574108,127351.85634567673,127358.246279849,125386.70300727763,126899.0230017676,125386.70300727763,107085.06357906853,106055.78857888583,104031.39947191
2024-04-23,130658.54910995941,130658.54910995947,130658.54910995947,123629.01240751173,123747.39189965517,130732.74514352641,130746.58976136064,131250.22943481387,131262.97143676606,130660.39681471117,130658.54910995941,128363.64965143264,129334.66859274554,128363.64965143264,108628.34011268633,107314.30745510587,105583.84738588013
2024-04-24,129395.05820610463,129395.05820610469,129395.05820610469,123012.58052652399,123120.35920399042,129868.04334207726,129855.91976280267,130170.58207483163,130135.87191376988,129377.1561160063,129395.05820610463,127467.58328630231,128601.53483109803,127467.58328630231,109022.56327828021,107263.3771133398,105941.53199168379
2024-04-25,127658.88717272422,127658.8871727243,127658.8871727243,122211.38790516459,122258.74951620061,128744.16781849608,128632.04434978659,128767.33619289917,128587.11716010072,127709.29465241193,127658.88717272422,125743.11542961407,127190.62861275092,125743.11542961407,108567.3305875854,106855.88781888832,105429.84576566423
2024-04-26,131047.64224108814,131047.64224108821,131047.64224108821,123871.17276478343,123940.48716779832,131072.43636267117,131020.87236797383,131674.36030553043,131610.06272262995,131164.50770781754,131047.64224108814,128722.96492680837,129628.64922822594,128722.96492680837,110119.02250959381,107868.22896504386,107056.80814738007
2024-04-29,130135.46076642114,130135.4607664212,130135.4607664212,123420.86093722773,123487.79882057646,130438.37779043027,130377.85019009541,130879.71391472819,130796.34946055071,130216.47493819903,130135.46076642114,127828.28649664459,128896.65103200365,127828.28649664459,110955.98447483426,108250.24976287493,107491.4935632917
2024-04-30,128280.44613134438,128280.44613134443,128280.44613134443,122581.1586034316,122567.21061247689,129254.01196097225,129070.1986056573,129392.86047293035,129141.58004039328,128439.63332293389,128280.44613134438,125709.67711262895,127163.27041689797,125709.67711262895,109094.47645028589,106535.41976791674,105464.61665717485
2024-05-01,127086.92558824329,127086.92558824335,127086.92558824335,122107.05061792578,121974.9021113324,128585.30202066788,128228.852667068,128553.36168668033,128076.89771406131,127436.40305326458,127086.92558824329,125172.67096966685,126723.90861409182,125172.67096966685,109022.28539461689,106189.48987179948,104702.05242255783
2024-05-02,127052.41408830322,127052.41408830328,127052.41408830328,122113.70868235786,121957.77508748694,128594.69294848396,128204.52454764264,128565.1510620555,128046.11166328593,127450.49176718602,127052.41408830322,124908.29428339464,126507.60379333173,124908.29428339464,109938.6929071877,107182.72133114633,106038.40079975325
2024-05-03,129670.75681059145,129670.75681059153,129670.75681059153,123319.95223634299,123257.1801645806,130296.05019121713,130050.26740306786,130701.03577703678,130381.80939116665,130002.9483444789,129670.75681059145,127290.80587044284,128456.90102169872,127290.80587044284,110743.06008719433,108511.2935388905,108169.6055410262
2024-05-06,132571.78198470984,132571.7819847099,132571.7819847099,124748.04159371142,124691.51115240199,132309.14606967484,132071.53658631985,133226.81424934138,132919.2146738679,132921.03006880195,132571.78198470984,129892.4127974644,130461.52679869854,129770.20304280607,112978.14454609065,109631.86748133929,109354.43106005585
2024-05-07,133170.71351802934,133170.71351802943,133170.71351802943,125044.14216228176,124987.47754094352,132726.4922213911,132488.13324031478,133750.38484953044,133441.57643261424,133521.53943178762,133170.71351802934,130868.63255918499,131206.13485250977,130692.91186603004,111762.71245644413,109752.8378516801,109371.82029596723
2024-05-08,133420.8230166003,133420.8230166004,133420.8230166004,125167.79162906014,125111.0709751074,132900.77297124203,132662.10100531045,133969.02416470228,133659.71094429807,133772.30782067357,133420.8230166003,131026.24985525361,131326.35686877568,130841.88945845138,110819.5522724891,109763.43365087474,109307.2360370462
2024-05-09,133183.51202089502,133183.5120208951,133183.5120208951,125050.46950316225,124993.80201454557,132735.41044596536,132497.03544895363,133761.57297280355,133452.73872428585,133534.37165112403,133183.51202089502,131113.92432227702,131393.23024792568,130924.75809875772,110957.76362134128,110395.89577405209,109545.68991414463
2024-05-10,133856.3667973044,133856.36679730445,133856.36679730445,125383.11634303702,125326.29811319492,133204.26762909273,132965.05062745506,134349.7653779892,134039.5730865344,134208.99900113855,133856.3667973044,131567.97525176144,131739.55593420222,131353.92048130353,110194.30101431617,110538.10430310506,109804.01936951664
2024-05-13,134580.1090517079,134580.10905170796,134580.10905170796,125755.08060852633,125683.94063050157,133730.50453150907,133468.4614261288,135012.40455949496,134670.789270451,134934.64788749602,134580.1090517079,132400.4475219568,132374.52111444963,132140.76125109574,111718.58692199347,110552.950394632,110057.37614016421
2024-05-14,136204.83517691967,136204.83517691973,136204.83517691973,126548.76516399659,126486.81090347402,134855.12228716788,134598.56633757008,136430.71615623857,136087.8039858776,136563.6542032424,136204.83517691967,133877.95279344148,133501.48285793763,133537.27790012973,113387.79690722437,111060.15194628801,110765.29390499703
2024-05-15,139516.95151733456,139516.95151733462,139516.95151733462,128171.09099008363,128123.5173668472,137153.88999898295,136902.36319630514,139329.806880604,138976.48628176987,139884.4960074691,139516.95151733456,136852.30650172703,135770.16027353244,136348.59407876048,114303.46417320252,112435.43746083944,112496.58412186897
2024-05-16,138370.28241964625,138370.2824196463,138370.2824196463,127626.68540871119,127556.88246316455,136382.49010355666,136104.77869330067,138356.95596134302,137976.4118938865,138734.80611621932,138370.28241964625,135732.65590845776,134916.15087739658,135290.31650454225,114645.45542815613,112204.11247377656,112268.06803390734
2024-05-17,137447.9882794924,137447.98827949245,137447.98827949245,127184.73358299019,127101.12408236685,135756.26288655208,135463.26187307623,137567.18955439725,137172.02748209558,137810.08227755345,137447.9882794924,135033.33874152572,134382.74926529615,134629.33201573935,114367.81381004417,112365.38412931531,112213.42156412311
2024-05-20,138718.61529586706,138718.61529586712,138718.61529586712,127846.33237060209,127729.0136962856,136696.99209356314,136347.0673400609,138757.71408973227,138280.2125183809,139084.05664314848,138718.61529586706,136080.73269131535,135181.6451708164,135619.31365384813,113493.31226680882,112494.83512989664,112995.85379670165
2024-05-21,139000.41232817827,139000.41232817832,139000.41232817832,127993.93408015103,127868.26575652132,136907.10517412762,136543.07588901123,139023.9180592789,138525.9835042426,139366.5960436482,139000.41232817827,136447.4272029198,135461.3400687642,135965.90801154572,113392.15439912256,112770.75160333798,113216.91843788873
2024-05-22,138434.97242037172,138434.97242037178,138434.97242037178,127698.21829868594,127588.84949916841,136486.14965806316,136149.77488460118,138490.58605977727,138032.83166922373,138799.6665367617,138434.97242037172,135867.75960277423,135019.20072624454,135418.01456565942,113620.70821786288,112446.05321445818,113194.56409756499
2024-05-23,140793.47754369144,140793.4775436915,140793.4775436915,128956.5461777652,128754.32201960306,138277.39684511468,137790.27181646132,140760.0169317216,140089.81617528468,141164.38492344192,140793.47754369144,137288.88360064174,136103.15785943303,136761.24044895498,112046.31091082298,111624.7158157435,112685.36421390761
2024-05-24,142870.42117652216,142870.4211765222,142870.4211765222,130069.92815045283,129780.65887451259,139862.31152422828,139234.92403434988,142768.0336522384,141901.23512470862,143246.80007195775,142870.42117652216,139122.57659527875,137501.8004863939,138494.4205909483,113140.09628425866,112363.26896036121,113750.9665845441
2024-05-28,145065.3017659492,145065.30176594923,145065.30176594923,131179.89854517241,130865.27513729688,141450.8292407937,140761.60923725768,144791.180451061,143815.5135040367,145447.4628710616,145065.3017659492,140470.02029737295,138529.55824338534,139768.0049225425,112768.0194979574,112441.79627065116,114180.67931573131
2024-05-29,144182.43510648428,144182.4351064843,144182.4351064843,130692.40576018063,130429.00013384639,140751.32963476135,140147.51684806868,143897.91995755484,143045.5160079613,144562.2703811318,144182.43510648428,139452.22028155485,137753.23500279489,138805.9950435193,111978.90895629817,111654.42130174681,113375.89274282906
2024-05-30,141404.04424156548,141404.04424156548,141404.04424156548,129284.12978839476,129056.03800962947,138730.6053947797,138214.96150004724,141317.45655731906,140622.32561315945,141776.56010274577,141404.04424156548,137103.3918604753,135961.6747128514,136585.91633444914,111490.27954606064,110913.7396852256,112161.25385638904
2024-05-31,141010.89605942534,141010.89605942537,141010.89605942537,129093.10333265303,128861.76096600013,138456.5030190177,137941.50083202057,140967.42802072965,140279.43904859264,141382.37620812355,141010.89605942534,137003.36300715525,135885.37807072612,136491.37050659914,111929.0477379186,111923.96566242701,111952.60576638888
2024-06-03,143190.0535517689,143190.0535517689,143190.0535517689,130146.78925160051,129938.60754560429,139967.90847434054,139457.24957680085,142896.82749031694,142170.7422306542,143567.27448910056,143190.0535517689,138675.78688323626,137161.0132671714,138072.1214062845,112586.22929964786,112015.21059234043,112553.71693401544
2024-06-04,144786.0351941215,144786.03519412153,144786.03519412153,130971.55177456458,130727.27352257789,141149.66824520304,140567.36079161108,144403.7819102404,143670.03953592715,145167.46059730928,144786.0351941215,140305.52982017456,138404.09373334376,139612.53089855856,112621.37207329395,112140.43125501355,112861.72017444724
2024-06-05,149756.9526181984,149756.95261819844,149756.95261819844,133568.51661542075,133183.68864834064,144870.7255069208,144024.9639581669,149148.79339700082,148390.94074005936,150151.47344305547,149756.9526181984,144576.50420522527,141661.76382918906,143649.39421907184,113422.51157173082,113473.22714919125,115136.98874679931
2024-06-06,149519.32074632647,149519.3207463265,149519.3207463265,133471.92729836458,133066.2611244791,144732.32764570147,143859.6752111281,148972.31144710316,148215.3555276517,149913.2155520207,149519.32074632647,144606.02667622588,141684.28198599909,143677.29843238916,114028.78352213274,113471.12528318654,115097.24517056422
2024-06-07,149283.65351494204,149283.6535149421,149283.6535149421,133336.75539938296,132949.80444205354,144538.6467885822,143695.753002012,148725.33382027343,147969.63283990958,149676.92747713692,149283.65351494204,144339.08146845142,141480.67050482513,143424.9856763999,113412.15324820232,113333.16039499118,114995.40367777033
2024-06-10,151027.8512288129,151027.85122881297,151027.85122881297,134362.83595225017,133954.54046865928,146021.09104517894,145143.49289160658,150504.89770332287,149740.15442911102,151425.72011838018,151027.8512288129,145961.40982214327,143029.0170532769,145040.07645939,113856.6294608218,113683.30732606727,115459.89488078027
2024-06-11,151416.48308363045,151416.4830836305,151416.4830836305,134586.52796439664,134177.5527360115,146344.3597769711,145464.81875309075,150892.1838699316,150125.47272294204,151815.37578783368,151416.48308363045,146181.08852813678,143238.36086341704,145258.36851584946,114159.3126202477,113957.12193350388,116252.26490249559
2024-06-12,153832.11582990835,153832.1158299084,153832.1158299084,135976.93830498867,135563.7379628779,148353.71265086625,147462.09525939147,153299.4521744812,152520.50925116258,154237.37229490498,153832.11582990835,148200.62846815982,145162.89052532724,147265.16077464345,115080.61923286981,114893.05093832353,117774.90702936742
2024-06-13,157882.64925226898,157882.64925226904,157882.64925226904,138308.37861355452,137888.0935999905,151722.9959103227,150811.1288634988,157335.96009945113,156536.50693138945,158298.57647250578,157882.64925226898,151140.14762095778,147964.11851255302,150186.12518020227,114991.39248708596,115124.38922833581,118413.27543086684
2024-06-14,159912.46764649838,159912.46764649844,159912.46764649844,139476.71866408957,139052.88335358107,153411.42368570145,152489.40905617218,159358.74998419214,158549.01864589745,160333.74223534277,159912.46764649838,152770.48306523007,149517.7540011038,151806.16966853544,114578.84105707881,115194.45586280934,119026.80314968033
2024-06-17,161446.22925882958,161446.22925882964,161446.22925882964,140306.9773177827,139933.016184958,154614.85486131458,153757.54306341946,160887.20074798845,160069.70306813667,161871.5444006223,161446.22925882958,153867.7511780722,150563.40058049696,152896.51163753256,115453.76601912975,116111.25522639624,120484.86101763112
2024-06-18,161293.7428585574,161293.74285855747,161293.74285855747,140227.93897214788,139845.51348170932,154498.7706395464,153631.46532860515,160735.242351657,159918.51680057534,161718.65628904817,161293.7428585574,153422.6553477489,150139.24450867396,152454.22532815454,115195.7321718394,116406.26143222213,120522.11825150398
2024-06-20,159052.59763847137,159052.59763847143,159052.59763847143,139137.23533726064,138559.45607081673,152896.8458824092,151778.45737357426,158501.85738760617,157696.48007937934,159471.6069793997,159052.59763847137,151889.1606041625,148677.89380105605,150930.41026545502,114564.93600246376,116090.05032505757,119593.13584548412
2024-06-21,156619.3563142502,156619.35631425027,156619.35631425027,137949.79889822274,137163.16634828615,151152.84891716723,149766.6218664943,156077.04147709854,155283.98510783823,157031.95550621703,156619.3563142502,150259.0341034738,147124.45742623223,149310.5734018178,114019.59617798512,115934.39251416431,119272.70847355333
2024-06-24,153523.60837150278,153523.60837150287,153523.60837150287,136323.2439650086,135386.70423046188,148775.20737850748,147207.01728876808,152992.01296316847,152214.63219545188,153928.05210216664,153523.60837150278,148217.18696972524,145178.67002380997,147281.61475611723,114034.6933220888,115557.53326069923,117727.71200635776
2024-06-25,157747.3007742271,157747.30077422716,157747.30077422716,138764.6562386104,137810.42531161776,152338.73554416938,150699.22098521175,157201.08028307118,156402.31246435014,158162.87143143115,157747.3007742271,152100.03319138556,148878.84578073805,151139.95178887062,114272.30440364615,116002.54352392469,119073.99817268997
2024-06-26,157497.97045788285,157497.9704578829,157497.9704578829,138597.46756487677,137667.3497544335,152094.70402426942,150493.07144368475,156952.61330528924,156155.10799332397,157912.88427745536,157497.97045788285,151472.26046867622,148280.60694334298,150516.1416748697,114839.36245794246,116147.30621926187,119319.90349656297
2024-06-27,157600.73402119504,157600.7340211951,157600.7340211951,138668.6982696238,137726.31953514332,152198.67360997625,150578.03769156468,157055.02103643343,156256.99537180975,158015.91856185964,157600.73402119504,151876.6559334235,148665.97741887774,150917.98452633468,115421.95982427862,116330.43462065974,119627.90673699479
2024-06-28,156013.03794873782,156013.03794873788,156013.03794873788,137725.35930485025,136815.23698594992,150821.75951517757,149265.3099726882,155472.82256757547,154682.8363465579,156424.03985111302,156013.03794873782,150166.91185123142,147036.6691119489,149219.0326409747,113822.42222095534,115872.64022306385,119006.92757140673
2024-07-01,157718.86888262507,157718.86888262516,157718.86888262516,138631.76087082046,137794.10997222218,152145.7814292027,150675.71312822733,157172.74684058188,156374.12298933242,158134.36463864337,157718.86888262507,151928.611195994,148715.48841983773,150969.61183840898,115030.11266266511,116111.10889395289,119704.91512741482
2024-07-02,157805.25176378613,157805.25176378622,157805.25176378622,138652.17667585728,137843.67987224285,152175.60872754827,150747.13561550542,157258.83060981176,156459.76935097924,158220.97508750617,157805.25176378613,151880.26019501395,148669.41211615838,150921.56603721002,115706.85578699868,116892.52414152742,120961.77635214006
2024-07-03,160010.47824616582,160010.47824616593,160010.47824616593,139770.96118681258,139109.12569652195,153810.14233190613,152570.4454920236,159456.4212094448,158646.19358555583,160432.01103485972,160010.47824616582,152926.28262466358,149666.22389144867,151960.98579452455,116686.1871472806,117414.18599917788,121970.2459106301
2024-07-05,162171.36078078946,162171.36078078955,162171.36078078955,140989.6745139974,140349.12521677365,155590.67099301657,154357.09121701197,161609.82140799295,160788.65195866404,162598.58621443287,162171.36078078946,155605.20410159242,152219.1141522964,154622.99746127892,118208.79928689782,118091.22630578425,123242.0100289045
2024-07-08,162848.221306605,162848.2213066051,162848.2213066051,141361.5460948319,140728.8649769082,156135.03456064832,154908.63180663704,162284.33821643866,161459.74142221623,163277.22986662944,162848.221306605,155868.36242025264,152469.75890251042,154884.49467965955,118130.35965554584,118227.50171940621,123535.11037578715
2024-07-09,162850.56973799775,162850.56973799787,162850.56973799787,141362.82334414974,140730.1365097384,156136.9150327621,154910.49750809936,162286.6785160831,161462.06983036452,163279.5844847472,162850.56973799775,155369.459452318,151993.75832166633,154388.7408725181,118145.74874398748,118342.46580809432,123641.9169729934
2024-07-10,165155.06598046335,165155.06598046346,165155.06598046346,142616.1775033215,141977.88112704764,157982.20671708824,156741.29487467048,164583.19514138097,163746.9174291382,165590.1517091777,165155.06598046335,157499.0314362373,154025.57125212715,156504.87063414347,119592.29085688402,119513.51114055497,124931.07032717916
2024-07-11,159595.521056983,159595.52105698313,159595.52105698313,139592.4890179407,138967.72553419688,153530.48237625806,152324.53774672147,159042.90086335572,158234.77441297175,160015.9606793851,159595.521056983,152605.93512177235,149357.0949400831,151642.6603798171,119241.36790411716,118482.98486257388,122191.31055181718
2024-07-12,159569.9325328702,159569.9325328703,159569.9325328703,139578.572100858,138953.87090400123,153509.99273956896,152304.20905114937,159017.40094282688,158209.40406226434,159990.30474467494,159569.9325328702,152670.0741774498,149418.2896607392,151706.39457881416,120219.32912134685,119230.30465084413,122909.16610578676
2024-07-15,159543.33162691156,159543.33162691165,159543.33162691165,139571.60513844906,138939.4681305821,153501.0668620746,152283.07607306936,158990.89214595567,158183.02996150218,159963.63376109267,159543.33162691156,152635.7815369976,149385.5712408799,151672.31839936884,120456.7570977204,119558.1957475792,123239.52368654226
2024-07-16,157665.28618392983,157665.28618392991,157665.28618392991,138546.7009160074,137922.62069583195,151997.09852472943,150791.07075409644,157119.34967893132,156320.9971485549,158080.64078128993,157665.28618392983,150992.1483698934,147817.3898659022,150039.06012570276,122108.94466834518,120267.18973863695,123286.71870955193
2024-07-17,149570.5020559394,149570.5020559395,149570.5020559395,134148.29660423152,133539.78719935648,145542.77755023478,144360.203481937,149052.59479100074,148295.23093700226,149964.53169405466,149570.5020559394,144079.66087179026,141222.22351963667,143170.20542999156,119854.83984147028,118580.92117603394,119667.65031322987
2024-07-18,150239.51784270187,150239.51784270193,150239.51784270193,134533.91739534526,133902.0185761951,146108.64648448056,144891.70026549813,149719.29402382,148958.54254747834,150635.30994095947,150239.51784270187,143509.03742931015,140677.79482804512,142603.18386019662,117199.07322141549,117669.64253644676,119101.31761742604
2024-07-19,149268.137200935,149268.13720093505,149268.13720093505,134024.0262981831,133376.07501213608,145360.420407512,144119.99099207262,148751.27691352807,147995.44411150008,149661.3702868373,149268.137200935,143194.47614313808,140377.67363303836,142290.60813861954,115435.63083608454,116888.2671977204,118045.65303592636
2024-07-22,153091.64524909592,153091.645249096,153091.645249096,136110.2413291662,135446.27217645297,148408.97866066726,147157.56091153884,152561.54556910507,151786.3520859846,153494.9510129116,153091.64524909592,146442.4560986171,143476.55346487873,145518.08628955873,116881.33704277694,118093.36808063716,119804.2702778465
2024-07-23,153508.99953282607,153508.99953282613,153508.99953282613,136339.55281147442,135672.24414873883,148741.70715788152,147489.12627037964,152977.45470949062,152200.14791495868,153913.40477785713,153508.99953282607,146810.3395374197,143827.54903277018,145883.64758522646,116883.99270384453,117908.13781323457,119382.00141312178
2024-07-24,145412.24972370634,145412.2497237064,145412.2497237064,131909.79508780266,131288.34635543212,142314.17629207234,141056.6973710981,144908.74094685662,144172.43278210802,145795.32483108764,145412.24972370634,139993.36016554257,137323.50646503636,139109.69815212674,112949.02228563483,115236.04088262409,115099.73151292645
2024-07-25,142300.78191550547,142300.78191550553,142300.78191550553,130208.01289322978,129603.67569376084,139844.9086108965,138584.80483143823,141808.04699954638,141087.4940353114,142675.6601490539,142300.78191550547,136744.72444927265,134224.0009754281,135881.56837967088,112782.18805112399,114635.62556454391,113830.44615670218
2024-07-26,143349.11006528384,143349.1100652839,143349.1100652839,130795.23454735508,130171.28165551332,140696.96092219837,139417.64472961187,142852.745177122,142126.88390786125,143726.7500222724,143349.11006528384,137406.59292859075,134855.48605538666,136539.259032038,114348.8082124872,115919.49321083978,114997.89002013255
2024-07-29,143423.8770796355,143423.87707963557,143423.87707963557,130854.71011554696,130211.76344844945,140789.89452720634,139477.0430703247,142955.67353707168,142201.01344214336,143801.7140034003,143423.8770796355,137909.03761480338,135334.86577018237,137038.5322015264,114529.1854094846,115987.63091765075,115228.8924504564
2024-07-30,140382.9760202318,140382.97602023187,140382.97602023187,129258.21101794546,128565.30039126462,138496.48674332828,137061.21198803876,140040.83998932363,139186.03977646568,140752.80197172926,140382.9760202318,136215.7261003653,133719.2865569353,135355.90915874456,113819.40726061657,115399.98643099162,113646.63874938799
2024-07-31,148742.23102734002,148742.2310273401,148742.2310273401,133644.4390956148,133091.32879071863,144797.404564268,143702.18703998157,148049.0654672289,147474.02193003753,149134.07866212458,148742.23102734002,142492.03621217288,139707.4795539538,141592.6021285415,115710.65115674328,117275.74220480422,117009.86403270026
2024-08-01,145359.74790418893,145359.74790418902,145359.74790418902,131893.61891874392,131259.91981192358,142282.31098993466,141014.9875209619,144852.47776148922,144120.37860469386,145742.68470038817,145359.74790418893,140594.38207882355,137896.93817061654,139706.92631237992,113722.77251285638,115615.01530504329,114175.71421131893
2024-08-02,141853.87693516805,141853.87693516814,141853.87693516814,130053.23035799823,129361.70381574724,139638.55036588205,138229.76304571854,141492.35915834527,140644.39946549272,142227.57783892716,141853.87693516805,136942.3713589933,134412.5748061642,136077.96770832065,111028.81579252414,113462.46506312914,111465.76022305523
2024-08-05,137628.06319369972,137628.0631936998,137628.0631936998,127524.88098433905,126635.56469184867,135904.56546989584,133981.69199656852,136616.39675210702,135359.77601896698,137990.63158244814,137628.06319369972,132861.6975666877,129762.18066745756,132023.05182635548,108209.57738860187,110158.01908441121,108142.27851597805
2024-08-06,140985.13837350215,140985.13837350224,140985.13837350224,129153.43242675872,128252.75915577347,138197.48993454088,136242.1745515973,139471.45694215107,138188.5748823001,141356.5506659618,140985.13837350215,135784.1767631634,132152.65975765156,134927.08383470838,109858.2717554184,111173.61945316897,109175.58875715401
2024-08-07,135378.80357970428,135378.80357970434,135378.80357970434,126433.74218268607,125552.03513088808,134368.29293501284,132467.15572709285,134703.49005891522,133464.46456520743,135735.44650227088,135378.80357970428,130958.45599786665,128205.39997956034,130131.82384356977,108353.45111774735,110430.53665428162,107993.2420001745
2024-08-08,142589.04839736441,142589.0483973645,142589.0483973645,129931.50555380319,129025.40625847437,139292.9806030041,137322.16544682346,140835.51923217438,139540.09029657725,142964.68604226713,142589.04839736441,137317.52093100263,133406.87815404285,136450.74927212062,112342.99402037915,112983.3992494476,111296.8557092902
2024-08-09,144875.83696170762,144875.83696170768,144875.83696170768,131040.8500324065,130127.0145360227,140854.88588180143,138861.97179010627,142780.34281920188,141467.02506718255,145257.49893933686,144875.83696170762,139828.15535001596,135460.48356174264,138945.53613762828,113465.18717806428,113481.59470436191,111878.09129864315
2024-08-12,145060.43656221597,145060.43656221603,145060.43656221603,131082.15944077508,130215.94118675156,140915.1831072309,138986.27171020486,142858.0818644534,141544.04905554216,145355.57437688633,144973.65470746346,139124.3959229553,134960.29664650944,138321.806258064,113110.7251004546,113541.24512945765,112119.03151810379
2024-08-13,150422.90837178208,150422.90837178216,150422.90837178216,133217.68196887049,132799.18977634478,143975.9390951411,142597.0856860989,146736.5243888496,145386.81700935744,150090.7609836343,149696.3996798864,143293.10507069767,137765.12046605896,141917.38824568625,115595.07788084337,115408.47371270685,114901.01363175102
2024-08-14,150710.01077222248,150710.01077222254,150710.01077222254,133312.6614763879,132937.4948150181,144112.06928929174,142790.40574387033,146909.02201229086,145557.72797047131,150301.36315991438,149906.4485019942,142916.5936709419,137446.65754895844,141509.14173819753,115415.63018277055,115772.60204359908,114938.27844593597
2024-08-15,155223.50124202043,155223.50124202052,155223.50124202052,135109.0182468716,135111.76599150215,146686.71304478735,145829.55915057694,150171.48653606468,148790.1837935388,154284.50284054404,153879.12254072045,146360.89024904376,139761.89238638646,144477.10593635833,118186.74614622958,117756.94979333869,117841.97763065065
2024-08-16,154751.8445407837,154751.84454078376,154751.84454078376,134913.5010199242,134884.55612420395,146406.48630156842,145511.96967521383,149816.39670803974,148438.36014183404,153850.97402394313,153446.73281481507,145694.42587744747,139391.3386381481,144002.0827376372,118345.97332187422,118020.97343001916,117993.49290850434
2024-08-19,157476.4860063412,157476.48600634126,157476.48600634126,135887.8847672486,136197.09005874002,147816.2198835538,147346.60374556645,151619.1661586563,150396.22694621605,156071.38042143272,155852.94253608864,147882.40012839908,140927.71803170623,145971.61039036466,120251.38076454063,119149.39611261213,119543.45448011225
2024-08-20,156407.03648999686,156407.0364899969,156407.0364899969,135532.10984731786,135681.9071257856,147301.3698173167,146626.4911935078,150960.52277458005,149656.65949596406,155259.6151715501,154944.0173812462,147392.1207261196,140576.23486250444,145521.03429951513,120128.24414189193,118955.65195759552,119292.5840518269
2024-08-21,156814.54943140128,156814.54943140133,156814.54943140133,135659.2217013182,135878.21719854831,147485.3163036636,146900.88954494635,151195.84397622995,149919.24584340028,155549.6440076067,155266.7348513318,147497.29824218166,140658.99268609096,145627.12386483775,120881.83819806586,119364.46489551198,119848.97895849393
2024-08-22,154637.60545414733,154637.6054541474,154637.6054541474,134905.07522569073,134829.52404759638,146393.97360023513,145435.04692293302,149799.69838256887,148388.62932357605,153828.92152847588,153385.6138571457,146144.05690816924,139644.8796838767,144327.10408507104,119413.91267157852,118427.61798718394,117948.7842278569
2024-08-23,157153.8473433485,157153.84734334855,157153.84734334855,135784.47332353785,136041.66623541337,147666.57080583205,147129.3553879304,151427.72134503332,150179.143594954,155835.42838619387,155586.14804886188,147764.11876468564,140785.34612347878,145789.09986503402,121069.47818072066,119685.98387948592,119227.99979290587
2024-08-26,154308.10853295506,154308.10853295514,154308.10853295514,134769.2108797538,134670.79641467403,146195.51129215906,145213.18056534533,149543.41362407603,148156.35103698794,153510.0574268646,153100.14486100245,145819.4829513543,139481.57144578808,144117.75469377986,120290.93168572383,119400.64891787159,118070.4937186123
2024-08-27,154786.48995511906,154786.48995511915,154786.48995511915,134899.5838912815,134901.2457630302,146384.46542128792,145535.2981234976,149785.50987532124,148474.95294332277,153808.89079458194,153491.70520745887,145773.89838715416,139441.9626985509,144066.9791345003,119784.96532019536,119564.59446623911,118423.21322000363
2024-08-28,152786.3129100503,152786.3129100504,152786.3129100504,134176.7251160205,133937.7060533401,145336.80111744092,144188.48130374053,148443.19678751458,147037.93302569148,152151.99632183748,151725.61402713484,144196.45077015203,138349.3240941646,142666.29519224004,118108.57328805898,118870.51308145528,117079.41339603363
2024-08-29,150804.38982982707,150804.38982982712,150804.38982982712,133574.37729967467,132982.95977522715,144463.79752769013,142853.95576936833,147324.66660573625,145674.8352065764,150771.32999844296,150050.37278188742,143416.8267745361,137715.77999152074,141854.13731339102,118696.22110717658,118881.12883507402,116908.02253990636
2024-08-30,153300.05289975362,153300.0528997537,153300.0528997537,134494.2999041949,134185.18858582657,145797.07327675994,144534.4075110331,149032.9175035286,147473.67115469865,152879.92261839402,152261.13427784847,145413.41325300594,139076.01550008805,143597.86120058844,119595.07823708087,120015.97684222569,118301.49614893616
2024-09-03,145824.13791585504,145824.1379158551,145824.1379158551,131689.21086337787,130583.8369099774,141745.4674205138,139500.50910278375,143859.63897014305,142107.47588084172,146516.2329640842,145666.10380626214,139548.1537068432,135031.56825213323,138413.17131979222,116867.4880103474,117546.17786309402,114709.75477766225
2024-09-04,145144.78998681364,145144.78998681373,145144.78998681373,131420.1705277115,130256.57652673239,141357.28731441047,139043.07098771498,143364.52672244754,141602.68272763985,145907.85305330943,145045.71523348067,138826.605287363,134578.9803633424,137832.98626524085,116199.93255485344,117305.5807203015,114411.68174605515
2024-09-05,144769.37726794032,144769.3772679404,144769.3772679404,131265.77096679085,130075.73000464626,141134.51462944466,138790.28728270455,143080.3867496762,141300.80124355963,145558.7099002431,144674.70421268983,138308.97594493942,134328.84617479733,137512.33226317755,116430.14743868714,117020.24575868716,114518.49592357347
2024-09-06,138369.50639586954,138369.50639586963,138369.50639586963,128815.65812538905,126992.7380578423,137599.41250289988,134480.94188949117,138571.46851252974,136718.3008535399,140018.27884127875,139042.83131841198,133284.25529792055,130758.79805755847,132935.78787710256,113168.38118117409,115050.78400932271,111450.8573295061
2024-09-09,139850.47639770602,139850.4763977061,139850.4763977061,129347.7816464804,127703.08316535878,138370.20438525354,135471.60115649507,139558.45053986507,137726.12662083065,141266.84609800228,140314.39986589598,134250.8146614574,131358.85569766542,133738.32396222072,115364.63812879968,116338.94850827377,112884.07451477095
2024-09-10,140030.15542772072,140030.1554277208,140030.1554277208,129437.55877172627,127791.7187456964,138498.29616823702,135597.009650418,139719.9898125982,137885.54497381908,141448.34487107722,140494.6749419229,134345.81397736247,131438.5278317968,133832.9606265772,116412.43777989433,116845.6844567009,113927.32254508372
2024-09-11,143995.59606948748,143995.59606948754,143995.59606948754,131418.90217680705,129747.86873464404,141325.2279592066,138364.72238007892,143285.09363848745,141403.8409927375,145453.9464770251,144473.27006855677,136653.19958052534,133373.64003251606,136131.53798776286,118093.85939024422,118044.39992390713,116401.30141829913
2024-09-12,146284.59141271742,146284.5914127175,146284.5914127175,132562.60504296533,130877.02905246573,142957.03493596544,139962.34597904657,145343.00013433554,143434.72833438253,147766.1241770963,146769.85865483928,138555.2959736875,134968.85235086753,138026.3732949271,119548.211837476,119038.70227068043,117543.90459904356
2024-09-13,146703.24210597127,146703.24210597135,146703.24210597135,132771.78502195032,131083.54924100562,143255.48775898977,140254.54676016426,145719.38533917506,143806.17181329336,148189.01485702881,147189.89813050255,138988.86267764756,135332.46743865724,138458.28489605716,120731.45592790427,119660.40230779567,118070.4937186123
2024-09-16,147115.5110998365,147115.5110998366,147115.5110998366,132970.26743618847,131286.92134026208,143543.0776136294,140542.29338038777,146087.6210694944,144171.95319571078,148605.45920536068,147603.53473688074,139938.77308047895,136129.11937563284,139404.56909931736,120728.30603968783,119837.11868758422,117548.86970345592
2024-09-17,146037.9375423184,146037.9375423185,146037.9375423185,132463.84186391998,130755.35481511289,142814.7863946795,139790.19183059377,145161.92253633996,143215.88724995535,147516.9722596581,146522.38656399547,139169.8796064122,135484.2791111012,138638.61080858752,121163.12825899762,119886.08684431425,117610.96762001472
2024-09-18,145757.95272987924,145757.95272987935,145757.95272987935,132350.79717270884,130617.23843985067,142652.21668954164,139594.77407012155,144955.2874243604,142967.47363342386,147234.15183296078,146241.47296297745,139271.5117177727,135569.51390601756,138739.85494828506,120701.65955173458,119530.56552168181,117101.76773635737
2024-09-19,149490.53205442242,149490.53205442254,149490.53205442254,134116.01576546242,132458.51805138914,145190.7796512633,142199.9592801073,148181.94174730298,146279.1658674517,151004.5337620814,149986.43430573135,142319.92187194555,138126.09381795357,141776.628064311,122417.4579796906,121570.25354091256,120062.59215290642
2024-09-20,148072.95798819832,148072.9579881984,148072.9579881984,133460.81778888882,131759.22943645704,144248.53866040095,141210.55150862254,146984.3011875598,145021.43800205714,149572.60286985975,148564.15774657225,141618.28247931608,137537.6568669206,141077.66711846672,122049.96299325649,121360.10684928956,119834.07606494479
2024-09-23,146301.1675630106,146301.16756301068,146301.16756301068,132599.45685299096,130885.20605954817,143008.20235475682,139973.91544290184,145405.71570932897,143449.43535154755,147782.86820638156,146786.48979289742,139414.94743440748,135689.80771598953,138882.74311166367,122448.83104803435,121663.37418669093,119983.11258074833
2024-09-24,147968.323148661,147968.3231486611,147968.3231486611,133393.47972598535,131707.61311971064,144151.98527664936,141137.52074016185,146861.93947303662,144928.60182755816,149466.90831554608,148459.17580376504,140378.1467591371,136497.60454130295,139842.26550752937,123693.58101159721,122011.49906945869,120561.86182773908
2024-09-25,148962.23531680333,148962.23531680342,148962.23531680342,133862.67020895326,132197.9095211366,144827.85001529273,141831.23011786843,147722.42643662592,145810.4400746115,150470.88657081212,149456.38505885337,140779.62663143943,136834.30968420173,140242.21276566468,122789.46818011315,121742.38040315919,120673.64110966977
2024-09-26,148544.6710950647,148544.67109506478,148544.67109506478,133622.6541731924,131991.92528848018,144482.1090397861,141539.78764870515,147282.2413149709,145439.96055626692,150049.09336589923,149037.43565883767,140346.76033072153,136471.28199665298,139810.9988940489,123747.14323087384,122225.0513161273,121580.2691753659
2024-09-27,147296.31403064713,147296.31403064722,147296.31403064722,132993.33051218424,131376.11134032957,143575.57387526432,140668.48631034716,146128.07296366434,144332.36871800604,148788.09326181008,147784.9374419995,139642.26889208675,135880.45314848138,139109.19678963456,124095.9447659415,122047.78951541346,120904.64353999362
2024-09-30,147664.77973567435,147664.77973567444,147664.77973567444,133070.4428567644,131439.14869065827,143682.92196160206,140766.75893435557,146259.9929758177,144468.83992747503,149104.72926442724,148099.43862830295,140096.67798857595,136159.2582328832,139548.2922416164,124424.19758079367,122536.8591470415,121232.52235869902
2024-10-01,146210.1646285903,146210.1646285904,146210.1646285904,132428.15208438798,130804.73168173699,142760.29281005557,139862.85529996082,145088.62611273583,143311.81804886117,147674.9218661865,146679.27124615025,139353.25320123977,135585.27384884586,138814.54727977343,122359.14144254585,121439.1263687072,119543.45448011225
2024-10-02,147027.39056224062,147027.39056224073,147027.39056224073,132789.00126956007,131161.15726120086,143278.64056137038,140370.68275751345,145746.71867183765,143961.85136722776,148478.2104339161,147477.1438993128,139542.40758836103,135731.31641593433,139001.23876615503,122557.34947403165,121490.3826327335,119712.36657418941
2024-10-03,149741.6740939965,149741.6740939966,149741.6740939966,133987.50337336044,132344.96707535358,145000.24863471198,142057.349379621,147932.4664828041,146120.8317158495,151146.20326289703,150127.1486455451,141056.47931349959,136900.3028976146,140495.59639198842,122180.06937136996,121268.27658960268,119622.94163258243
2024-10-04,151341.946071831,151341.9460718311,151341.9460718311,134694.10948493597,133042.9109896537,146015.26461382746,143051.76477496527,149221.12735097803,147393.7111745255,152719.18342923935,151689.5234995017,141895.49781074858,137548.09339847352,141323.6903777371,125136.49402709558,122370.29291764277,121046.22860902261
2024-10-07,149646.0587147444,149646.05871474452,149646.05871474452,133938.7607354037,132296.82196739095,144922.35863465644,141981.04022115227,147823.0778194379,146012.78266582428,151001.35391123575,149983.27589400636,139985.47427371496,136018.59134363823,139417.95856987196,125219.38971378177,121264.00634284627,119749.62380806226
2024-10-08,154375.35531791145,154375.3553179116,154375.3553179116,136043.32071378498,134375.58240425686,147965.0215236239,144961.94976532384,151710.81901516946,149852.91316944367,155773.48220020934,154723.22964427178,143695.67681617165,138971.77704188201,143113.11956449517,125416.66890041156,122410.86691330335,121538.0392567686
2024-10-09,155133.65638744447,155133.65638744461,155133.65638744461,136380.76837596676,134708.89333711794,148452.88572765532,145439.91236424661,152334.18408489603,150468.64428389544,156538.65095343455,155483.23949350737,143925.61779143917,139154.80165895607,143342.12833508148,126482.6959989992,123258.73039311546,122494.34868783661
2024-10-10,155397.90068294073,155397.90068294085,155397.90068294085,136498.35837200226,134825.04181187786,148622.89120182864,145606.46743755502,152551.40738881184,150683.20739225767,156805.28842271338,155748.0792454876,143691.33366438307,138968.32005170413,143108.79402029663,126378.33698809765,123043.03637159395,122355.24996116986
2024-10-11,156312.93924559752,156312.93924559763,156312.93924559763,136905.5549805536,135227.2466473673,149211.59478931467,146183.22280174217,153303.61927447398,151426.20741769345,157728.61418905083,156665.17978508963,144827.0348182303,139872.29668549722,144239.8909232884,127507.52978282297,123779.83352689125,122546.50881525862
2024-10-14,157658.43051056523,157658.43051056535,157658.43051056535,137499.1061138445,135818.65679658286,150071.75827946007,147031.29558928014,154405.14173490653,152518.7297275642,159086.29112642442,158013.70302278682,145992.30571712492,140799.8097562302,145400.43769249893,127958.46049272122,124792.16137009737,123574.85395202224
2024-10-15,155748.65960866038,155748.6596086605,155748.6596086605,136716.03190089492,134979.21775786852,148932.7957414111,145827.55330234955,152941.108121733,150968.0193131617,157159.22405680237,156099.62858250542,145493.72797094285,140402.96008221954,144903.88123246827,126753.32440504977,123822.56260035413,121923.05088762044
2024-10-16,156046.67224334355,156046.67224334367,156046.67224334367,136823.96518320977,135110.2090926583,149089.78209485294,146015.3928018675,153142.89991959324,151210.001896395,157459.9356940236,156398.3127683201,145534.2862907789,140435.24302330264,144944.27512464815,127136.09069707953,124360.72011525676,121937.95378116958
2024-10-17,155742.78294613337,155742.78294613352,155742.78294613352,136671.4484470827,134976.63467319714,148867.9501841584,145823.84919984033,152857.75500667308,150963.24753568124,157153.29417127327,156093.7386773205,144850.88477826558,139891.28038249863,144263.64419309972,126811.35943898086,124371.42898952127,122022.40603805211
2024-10-18,156966.9464367426,156966.94643674273,156966.94643674273,137186.7114385108,135514.7152475536,149617.3877659032,146595.44822163563,153821.08942198174,151957.25318940944,158388.54450849106,157320.66073680087,145722.62029715514,140585.15001295044,145131.84560533188,128140.06496003896,124849.81635278357,122822.227506542
2024-10-21,158116.22089328425,158116.2208932844,158116.2208932844,137717.266358805,136019.87837683578,150388.6007851594,147319.8441485232,154811.8150491239,152890.44987126708,159548.22756626,158472.5250048869,146211.92530917772,140995.1578146364,145619.16692383387,128405.52288014432,124644.79129667839,123058.20262159029
2024-10-22,157537.15790780244,157537.15790780258,157537.15790780258,137461.4968355802,135765.35147237667,150016.79292882598,146954.8565985896,154334.15009622666,152420.25787007678,158963.92019753528,157892.15714049112,144974.01814629236,140022.77446494292,144386.2783656179,127346.9113031893,124578.59582047936,123192.32866353261
2024-10-23,155020.34459772788,155020.34459772802,155020.34459772802,136219.97875319724,134659.0871851131,148212.01896283485,145368.49113107484,152015.54047899932,150376.63650840108,156424.31293606033,155369.67236340675,143077.86715925141,138173.28287640098,142497.81457232035,125433.88331127576,123440.2491376363,121304.55048408252
2024-10-24,156053.62476046564,156053.6247604658,156053.6247604658,136713.9469074317,135113.26506878808,148930.09216486174,146019.7750232387,152938.0556878102,151215.64725453546,157466.9511778094,156405.28095246493,143623.04880861688,138652.52012021182,143040.78599845324,126314.11807617059,123707.22602908291,122288.1869401987
2024-10-25,157761.64769324067,157761.64769324084,157761.64769324084,137548.0609538679,135864.02586808638,150142.62973240658,147096.35411928513,154495.81378845684,152602.54080666296,159190.4431132175,158117.15279833833,144709.92162649328,139660.0698530617,144123.25252063773,126773.13370957866,123664.51025856943,123033.36193890437
2024-10-28,158045.27233937584,158045.272339376,158045.272339376,137683.04479954258,135988.69296824478,150334.59860457823,147124.73715092443,154736.84012377533,152625.35066070588,159476.63645460477,158401.41657325483,145102.71431317835,140088.89043057468,144514.45278482893,127870.52379309163,124046.79711538846,123053.22993686586
2024-10-29,159352.26717231428,159352.26717231446,159352.26717231446,138375.47572541627,136563.18202610622,151344.62032442808,148113.19344394642,156038.8496548535,153909.59338587348,160795.46831040992,159711.35662984074,146340.57278239058,141383.9910339074,145747.292846781,127673.8369086026,124247.55192473723,124235.57669384537
2024-10-30,158666.99456440093,158666.9945644011,158666.9945644011,138095.73808048296,136261.97072444158,150936.5780393644,147713.8634527555,155512.84617018106,153390.76757663075,160103.98941359215,159024.53980687854,146421.56083822605,141612.07182610605,145827.95256859646,126944.53499968474,123871.67708952753,123296.65649868872
2024-10-31,153284.4167673047,153284.41676730488,153284.41676730488,135434.11879230963,133896.0607991762,147054.1788128505,143914.35907373883,150508.0817210334,148454.2965435246,154672.66337751254,153629.83273810294,142335.63658107154,137859.06375735602,141758.5930742695,124363.27162621498,121443.39661546361,120184.30922397389
2024-11-01,154322.0080420905,154322.0080420907,154322.0080420907,135923.54308121675,134352.13363043353,147768.08274687035,144613.02012461209,151428.36859021697,149362.025472235,155719.65177563537,154669.762154006,142995.6491866549,138391.46213279665,142415.92991995465,125859.80798637339,121955.95925572659,121073.54805375868
2024-11-04,153548.20906498752,153548.2090649877,153548.2090649877,135494.33011332212,133964.15827020264,147143.85240229953,144002.1180021527,150675.49059477195,148619.4210092796,154938.84475538228,153894.21947372355,142272.64117169107,137703.8450675792,141695.8530548449,125927.57373091123,121693.27921693519,120720.83613267941
2024-11-05,162712.13131492512,162712.13131492533,162712.13131492533,141206.5636064479,139611.8820613712,155416.6722882185,152098.30119956945,159667.965916951,157489.1878874029,164185.7616388774,163078.7919969703,147964.481629446,143212.90366162197,147364.61819810522,129213.92165591462,123164.74505562628,122260.85991515053
2024-11-06,168430.95867681407,168430.95867681428,168430.95867681428,144771.33383332414,143136.39443373948,160579.3992770791,157150.79648853457,165279.80029539514,163024.4449675831,169956.3825416033,168810.50634598226,151696.70438884167,146825.27368852895,151081.71013741265,130096.03965893615,126227.3234598843,125581.8552798655
2024-11-07,171503.64101224745,171503.64101224765,171503.64101224765,146686.65769482002,145030.08805697472,163353.29312235466,159865.463681974,168294.9961166461,165998.4963903794,173056.89315160218,171890.11276133344,154543.47935457368,149580.63027427165,153916.94398070508,131940.4011344273,127203.33425123684,127559.05082061047
2024-11-08,173321.34698490388,173321.34698490408,173321.34698490408,147819.70538493257,146150.3399520834,164994.24485756265,161471.37872056628,170078.69480551285,167757.85529704683,174891.06149015407,173711.91481033224,155947.37508743626,150939.442754992,155315.14817393405,132001.5631969511,127754.32911230749,127708.0949167261
2024-11-11,174302.77669881794,174302.77669881814,174302.77669881814,148444.72929807595,146755.1949250367,165890.19006658305,162348.19420151532,171041.76304661293,168707.7818167464,175881.37969059686,174695.55610911938,156652.99989699761,151622.40786094253,156017.91230696792,133135.12722540932,127876.07770518801,127633.58044898037
2024-11-12,174821.71280073872,174821.71280073893,174821.71280073893,148772.93285933795,147075.01516019134,166379.56067653172,162827.11604004342,171550.99042360665,169210.06043971382,176405.0156263272,175215.66159812594,156902.2899861797,151863.6925066404,156266.19174814413,131558.0960773971,127478.83833324687,127402.56285803235
2024-11-13,174500.2219860845,174500.2219860847,174500.2219860847,148496.57129330427,146876.88042344397,165967.48949846087,162423.84317854725,171235.5143492538,168898.88925103858,176080.6131749713,174893.4463258642,156570.8656764006,151542.91121355694,155936.11106706233,132610.3738654911,127540.76356268948,127238.63102899173
2024-11-14,172934.37238443023,172934.37238443043,172934.37238443043,147791.25324458338,145911.84756879325,164915.81924118754,161394.62760470746,169698.9600751038,167383.30230539743,174500.58218784136,173324.06818900924,155448.59520892776,150456.68017641534,154818.39040104247,130911.44091190564,126720.67664121813,126354.35730361934
2024-11-15,174323.74803765665,174323.74803765686,174323.74803765686,147800.8695021395,146768.1195577498,164930.1576408307,161408.65985874776,171062.3420347183,168728.07999055757,175902.54095996253,174716.57470543875,154841.22065149364,149868.81021585164,154213.4782033728,129677.11272117043,125097.55717940224,123343.8515216984
2024-11-18,170986.83339243,170986.8333924302,170986.8333924302,146542.72875975663,144711.57960499392,163058.25402377394,159454.23199594836,167787.85740019154,165498.27792675706,172535.40497493834,171372.14055081928,153214.279267268,148294.11474058396,152593.1326091001,129260.59357404592,125610.11981966521,124200.79822202264
2024-11-19,174460.89559500723,174460.89559500746,174460.89559500746,148315.6451175631,146852.6435750236,165693.33608882246,161981.36176887632,171196.92371179227,168860.82520908146,176040.9306176884,174854.03131544884,155327.13358599183,150339.11904611875,154697.42119618625,130454.02225683397,126069.28442104899,125055.26616029677
2024-11-20,173795.76175759127,173795.7617575915,173795.7617575915,148062.2446630656,146442.72169927755,165316.7074960626,161591.8695445273,170544.23379848033,168217.04169371264,175369.772881597,174187.39864432882,155201.66817242224,150217.68269877016,154572.46443248095,130787.31684098487,126111.97358566368,124983.23803491324
2024-11-21,172041.86756955646,172041.8675695567,172041.8675695567,147153.51886704145,145361.79699664557,163966.0701483917,160274.73869898904,168823.15304577933,166519.44625886815,173599.99425003852,172429.55217545285,153528.44198656906,148598.18876401085,152906.02167999095,132040.0018436432,126788.98728637127,125432.82634437403
2024-11-22,172711.92104019702,172711.92104019722,172711.92104019722,147074.60466444155,145774.75084154724,163848.78012563736,160331.55102022996,169480.67055137758,167167.99149074193,174276.11617485655,173101.11556585514,153769.6416953549,148831.6428354012,153146.24354001638,133304.01832697,127181.9830174548,125634.0229875996
2024-11-25,173347.9919731393,173347.9919731395,173347.9919731395,147420.52041431828,146166.76125399626,164360.94335239506,160839.47761113173,170104.8412952616,167783.64500015345,174917.9477932953,173738.61984122993,155434.68619426072,150443.2178214258,154804.53777497067,135358.9037768617,127613.39766639662,125832.73328846294
2024-11-26,175417.59907015233,175417.59907015253,175417.59907015253,148452.902991088,147442.2597710479,165898.26604486076,162353.86400076214,172135.72831491337,169786.81918465073,177006.29864194,175812.89065657565,157250.18459344373,152200.41518715012,156612.67595440816,135589.0440640372,128279.70249283969,126508.35892383523
2024-11-27,175177.28913871894,175177.28913871915,175177.28913871915,148260.42471912026,147294.156799417,165611.64631496524,162108.72606537028,171899.9143185535,169554.22303071388,176763.81230239713,175572.03920311408,157113.85358155717,152068.4621680445,156476.897642654,135880.49814362076,127891.03022031015,125512.30591653215
2024-11-29,176758.86195112226,176758.8619511225,176758.8619511225,149014.92725936498,148268.87986629334,166735.1773612471,163218.6560814197,173451.89763943586,171085.0284832471,178359.70890023094,177157.17598190028,158008.3541778128,152934.23769948346,157367.77184025574,137226.31909951192,128685.49566124305,126615.16552104146
2024-12-02,177609.95114809633,177609.95114809656,177609.95114809656,149664.89944958955,148793.40599986998,167704.1756042655,164046.2869931791,174287.0638916173,171908.7983236886,179218.50613248738,178010.18305028888,159078.87745804063,153970.38330490477,158433.9551075214,138348.46109097629,128916.1421978867,127993.7362365221
2024-12-03,182285.16373162795,182285.16373162818,182285.16373162818,151814.90333259676,151674.73875418946,170913.39923666298,167103.65073684647,178874.8083788248,176433.93991596653,183936.06058062578,182695.9309062721,162031.95761884734,156828.63131089445,161375.06317354718,137820.11329762332,128975.95225837521,128386.19931414853
2024-12-04,183409.98171429546,183409.9817142957,183409.9817142957,152727.15313889025,152367.96389383846,172275.0775388027,168195.82051962358,179978.58225154068,177522.65204320548,185071.06567027044,183823.2835894894,163148.1977094984,157909.02562448377,162486.7779105214,139608.91734215396,129776.82972091742,129973.42569994138
2024-12-05,183845.06472200117,183845.0647220014,183845.0647220014,152656.37469028513,152636.10548067582,172169.429418014,168200.99736360242,180405.52533368213,177943.76919650834,185510.0890818564,184259.3470270565,162684.18555287176,157459.91427321223,162024.6469075432,140271.59446037567,129563.25086835002,129613.25475177549
2024-12-06,188045.18703805408,188045.18703805434,188045.18703805434,154504.1172765281,155224.64018047118,174927.47986677138,170905.21593969667,184527.06797089695,182009.0705802304,189748.25052602607,188468.9340320704,165910.01461419967,160582.15240429138,165237.39812161794,141882.59371501105,129808.87652601459,130773.23958811919
2024-12-09,184899.93122106144,184899.9312210617,184899.9312210617,152577.1490825396,153986.36942444547,172007.93051254097,168240.0234803951,181596.80681274302,179118.79482926542,186574.50916028515,185316.59059577278,163971.35317281945,158705.74712662344,163306.596215794,141735.06360123414,129140.41662176921,129754.83982080445
2024-12-10,181650.01822201244,181650.01822201267,181650.01822201267,151035.21304284234,152430.19188367072,169677.95956033497,165961.09153499154,178505.6659686444,176069.83470512956,183295.16276676883,182059.35413960234,162604.15671704517,157382.4554004532,161944.94251695872,140660.12745619824,128738.89370012225,129312.69537780617
2024-12-11,184941.03686955327,184941.0368695535,184941.0368695535,152596.65184487915,154006.0523165723,172037.4005220414,168268.8479367765,181635.904274433,179157.3587794896,186615.9870891325,185357.78887303782,165598.35997945137,160280.50592339007,164927.00696724368,142100.80293708274,129734.12725335333,131627.70752639332
2024-12-12,183990.44258540415,183990.44258540438,183990.44258540438,152145.63805272878,153550.87290844214,171355.88779537808,167602.26403686922,180731.750588239,178265.54288551016,185656.78358481292,184405.0524895519,164676.71519618775,159388.45788522423,164009.0986279974,140675.57855977197,129065.66734910797,130778.21227284364
2024-12-13,182937.53937816177,182937.539378162,182937.539378162,151646.08332556073,153046.7042355577,170601.02639167983,166863.93819396064,179730.28620757972,177277.74416769957,184594.3445790911,183349.77663679764,162961.32609674553,157728.15501297245,162300.66389476485,141109.2111608735,129040.00595972133,131779.23796487116
2024-12-16,183417.78757827074,183417.787578271,183417.787578271,151907.03825590597,153276.66468779932,170993.2505259015,167200.70196741278,180247.86287495386,177728.29703242207,185078.9422293916,183831.1070434464,163101.4750234507,157863.80334233824,162440.24464311302,142331.51402469873,129591.02742669077,133676.93877283388
2024-12-17,181423.7417781679,181423.74177816816,181423.74177816816,150971.28916766218,152321.84242323274,169589.3693481834,165802.4200208555,178398.75300701935,175857.549682572,183066.83701150204,181832.56779723603,161552.16626503482,156364.24747921704,160897.21694389317,142036.3390547699,129057.11355264575,133088.25173670636
2024-12-18,175399.76955005093,175399.7695500512,175399.7695500512,148152.38688352887,149437.34357960537,165360.240078126,161578.23840341019,172828.39221712336,170206.05959105105,176988.30764573184,175795.02095886762,156463.57937770782,151439.0701958363,155829.25971820723,136405.92389101817,125210.75197582056,128286.83658340477
2024-12-19,176775.32033987468,176775.32033987495,176775.32033987495,148832.81030837234,150096.00774875237,166381.0624876984,162542.81395923946,174172.95956435232,171496.55552374938,178376.3163472038,177173.6714585084,156453.46395647994,151429.27961075905,155819.18530595137,136447.1866054242,125172.30645206348,127715.53878318859
2024-12-20,180996.032199752,180996.03219975226,180996.03219975226,150862.75737236466,152117.03939001315,169426.54178413193,165502.49783158692,178184.2860989661,175456.28680270945,182635.25380793287,181403.89440447837,158590.29846959258,153497.49403558037,157947.3568692187,137611.31100050994,126675.75258110475,128830.81493888487
2024-12-23,182877.10465904739,182877.10465904765,182877.10465904765,151665.80479024592,153017.76587548584,170629.85969249782,166821.55964042962,179767.28364011098,177221.04632725057,184533.3625225779,183289.2057321687,161256.4267110043,156078.00499863055,160602.67634884058,138402.8697578643,127434.31336161541,129876.54931155985
2024-12-24,185153.3052850909,185153.30528509116,185153.30528509116,152668.0511738365,154107.69421928545,172131.263447829,168417.69662082143,181741.89130596563,179356.501936484,186830.17794998156,185570.53562096157,163234.63638655032,157992.68849947205,162572.86615616677,140140.92706306395,128850.74489865148,131637.65289584218
2024-12-26,184842.67083496056,184842.67083496082,184842.67083496082,152535.04585341056,153958.9510514452,171932.0163456832,168199.87085996196,181479.8466335053,179065.0750423156,186516.73018567683,185259.20117730013,162937.3430895493,157704.94217120606,162276.7781171796,140634.47953183003,128859.31199806309,131548.22037392316
2024-12-27,181041.74567260963,181041.74567260986,181041.74567260986,150863.4230320584,152138.9286774472,169427.86085800355,165534.55342620166,178186.44563799934,175499.17366027134,182681.38129269777,181449.71088952693,160475.81411327244,155322.46018459887,159825.22843594573,138534.42131993792,127502.89006575648,129799.54850145189
2024-12-30,178742.28630272206,178742.2863027223,178742.2863027223,149833.41156170092,151037.86319403572,167882.54784311756,163922.1067494052,176151.04337482675,173341.89747229053,180361.09647464738,179145.0698448983,158872.8569692724,153770.97874453073,158228.76984728884,136393.48911774787,126047.87997546936,128073.22338899228
2024-12-31,176659.17852676375,176659.17852676398,176659.17852676398,148922.5834990053,150040.39478890976,166523.05536342104,162461.37199812446,174369.60158136938,171387.5951432642,178259.12267584304,177057.26792774882,157375.80688733314,152322.00337692653,156737.7889624241,135444.79110249027,125589.31400680845,126985.27425834416
2025-01-02,178988.73882433196,178988.7388243322,178988.7388243322,149971.58601423024,151155.8737005043,168088.78559181385,164094.92630632455,176421.29168469468,173573.11101896115,180609.7810357882,179392.0777304441,159339.16758493413,154222.31474450673,158693.1899911096,136059.75597731883,125280.71218669892,126736.88259210894
2025-01-03,184681.8728180132,184681.87281801342,184681.87281801342,152497.2877936794,153881.95506335326,171858.62176150212,168087.1146915088,181361.18198013,178914.21969884762,186354.47587391056,185098.04081299677,163198.6906319412,157957.89706956138,162537.06612939356,138418.11526544625,126847.16108408396,128810.95452123544
2025-01-06,185362.46948492507,185362.4694849253,185362.4694849253,152828.14962173003,154241.79170130898,172347.84689019743,168615.87063183048,181996.05326121688,179624.0408654773,187041.23648126522,185780.1711580436,164554.49017247482,159269.9179921955,163887.36911727051,139928.88003918444,127577.89209445626,130291.3591491979
2025-01-07,177809.0402914123,177809.0402914125,177809.0402914125,149557.21272313804,150940.5990281693,167425.2814543969,163799.89717073773,175492.71960526728,173205.46722365505,179419.39836077555,178209.72082740054,159066.63572004854,154116.7929110157,158421.76299881114,137291.10649226172,126135.74595623596,127966.41679178603
2025-01-08,177655.54630612902,177655.54630612922,177655.54630612922,149490.74368936376,150873.5151637937,167325.24951298308,163702.03129543483,175360.5647157588,173075.03475081694,179264.51423088883,178055.8809538981,159429.24315453233,154457.28325773662,158782.90038495976,136564.19076550874,126320.01841128197,127988.77871242183
2025-01-10,175277.204116129,175277.20411612923,175277.20411612923,148460.82641239633,149834.07127536883,165775.28528361622,162185.6295956248,173312.8652651734,171054.02361787632,176864.6321769365,175672.17933210608,156416.19084873097,151628.01080845238,155782.06330726627,135001.8440248734,124391.42332246482,125981.7698042665
2025-01-13,173455.0213063703,173455.02130637053,173455.02130637053,147672.91062800493,149037.69437335685,164567.0685995063,161023.82826960005,171686.99604453827,169505.6123925028,175025.9464560393,173845.89035775815,155525.20322075504,150791.3685956266,154894.68783600468,134861.78103075243,124584.31608872004,125576.89017545314
2025-01-14,173256.00860289516,173256.0086028954,173256.0086028954,147621.70347134635,148950.71675541106,164491.15081929875,160896.94021997356,171588.21306076803,169336.5001045356,174825.1313598825,173646.42919273928,155109.08968593116,150400.635730623,154480.26126882384,134176.60236413727,124755.72459169923,125457.65944674789
2025-01-15,178028.63539570555,178028.6353957058,178028.6353957058,149685.54457214903,151036.57209295593,167550.92303275366,163939.90830572933,175569.5390172962,173392.06953529126,179640.9822657935,178429.81077427295,159392.98048045437,154423.23241019293,158746.78472354234,136593.91902570552,127025.02151752065,128343.9769758633
2025-01-16,178555.8899197373,178555.88991973753,178555.88991973753,149920.39754238934,151267.00634037144,167899.10710191925,164276.0792990523,176022.5904784876,173840.10736073193,180173.01196085135,178958.25343038692,159804.50483319358,154809.65600834048,159156.640713661,136420.02525409855,126780.73945774518,127444.80035694173
2025-01-17,181346.04596414173,181346.04596414196,181346.04596414196,151186.64987126703,152486.43164439296,169776.40457875287,166055.04844245804,178465.29949446477,176211.05988896458,182988.43753201058,181754.6969009961,161141.5409829097,156065.1402011656,160488.25637946266,136606.88099685748,128053.61886783919,129595.86551586412
2025-01-21,184278.68115087095,184278.6811508712,184278.6811508712,152444.39607030593,153768.12682460816,171648.87858473696,167924.86053290358,180911.8669144865,178703.08495842403,185925.53661862412,184693.94058095236,163672.7363631269,158279.48478337505,163009.1900297737,138173.1315175789,129225.741739201,130355.94340811892
2025-01-22,188954.21608964723,188954.2160896475,188954.2160896475,154403.39265066918,155811.5485986751,174587.34212865942,170905.92404785616,184779.76592363988,182676.14997970243,190691.46394970187,189380.01151858582,166540.66852615948,160827.7502194558,165865.49529688357,139342.63805768607,129952.2025028169,132022.65694638196
2025-01-23,190320.69579436906,190320.69579436933,190320.69579436933,154990.61901083429,156408.76248307823,175468.17227847798,171777.17468441662,185939.2024838661,183837.32464489233,192120.09235441367,190749.57049205355,167863.4095563434,161913.44176307792,167182.87379705752,139974.70344889615,130661.475855812,132303.34074207768
2025-01-24,189929.50678190196,189929.50678190222,189929.50678190222,154802.7498903566,156237.79506302509,175186.37160200614,171527.75738612108,185568.2683065275,183504.90933787546,191663.03664286967,190357.49996184738,168073.25384327906,161956.34607692072,167391.86735338124,140659.11449216312,130280.02708480497,131555.6794010098
2025-01-27,183756.83892878055,183756.83892878078,183756.83892878078,151992.9862563408,153540.05799971212,170968.74467963103,167592.14035666583,180012.60148682765,178259.6462703675,184812.54835378876,184170.9224230327,164235.10109672608,158231.71889986188,163569.2748781258,139154.360745315,128437.16950485091,127725.48415263747
2025-01-28,192131.45426608605,192131.45426608628,192131.45426608628,155549.16762030756,157200.14642890135,176291.6455410765,172931.69199315464,187004.23843945656,185376.02796764945,193409.10794017898,192564.4093843937,169091.04430287017,162552.4055103496,168405.53158436157,141019.1858667958,129540.75558091985,129613.25475177549
2025-01-29,189347.13333463736,189347.1333346376,189347.1333346376,154347.45959227288,155983.27133507485,174492.92605999336,171156.4432459316,184641.61814674287,183010.03386310165,190504.15073717505,189773.81417576908,167268.6775745466,160936.27935367252,166590.55292070578,139890.46555541342,128960.0552338459,129369.83577026469
2025-01-30,190798.62706578753,190798.62706578776,190798.62706578776,154963.64425627328,156617.6402220562,175415.2327544862,172081.89777910773,185853.06914587386,184243.4497283132,191993.68899131814,191228.57874897108,169298.71980018148,162564.90033654455,168612.3651435601,141451.64811624968,129652.16778211898,129921.25799220729
2025-01-31,190903.28313283867,190903.2831328389,190903.2831328389,154924.27526907393,156663.37969122943,175356.30515928505,172148.62519900512,185775.66767572396,184332.3818750537,191898.52009814963,191333.47065132603,169000.26980277308,162261.62873487762,168315.1250935496,140853.04244805354,128962.17040280001,129732.47790016865
2025-02-03,191145.28797167115,191145.28797167135,191145.28797167135,154804.94976528385,156769.14683094184,175189.20810097788,172302.92450484546,185571.30621067033,184538.02699860334,191665.84280014958,191576.02083154485,168850.24983678493,162103.45735943844,168165.7133241406,139787.30138216668,128094.31259004434,128694.20255458033
2025-02-04,202786.61688714873,202786.61688714896,202786.61688714896,159250.8670265802,161856.937917193,181868.9814187112,179725.29250121757,194378.1898380346,194430.31896538864,202534.91113624038,203243.58268715764,173920.13925423502,166712.34388707054,173215.04888144144,142139.91102317456,128953.61660633779,130273.96991328654
2025-02-05,203378.45626228824,203378.45626228844,203378.45626228844,159661.8124970057,162115.59868686888,182486.40689630347,180102.642000482,195192.22858921337,194933.2381715057,203539.56195134792,203836.75573193323,175061.92671317336,167703.37462233228,174352.20741500912,142125.24189614266,129476.47572943398,130865.14329177629
2025-02-06,209441.951923485,209441.95192348523,209441.95192348523,162076.5709716617,164765.62252869538,186114.46344341844,183968.65218441997,199975.60525247725,200085.73148695068,209442.9949964643,209913.91506674024,178996.17232201342,171128.4074933146,178270.50318207178,143383.36814109754,129926.47459868327,131548.22037392316
2025-02-07,209191.73453138038,209191.7345313806,209191.7345313806,162020.91241476283,164656.26612905937,186030.83918290568,183809.1166557207,199865.35164120496,199873.10769495595,209306.92483976373,209663.13382682102,179173.30238256147,171270.47158079143,178446.91513889155,142239.5251928074,128737.19092259945,129888.96586274677
2025-02-10,213367.0588698653,213367.05886986552,213367.05886986552,163579.80203901694,166313.1959575495,188403.28207265562,186260.42545626214,203033.2060036591,203185.5650655213,213264.53874661512,213744.92604824709,181316.88082638732,173094.87720038497,180581.8032922741,142349.40125180202,129611.47405991382,131461.2893549905
2025-02-11,211857.45650223244,211857.4565022327,211857.4565022327,163018.70133309485,165742.719343122,187543.41268786587,185410.33603273507,201877.3143122633,202028.8059762393,211810.5940912146,212287.70632164236,181592.108801266,173335.54822823041,180855.91546425474,141625.76285010006,129710.03561199554,131148.31342983423
2025-02-12,213678.67228578168,213678.6722857819,213678.6722857819,163695.6249281395,166430.95422974997,188580.7770488038,186435.90164441557,203271.80615831443,203424.34426919252,213564.66324982003,214045.7265944599,181834.08010724833,173547.1382126625,181096.90579334117,143573.01198443153,129292.18997143857,131225.3142399422
2025-02-13,218471.8142489233,218471.81424892356,218471.81424892356,165477.17707509373,168242.27584544872,191310.9503178873,189135.02253591205,206941.88053661815,207097.1727245275,218181.08628233918,218672.5483131217,186429.23323542153,177565.33522534612,185673.42969176517,146042.14514089248,130657.19230610618,133113.09999970437
2025-02-14,219036.41970330523,219036.4197033055,219036.4197033055,165687.03400551042,168455.6394536472,191632.5495383957,189452.96395911503,207374.1948782154,207529.81148107548,218724.87522995184,219217.562168104,186744.30595881148,177840.84819316026,185987.22507749344,146490.76222609647,130650.74037564869,133671.98124873362
2025-02-18,220979.71287764856,220979.71287764885,220979.71287764885,166397.6108804828,169190.00721479332,192718.71909036743,190547.27396401516,208830.15151081738,209018.8936995183,220550.41003134195,221093.42379163197,186313.1981561919,177463.86922503627,185557.8650308414,148061.01487806218,131034.3309215086,133975.011804441
2025-02-19,214028.0990924503,214028.09909245057,214028.09909245057,163938.5623673529,166563.0021292052,188919.08783865318,186632.67136272998,203680.47764982985,203692.09864168105,214020.08572324287,214383.02842082127,182732.06281036162,174332.37241801876,181991.2479809764,147678.0144508518,131342.90613571936,134012.27661862594
2025-02-20,210612.40356393243,210612.4035639327,210612.4035639327,162721.03987001965,165272.21558646843,187037.8168894094,184709.22005857312,201130.77448366472,201074.762491746,210786.79580743206,211085.8562575073,180137.52607393413,172063.59932758746,179407.22976691535,146944.83334846597,130796.48748924123,133443.45000014783
2025-02-21,203714.14975813267,203714.1497581329,203714.1497581329,160268.90644162468,162665.37516214862,183248.87057210243,180824.6656044682,195995.58200883763,195788.85544686933,204274.8354094779,204426.9692946442,175270.37168948454,167807.5528668158,174559.80733365947,143847.87169505472,128559.33048916275,130673.8920179996
2025-02-24,195930.85463335188,195930.8546333521,195930.8546333521,157257.6323619237,159724.07886646414,178655.92982616945,176441.72542920808,189851.37523947802,189824.77008691296,196584.0765174185,196913.7516175932,171113.81702324288,164172.8849728238,170420.1037732859,141845.85612574272,127974.3199864842,129131.37431285418
2025-02-25,191614.2271199805,191614.22711998073,191614.22711998073,155564.82599447528,158092.83139204865,176077.089771836,174010.94002962176,186406.1503622246,186517.07912259176,192278.4676525076,192746.90947441806,168700.0126705754,162062.1519529327,168016.08523506275,140402.19584849232,127337.8802814372,127504.41193113833
2025-02-26,194776.53074654719,194776.53074654742,194776.53074654742,156776.11493253108,159287.8614909378,177922.38081687014,175791.7009270367,188871.38375405193,188940.2493172944,195359.34948869937,195799.48234059114,170666.39599478635,163781.6410273428,169974.4966363148,141453.31961787379,127402.16013292308,127812.41517157013
2025-02-27,189801.7266985221,189801.72669852234,189801.72669852234,154891.09864981222,157407.89002851374,175050.72603908635,172990.2822249867,185034.97037793748,185128.2191275342,190564.8597151234,190997.30214386637,166769.45231473088,160373.9880031616,166093.35157212932,138648.78422048053,125368.57816746552,124262.89613858145
2025-02-28,193683.55769179686,193683.55769179706,193683.55769179706,156339.0920654317,158874.82850867498,177256.61531881485,175176.2243923117,187981.9482683331,188102.73969056716,194247.79321922004,194744.43504457566,170225.3903268426,163396.00694550044,169535.2788513164,140088.25676441274,127325.01632937038,126225.19636608935
2025-03-03,187888.75040765348,187888.75040765366,187888.75040765366,154252.77396335773,156684.97897505134,174104.01050866017,171913.044306451,183804.40070615074,183662.36774872834,189069.500832697,189150.70541922556,166442.37959359426,160087.981727779,165767.604837896,136359.2780815067,125094.2979568,123463.07467009158
2025-03-04,186263.42442311475,186263.42442311492,186263.42442311492,153723.49772664465,156070.77056833386,173302.61617664673,170997.788435856,182740.33361359153,182416.93342378782,187747.90732740142,187581.77764220635,163055.64046482692,157126.47322732964,162394.59590256744,135714.2716796586,123613.57326532865,123090.48717073874
2025-03-05,190721.65103624205,190721.65103624223,190721.65103624223,155476.4624128308,157755.5281436651,175956.8369148639,173508.3113210639,186264.52742318483,185833.12716287194,192125.0294870196,191885.30544900915,165873.38706196687,159590.4304978087,165200.9190612998,138495.94144184113,124942.13882159814,124695.10279244295
2025-03-06,177457.95771310586,177457.957713106,177457.957713106,150490.84871091,152743.1970662753,168407.95735975527,166039.24154967448,176241.35406219732,175669.59129544653,179676.039278636,179081.857353987,157368.1808902693,152153.11707688263,156730.19388194734,134166.04326167787,122724.28440109457,121264.81448815954
2025-03-07,179567.41095398497,179567.41095398512,179567.41095398512,151377.3892192052,153540.35648318642,169750.29712331673,167227.11984659854,178023.67209513218,177285.9965569384,181889.7154210235,181118.11335150473,157380.30035433744,152163.71485087523,156742.26421244486,135158.69302926536,123412.14000556064,122156.5396603065
2025-03-10,169150.8494155839,169150.84941558406,169150.84941558406,147600.9926390121,149697.43066908588,164077.72457253537,161580.7645879378,170551.3085966158,169711.78565853188,172682.8133566749,171712.59292789764,150090.57684003026,146347.32700007118,149791.84829438964,128793.14433317495,120125.00781548276,117422.19510828817
2025-03-11,170905.02159415177,170735.87074473634,170735.87074473634,148222.06023418147,150327.31954453583,165001.9864880593,162490.96094383526,171757.10711406963,170911.64874504454,174153.84322323452,173175.35779575745,150936.28513887292,146939.74754968623,150552.8042500196,128440.28344027972,119126.40861605426,117141.51131259244
2025-03-12,176726.76127217556,170599.28204814054,170565.1348739916,150283.25690900517,152417.79224941393,168069.423272335,165511.71700453578,175758.90645767498,174893.74960395216,179035.89131768118,178029.9760452564,154350.7492722924,149331.5872907996,153625.0891278742,129351.45397970399,119758.56477139547,118462.95679623871
2025-03-13,172390.54939889756,167250.58883579538,166209.5410672641,148748.01383926254,150860.74348650308,165784.7014297017,163261.76440941525,172778.24246582369,171927.7576530982,175399.5908157941,174414.10614073757,150656.9727047783,146744.08856662185,150301.48300781744,127321.2472876103,118162.104420171,116331.75205496575
2025-03-14,180245.06880819995,173346.8533969728,166043.33152619682,151528.91957950132,153681.1475827329,169923.19663756026,167337.27936229162,178177.35207134823,177300.29064425157,181986.306065143,180963.81385257168,156182.0901430255,150614.4456553881,155272.90285310306,130485.51370196226,120602.8497578198,119143.54753602335
2025-03-17,180465.74989844416,173516.64166513897,166080.5815422849,151673.74996086472,153760.38984040025,170137.17063169504,167451.78529654932,178454.4681198006,177451.23768201136,182321.89290455077,181147.8348681562,156606.6164777445,150911.82729972628,155654.88543878688,131790.33070442997,121532.83234425905,119916.04197946508
2025-03-18,175669.31635815854,169827.25000894387,166080.5815422849,150178.39757563008,152038.0844898916,167899.44917477173,164963.03511397794,175518.98662915555,174170.4516666964,178721.0249018803,177148.19642931016,152956.5334644573,148354.93600773902,152370.59413964074,129658.63322003612,120219.25921195988,117871.78341774896
2025-03-19,178519.77527453995,172031.78115447672,166080.5815422849,151072.64835461922,153061.62846310728,169237.65157828102,166442.06741766207,177274.46355595737,176120.1807042298,180874.4163353783,179525.13023951606,155237.2039604833,149952.55077703425,154422.7080885703,131071.98879294738,121528.54879455324,119449.07201440501
2025-03-20,179742.56520406567,172974.4609409847,166080.5815422849,151447.51876169,153500.70837956638,169798.62674490456,167076.54272828472,178010.3604269643,176956.57551023748,181777.1191814085,180544.78735843318,155936.23655243884,150442.22466682797,155051.6873888278,130357.31631125983,121177.13808328444,119044.19238559168
2025-03-21,181836.86335232525,174586.81177322578,166080.5815422849,152106.30192280523,154252.72982967345,170784.46341433685,168163.22199842625,179303.59792395664,178389.08656642126,183363.49522827298,182291.17565003125,157313.88613738024,151407.2712738021,156291.27633204492,130983.8330222152,121217.10014327276,119436.647882906
2025-03-24,188609.53379415168,179788.92059903938,165914.50096074262,154215.99302633695,156684.66314871513,173945.56210110997,171677.39240379538,183455.69399896756,183021.62911814358,188463.26518249465,187938.75375264633,162477.19730034744,155024.1822597585,160937.14818361282,133759.6019042429,123387.92863765826,121875.85586461077
2025-03-25,189244.67540196134,180273.27119064954,166307.30266452135,154434.52288092847,156912.7300614063,174273.6106974365,172006.95160212857,183887.38423438114,183456.06935110936,188994.46341440768,188468.38410556785,163665.5570346287,155856.63090415127,162006.4168882828,133679.22473312818,123684.53119741178,122571.34949794457
2025-03-26,183117.2523591939,175603.7158922828,166307.30266452135,152536.1869422138,154712.49244678064,171423.90194155247,168827.5840390639,180137.3561670055,179264.87944723904,184380.02436621892,183358.86334872144,159305.17803217864,152802.17568750458,158083.01164884164,130763.67664883076,122207.94372320287,120315.95650386607
2025-03-27,180245.37607116046,173400.48428514894,166307.30266452135,151647.1150984345,153681.25791484455,170089.26155143103,167337.438793407,178381.05776897643,177300.50081374845,182218.8853660491,180964.0700722685,157310.52328714612,151404.9155897125,156288.25048859857,129496.28809586726,121883.39166676645,119630.393079357
2025-03-28,174360.2813143782,168871.19958166935,166307.30266452135,149802.90863144863,151568.03564193612,167320.80987254332,164283.8093565818,174737.95863557694,173275.06474449253,177736.0232126077,176056.6214424109,152474.8898704934,148017.5435959049,151937.2182796434,125863.67372482808,119428.87777649182,116480.78857076932
2025-03-31,172614.72806919608,167518.71876103527,166307.30266452135,149329.44385880313,150941.241656671,166585.554813409,163378.08515105542,173737.6959994858,172081.09705419067,176464.34178135695,174601.04370994694,151648.18494436238,147438.43495125964,150811.04840022494,125405.27839423505,120230.58002189666,116475.82346635695
2025-04-01,174862.46023811027,169263.81765157034,166307.30266452135,150060.89112014874,151748.35825872878,167670.19421018253,164544.37752199563,175147.39984592266,173618.55779538714,178177.31998649,176475.3771928382,153629.31415613397,148826.22038283496,152373.47574340235,125312.78299969072,120570.177714101,117414.74366151361
2025-04-02,177174.486972438,171054.2189579773,166307.30266452135,150800.23234813468,152578.56178007575,168766.53931380244,165744.03074534156,176572.3175782056,175199.99636079365,179908.7850922125,178403.32447295552,155025.53324649454,149804.27496977273,153514.4869257324,126953.24003569905,121333.18167971021,118271.69036183786
2025-04-03,164396.8888374824,161185.24919158538,166307.30266452135,146661.12662504322,147990.37652750302,162628.79381672217,159114.05257007823,168595.10094618658,166460.05137492387,170215.4028525229,167748.37174037725,143521.72412326589,141745.83102074667,144481.5426231855,119717.43441235232,115353.77198478674,111940.18921520196
2025-04-04,151184.7009970617,150821.98840491925,166257.410473722,142423.55717789763,143246.13862274366,156345.03965995304,152258.57659530704,160428.1171253777,157422.84472241905,160291.42816657724,156731.02439177735,132572.69672793656,134076.01290950447,135846.36211621153,112683.05814794819,108600.63614704018,104987.70890297799
2025-04-07,154428.52375961642,153410.82071853356,167244.44872780307,143517.64786525056,144006.71660094048,157840.5249551565,153187.38463551982,162205.02582869944,158422.781166867,162247.3457460994,157676.35376224152,134921.12682231233,134141.12196512375,136545.84008801877,113027.44758958502,108407.19795985968,105241.06567362559
2025-04-08,153920.3702560143,153006.97695112208,166804.18885606425,143351.7139760232,143840.2172545821,157599.5320409746,152953.49619495805,161898.39401432534,158123.29929459328,161882.75298917657,157322.0326714689,134512.48938050304,133924.8417646236,136273.10843872902,111026.95571894212,106709.23610473677,103345.83604740091
2025-04-09,177576.87603679296,171819.87574404062,187313.51716065823,151076.57660494946,151591.40409419255,168818.68181964988,163841.90532130701,176173.28779719194,172065.33569198352,178855.9522304201,173817.04623075033,153834.89390278506,144151.64209334838,149169.213186922,123343.79428958063,117915.7737061884,115750.51646561279
2025-04-10,168928.63269001595,165125.58026858885,180015.57200158053,148252.55464437488,148757.75864221912,164717.2334346243,159861.36767738982,170954.73369931953,166968.4661613945,172650.96326155582,167786.87032096062,146259.68687354878,140142.3000030606,144113.38986919643,118113.81376536512,112748.81503978246,110827.39182155584
2025-04-11,170351.64466707414,166238.36109063966,181228.6964361353,148717.22901953233,149224.01650005305,165392.09998741996,160516.33915718013,171813.41270341648,167807.12276444142,173671.95368309604,168779.0963950103,147390.9098086522,140741.02419762118,144868.38749114505,120777.52872697062,114760.5668652797,112869.17162122182
2025-04-14,171876.62226205986,167428.88567447124,182526.57507851036,149696.71894597152,149723.6839646605,166775.78740999865,161218.24247783923,173524.50966792752,169478.32091985678,175647.66579874224,170699.1468035173,148163.6068162263,141770.91591197453,146126.5298302961,121139.70667827905,115873.90400325657,113634.22219820105
2025-04-15,174512.32582187725,169482.88419587867,184765.7903358928,150205.3504988855,150587.28702317184,167533.18852162507,162431.38100983598,174511.9925404443,170442.77798411547,176850.09853399004,171867.70341975268,149132.88218058195,142100.69398693024,146552.45739953074,121082.80532228913,115549.36524976953,113760.89679336881
2025-04-16,167688.57917070246,164181.21506498414,178986.04985226374,148699.87028408723,148351.44814952053,165291.3842495795,159290.60671285953,171589.17755087256,167588.11625511848,173291.0611872696,168408.93477762834,144084.67113306752,140259.08863411724,144173.91694768734,117815.43948766752,112980.92490085977,110330.6084890854
2025-04-17,166440.9656649685,163204.00026685826,177920.71593751293,148406.08408455635,147942.6605848573,164853.90845235385,158716.36610404451,171018.80625055416,167031.04468947146,172596.53458651877,167733.9750641508,143011.3855788138,139856.94244723886,143654.52175176016,117131.75520613434,113142.13004165153,110310.74049112387
2025-04-21,160362.29010706127,158435.63491444002,172722.36923052862,146981.02992675704,145950.94843500145,162740.48166113833,155918.52659916674,168274.45792051053,164405.2598406272,169268.20292533803,164552.5184999999,137936.07332257257,137956.56455858977,141200.07315068698,114220.81518578301,110449.04770836742,107580.91092458658
2025-04-22,165229.1043983609,162282.3089011382,176915.91221092414,148156.1956334805,147545.58744192534,164478.59175512305,158158.58122247842,170525.15225662658,166528.24589567102,171990.0459101869,167124.77339110145,142269.4435422248,139601.6862853919,143324.843568751,117751.90524699914,113322.67767086641,110405.13053714318
2025-04-23,172283.60024051613,167825.25426813992,182958.68571210612,149782.52818956546,149857.0325825779,166883.99298129455,161405.56273451244,173639.92785948794,169456.86047409958,175756.85244094697,170673.14487268362,147310.89721117457,141432.441227802,145689.37008431705,120473.15464061043,115078.65368830923,112908.9151974569
2025-04-24,180482.7121421474,174214.80283918537,189924.40379756395,151675.87146624413,152543.51759677875,169684.3121547911,165179.37809359288,177266.08625124814,172897.79131905566,180142.0919744482,174842.24959894983,153452.69096129303,143717.17677092465,148640.2389568369,124120.61225228042,117500.94783514453,116085.84673109275
2025-04-25,184786.24622937755,177538.06558771065,193547.3375890107,152663.88285994675,153953.59468465776,171145.61464731744,167160.17104184921,179158.33994372925,174643.893939247,182430.4602152116,176957.86453409347,156235.42961280025,144694.9407806508,149903.0780585684,125325.32504822951,118349.92876270598,117379.96518969086
2025-04-28,185202.21697874242,177857.78913289978,193895.89180317894,152729.43675684463,154089.8898344157,171242.21308138996,167351.6304122926,179282.96230112622,174803.39929201116,182580.6091786159,177151.12459947626,156525.10504649463,144805.26403310345,150045.56695736357,125992.69840826721,118395.0656700097,117342.707955818
2025-04-29,187027.19789805642,179259.87632953917,195424.4104511594,153121.77774322138,154687.8550713536,171828.82330235164,168191.61663347908,180050.76027582295,175597.91863584088,183519.04155873496,178113.78107260066,158156.68208096887,145430.25201028548,150852.77528968762,126660.16324879994,119140.86892204871,118117.68874162195
2025-04-30,187921.18112667787,179945.36089993076,196171.70773142684,153270.458673155,154980.77369174233,172051.12419924897,168603.09139799117,180341.72380204865,175938.78380953008,183874.66843382755,178526.78054009366,158664.6540695344,145633.34792321958,151115.08547671002,126424.97398409803,119188.16090715473,118102.7858480728
2025-05-01,190482.83132488278,181907.70305487764,198311.00162466243,153919.4615514591,155820.11275085833,173021.48349146202,169782.14529779874,181611.8003753275,177142.54229213082,185427.00514331978,179985.27982567225,161374.15586806572,146631.8234125235,152404.67465924358,126571.66771108987,120032.83167911158,119645.29597290617
2025-05-02,197775.48611508304,187479.1871527589,204384.88730092428,155411.6404174344,158209.59200698548,175252.5207898276,173138.74452292384,184531.94369698624,180199.84576698512,188996.11725085738,183689.5735011262,166974.73651554,148697.26675652328,155072.31489888032,129525.71354255706,121814.64202428321,121421.29487042555
2025-05-05,197601.4563522868,187347.2114095146,204241.01081085036,155359.62839107914,157976.13056847005,175177.16594659048,172829.25029384167,184436.42246702762,180087.93045428622,188883.16739597102,183560.72206189868,166899.5352980444,148627.75440842556,154987.74919062853,128629.78295312596,121116.09084850202,120700.96055440586
2025-05-06,191968.65152917258,183074.8126306589,199583.3538400554,154174.78814709128,156771.3357384011,173397.01284682914,171072.9567496602,182095.12690627668,177801.8360566744,186007.7300036857,180766.31019741972,163416.59344379528,147439.25484558125,153439.6926940173,126350.49846106445,120103.7630052959,119578.23295193499
2025-05-07,195253.6800200056,185581.0800682014,202315.6207948439,154865.7820800985,157473.96710353275,174435.19077672367,172097.219885359,183460.56080005673,179135.076860274,187684.6732058543,182395.99964667356,166075.17032797358,148346.45272509195,154621.34527092485,127840.88906470315,120608.86269094721,120047.68925935728
2025-05-08,199317.2080604541,188670.8612085378,205684.0190674352,155720.53059457566,158343.11093661623,175719.4003782153,173364.21710755184,185149.58082841782,180784.27454766555,189759.0252984669,184411.89959784466,168793.19946230366,149273.93775732364,155829.42247561464,129211.88466079366,121449.22330729946,121287.16882848323
2025-05-09,198069.06084843547,187725.6783547416,204653.60553734828,155457.98731575435,158076.14601320287,175324.94447246194,172975.04813055106,184630.78395573527,180277.70944583887,189121.8704036643,183792.69877562393,167881.52341335494,148962.84253065218,155424.21156787057,128822.23909568462,121294.496702864,121207.68167601306
2025-05-12,206658.7261956221,194238.5612744005,211753.77949134554,157246.65846288245,159913.38069952588,178012.72329062328,175653.28291227797,188166.3412185617,183763.8564799034,193464.68216968584,188053.99727820756,175465.07246048658,151550.6103156149,158794.85709141265,134428.97904802175,125302.96802103994,126145.70921361918
2025-05-13,213138.5325276419,199110.85786671322,217065.42930720013,158588.51180385216,161299.33981116247,180037.98963758667,177673.66927144543,190842.1298034876,186393.7095315222,196765.80390441828,191268.6031916628,179747.88289391666,153012.05255062287,160698.42964377586,134926.79171007973,126130.46468532538,128068.265864892
2025-05-14,215520.49835152042,200891.01559972242,218962.69744128923,159069.17331141926,161808.81603129237,180763.4545940273,178416.35987236456,191800.61649938227,187360.43905549333,197948.28942741317,192450.28687644377,181166.94972684685,153496.28696542565,161329.1595616937,134822.12522332583,126291.64322021835,128835.7876236093
2025-05-15,214724.127046211,200256.98635582713,218153.60684197658,158899.68153154352,161638.48099189694,180507.63975391875,178168.05342003607,191462.63308794436,187037.22885441984,197531.3191212529,192055.21026825823,180871.80029898457,153395.57182843302,161197.97506066167,134283.0769563877,126908.50098375311,128977.37269263828
2025-05-16,215290.59028762954,200785.28386560542,218729.11738640766,159020.7376198999,161759.64123197566,180690.35034855502,178344.67515026842,191704.0309288781,187267.13002858195,197829.13176008133,192336.23040872463,181223.71086905137,153515.65581954946,161354.3880778797,135625.6481455264,127712.34500401084,129538.74028402974
2025-05-19,215217.22448250005,200716.86111666285,218654.57981474287,158886.053551937,161602.408169586,180489.32582930848,178122.78846617357,191441.41607349855,186987.83877729613,197508.81971468986,192006.4876093246,181430.2610851702,153371.65708539877,161175.43481696222,135202.34185289172,127852.0392756278,129662.93611714736
2025-05-20,214755.80966410183,200286.5343421944,218185.79548077635,158804.42112032743,161519.3801300701,180365.87060083973,178000.95195620524,191277.9802921951,186828.20506714284,197306.78628123255,191810.08255767258,181083.17701403258,153275.6793950867,161049.5495233674,135729.28576512265,127422.18107176542,129230.73704359794
2025-05-21,210885.07366209597,196676.59102840052,214253.23777714692,158119.6195505399,160822.87102608,179330.22419674558,176978.8847258324,189906.9433478174,185489.0630968673,195611.9597318667,190162.47161391395,178095.92740920596,152449.6278954686,159966.09215722536,131937.97655006245,125275.00522140764,127434.85498749286
2025-05-22,217601.81744642675,202940.79098989267,221077.25845401222,159307.93016769044,162031.49729057617,181127.3427664076,178752.43986191435,192286.05261010356,187812.8262004537,198552.92901653834,193021.50941957967,184270.16513164048,154156.96374091494,162205.45084016747,133379.09317154737,125324.46558726535,127673.31644490338
2025-05-23,215745.70013258074,201209.7304672264,219191.49604665028,158979.5502292051,161697.5032887901,180630.7237201421,178262.33237816283,191628.60518690984,187170.67323640807,197740.21616280364,192231.43766123505,182475.2296729244,153660.61782961426,161554.43860424537,132123.54693744658,124469.019426297,126490.96968792386
2025-05-27,220922.74436541522,206037.96887042708,224451.22576454194,159883.158644607,162629.072488565,181998.1556926063,179629.33009069826,193440.03664961865,188961.75307511806,199980.80102598167,194435.08955842472,187072.64506204703,154931.92166388917,163221.89336280042,135076.07769694112,127056.81556657927,129466.69699802207
2025-05-28,221179.4560456059,206277.38447846568,224712.03753135388,159932.68949388238,162675.2657764205,182073.30194031933,179697.11476933328,193539.83544067614,189050.5665165476,200104.5601197741,194544.36101828498,187206.25212315566,154968.86745944974,163270.3518358697,136089.46407986,126321.74779470357,128892.91285544368
2025-05-29,222186.03997974878,207216.1493389337,225734.6981836205,160121.03088226888,162856.39279559653,182359.04605400533,179962.9030982645,193919.32101667655,189398.8100526909,200575.15490850326,194972.8218342244,188044.8496512116,155200.76128730646,163574.5060878387,135699.59953849312,126820.36894399858,129146.27720640333
2025-05-30,225057.0901927457,209893.76117156807,228651.60355427273,160628.32559795686,163373.0161484495,183128.69355503347,180721.0034538399,194941.45974589605,190392.09500857542,201842.6949409824,196194.90821484115,189972.57637659865,155733.82740598198,164273.6809131211,136234.54456846885,126678.54620047811,128942.59422081555
2025-06-02,229744.67734710706,214265.51990090116,233414.05879941606,161454.13891831227,164216.51132018626,184383.99103442527,181958.7601020604,196611.7665950155,192013.8394764174,203917.98167456128,198190.2186393562,194215.81992781023,156907.1935997744,165812.67968793615,136913.16514458635,127392.103103179,129961.00914875446
2025-06-03,232392.44655947285,216734.8943970424,236104.1170230009,161923.4016398774,164692.95697825274,185097.3196270648,182657.9031446618,197560.94534766118,192929.87686001707,205097.32048981913,199317.26360666484,196189.58088612507,157452.98937019455,166528.5508511073,138095.21842938158,128118.56386679491,130976.92257370698
2025-06-04,233873.57818800324,218116.2340741713,237608.9046377718,162188.70549260304,164959.47519673742,185500.60933065647,183048.99571739347,198097.57604178984,193442.2976312192,205764.07520307065,199947.71959205088,197870.37822267495,157917.77314928282,167138.16588037522,138523.08215189129,128084.1624396545,131342.06620659732
2025-06-05,229511.63157305212,214048.1756972609,233177.29092023667,161406.9489220497,164174.57652969897,184312.25728683843,181897.22440220515,196516.3152844139,191933.21362725832,203799.38500850028,198091.0207690983,194902.00546234404,157096.94158363956,166061.55503157317,137009.3008859244,127465.16290126684,130353.45706575671
2025-06-06,231284.97046990885,215702.03503834776,234978.95280995627,161745.32963452273,164493.67519348807,184826.6314877119,182365.47425801642,197200.75870560293,192546.72809661826,204649.79457698902,198845.85720639082,196099.04803241458,157427.95470303737,166495.7151325681,139467.42415637572,128774.10660717588,131627.70752639332
2025-06-09,232733.92248411023,217053.36321804376,236451.04685167962,162035.21225509347,164783.51451126236,185268.1553739817,182793.53957700718,197789.42495499935,193111.1952998683,205382.643402535,199544.7811959787,197031.06099294737,157732.83193933987,166898.42900831177,141388.67083098931,128890.16153771452,131821.46030315637
2025-06-10,233874.5318571065,218117.1234893629,237609.87353846064,162262.48227602194,165014.63929130512,185614.4181879561,183135.1773790488,198251.22280983854,193562.070445267,205957.72271584673,200103.51427022496,197781.0228869982,157979.33980176112,167224.30776951963,143189.18676088078,129620.93245693503,132693.3174773419
2025-06-11,235995.5749555397,220095.26029525453,239764.79300911192,162685.10681408338,165444.43202420088,186258.3181673988,183770.476824538,199109.96829805494,194400.50438947597,207027.1230183774,201142.51759516104,199168.26292225134,158435.3170700305,167827.10114845302,143341.89590118092,129251.25679614427,132246.20034961915
2025-06-12,237419.82699530828,221423.5526731009,241211.7925792194,162968.89353243666,165733.03208940307,186690.68838175494,184197.07189550577,199686.604394765,194963.50155635717,207745.21100222532,201840.1944155706,200661.4959999633,158926.13359951478,168475.9513759372,143135.05439993512,129764.93688415659,132556.68993241317
2025-06-13,234775.02255199067,218956.94319327612,238524.7464766766,162441.90789176503,165197.1081704087,185887.78648507016,183404.8943119818,198615.80395483453,193918.02830656312,206411.73754574175,200544.6240368062,198262.2204962479,158137.5064966283,167433.40116752076,141702.31150049443,128314.17043472709,130892.47789713653
2025-06-16,239440.76973750838,223308.3334321051,243265.01293455088,163371.17586665458,166142.54121481298,187304.93161199865,184802.38906441833,200507.57947724374,195762.36650899058,208769.79409551248,202830.16309192724,201853.14316836625,159317.8206953173,168993.75435515048,142975.01479315443,129534.95549498279,132713.1778949913
2025-06-17,237141.10931436243,221163.61372912608,240928.62334143792,162921.2264389,165676.55476751906,186617.62437162592,184113.58976905403,199588.57535655156,194853.32634835274,207622.40488616074,201703.66319777726,200249.66135307023,158790.76608380236,168296.99806428683,140359.04599803695,128428.07028746343,131419.06701670526
2025-06-18,238697.53231276476,222615.17198409516,242509.9048468935,163228.25376417636,165991.93699361308,187086.615086222,184579.77297323412,200215.66666879563,195468.56979831943,208405.33696311933,202466.08460804546,201413.77526690534,159173.40316815383,168802.83709844935,140940.591197995,128408.71449609094,131396.70509606946
2025-06-20,235795.10715328608,219908.29910699435,239561.12342284367,162649.4315993285,165403.81068809892,186202.45202200062,183710.43227207026,199033.4450193589,194321.2608275443,206929.31707040756,201044.31746276483,199165.5364584353,158434.4208981415,167825.9164260586,139798.8380081473,128107.16323916176,130860.18576767601
2025-06-23,239483.46359923005,223348.1507744871,243308.38868394945,163391.02457464152,166151.1923881535,187334.52485937809,184815.17682280834,200546.17813042592,195779.24310282466,208816.7732329511,202851.07688868884,202355.57501874148,159482.96695465504,169212.0746062065,140820.5830327889,129372.52648284652,132057.43541820467
2025-06-24,245089.87843983027,228576.83073553105,249004.3467290652,164522.1899582608,167287.23547839947,189061.2190857615,186494.42239874532,202853.3711150959,197995.4208462889,211695.35785637682,205597.40659064424,206640.9105390677,160891.530386015,171074.1689896702,142573.43230836932,130801.72885130362,134076.86087754695
2025-06-25,247185.76079083918,230531.5020113821,251133.70359584448,164955.72325274532,167711.92982060002,189722.99626474152,187122.18564240125,203737.63171053177,198823.9089177724,212798.611450695,206624.08480052205,208322.01451417722,161444.09892409598,171804.65421194086,142279.9898924601,130875.0281024806,134419.62742917734
2025-06-26,250610.97901641493,233725.9445218748,254613.62790807334,165652.66872514458,168405.99110724812,190786.86520974533,188148.11446062996,205159.1636349549,200177.87444009833,214572.19518059632,208301.94468353607,211201.7355339821,162390.6455134531,173055.97101350434,143657.98360781974,131898.96942051023,135676.48865390258
2025-06-27,246771.72668904086,230145.36365508632,250713.05672255,164952.20138722868,167628.03296425825,189717.6202295996,186998.17324704712,203730.4483016947,198660.24404681142,212789.64902303525,206421.26817283395,209159.370325555,161719.33262968308,172168.50799793532,144497.09823435385,132554.28601075144,136140.99501753668
2025-06-30,250509.0415700328,233630.8751596652,254510.06236140453,165679.03325653757,168385.3352451879,190825.46841305308,188117.5819348133,205208.5513493039,200137.5792592527,214631.07719915005,208252.01012737135,211698.07494603042,162553.78922578038,173271.64393504872,146671.00832503324,133188.05182296966,137022.7824005469
2025-07-01,243105.4447792636,226726.09924133518,246988.21856244293,164219.9473539709,166885.12428751637,188583.94237772113,185900.040509429,202194.3769432677,197210.98768588825,210846.6313960374,204625.3220663048,206114.78759818035,160718.59701092256,170845.55431793892,145940.5221050741,133144.95026692367,135867.75508830344
2025-07-02,245410.4857331794,228875.8369592517,249330.07462180874,164665.00618785527,167352.2010063968,189267.66563325486,186590.45139308064,203113.77788046736,198122.15473382914,212000.98497663814,205754.457639741,207637.8775391391,161219.2273077408,171507.3781613969,147241.30695221317,133748.54498990971,136814.12673023465
2025-07-03,249020.48578439865,232242.61153156593,252997.73201414137,165378.3862195373,168083.70513703587,190363.598306779,187671.72646592083,204587.47578234604,199549.16325797187,213851.2859508127,207522.83380286896,210668.67202034776,162215.43081478222,172824.34047487794,149562.8902036236,134802.6707001209,138160.4053162548
2025-07-07,250085.01823754972,233235.4206018765,254079.26671380395,165621.71856473875,168330.44313289487,190736.82947688055,188039.69780564797,205088.56692817018,200039.0864029103,214479.43681967104,208135.27624708472,211056.8254689942,162370.02797099587,173031.20969253982,148592.46034199576,133798.0984764132,137119.6587889284
2025-07-08,250476.8374314475,233600.8407903095,254477.34387240998,165707.79721489095,168417.92958968307,190868.9070588813,188169.90773245884,205265.95479254573,200212.10680507182,214701.8843003854,208351.14387773257,211265.92605175375,162445.89543286985,173132.2176329049,148692.92510919942,133724.825831135,137196.65959903636
2025-07-09,255273.78891092166,238074.59537107853,259350.91016180994,166761.6381564006,169489.0059811925,192485.90225016128,189764.03765458972,207437.67325787176,202330.3554438675,217425.25719363976,210993.96119330532,215100.94462003597,163837.34600261657,174984.75827019982,151223.94348273543,134526.72762078082,138167.86434334144
2025-07-10,254386.250250688,237246.85505229063,258449.19612247424,166566.65503403026,169290.83393179908,192186.72354222272,189469.08951067363,207035.85887526482,201938.43412321978,216921.37493855788,210504.98344367777,214321.23719878533,163554.4466329739,174608.11350112007,150804.81951371554,134906.1144346313,137969.1540424781
2025-07-11,253821.85728459342,236720.48833204684,257875.78891889864,166442.66369967646,169164.81473312582,191996.47339771484,189281.52961582347,206780.34188047922,201689.20820603234,216600.95216347201,210194.0385633794,213945.314943551,163418.05166462815,174426.52083295287,149609.31072655265,134431.89089453022,137658.66445968408
2025-07-14,256587.76404518678,239300.04080263822,260685.87153193535,167289.10642844532,170025.10093746553,193298.01228731323,190564.66397510585,208532.1056127845,203397.84180688453,218788.2450696577,212316.63278505768,215525.14902849795,164131.1759140715,175377.7052529568,150112.75903055308,134688.39836480145,138157.93413451672
2025-07-15,258974.0450320953,241525.54496749467,263110.2651545509,168068.4613080179,170817.20207838537,194496.70109820372,191746.40261667315,210145.85447782782,204971.8586011023,220802.2009163785,214271.01714340108,217424.52573336515,165255.16416568222,176877.2155283326,149153.92242855902,134112.8462591441,138284.6011493724
2025-07-16,259484.5530909617,242001.6573018899,263628.9268247396,168220.69482340943,170971.92535578887,194730.8442547109,191977.23485035144,210461.07244736105,205279.3155968172,221195.59240775896,214652.7723733934,217565.80826337732,165275.72314992367,176904.64322437582,150718.08569683594,134561.2088656176,138426.1862184014
2025-07-17,262657.030614402,244960.38763585477,266852.07377093565,169260.87079817487,172029.1132915608,196330.68963322736,193554.45746822277,212614.8830447151,207380.09727681454,223883.5443804806,217261.21649594908,220047.88387293383,166632.82659994386,178715.1519775918,152012.12329683485,135384.68803918516,139546.4350588221
2025-07-18,261770.2866861618,244133.38850361243,265951.167156705,168967.54274657185,171730.9878926848,195879.53565627438,193109.6830755545,212007.51171393017,206787.68002051723,223125.54598973834,216525.63919869688,219348.30904765043,166229.7652973617,178177.42877277883,153632.5767873194,135285.5278543806,139412.30901687976
2025-07-21,262289.24597654445,244617.38266376106,266478.4150377815,169189.36747453822,171927.7017353581,196221.28307790565,193403.16118991282,212468.3589524083,207237.18075055434,223625.70054465134,217010.99951107302,219938.62755067323,166700.99122203558,178735.55707929327,153879.10078802716,135542.04862760124,140135.12209494962
2025-07-22,257137.07143775412,239812.3383470815,261243.9522218045,167295.81099238942,170200.3063598421,193294.13787137068,190826.05359713582,208507.79798454128,203374.13265615408,219233.71341523132,212748.9244701727,215932.9230295172,164114.35265812432,175701.65617507685,154271.15440250843,135561.44432782193,139409.82267451755
2025-07-23,261958.31455294418,244308.74790299954,266142.1981222962,169027.7649718678,171796.12432168625,195971.47062418947,193206.8603565206,212130.3513088973,206907.4951848601,223291.15854253646,216686.353041188,219258.4488882431,166131.7001334808,178102.46953189158,155881.65426369998,136714.7302228377,140045.70473365474
2025-07-24,264464.2720912531,246645.86535440452,268688.17971782165,169956.22686470894,172639.78447196906,197406.7289883848,194465.52007613907,214072.32133598925,208801.65201602736,225436.20568933678,218767.95110523773,221409.6086061128,167566.5584792066,179756.28196518254,155270.18089128513,136760.00015963538,140343.77776526185
2025-07-25,266246.8936411912,248308.38192538463,270499.2725190956,170575.7839856409,173222.6300501316,198364.46839241497,195335.06956445496,215368.18643093624,210065.6116485768,226918.11904513964,220206.0304393587,222601.26429090192,168190.95059508298,180531.7402909129,156442.26638602497,137337.72064604444,140681.58679279193
2025-07-28,267893.1932056964,249843.76126985755,272171.86605983874,171210.17340081485,173812.90263151727,199345.7443860867,196217.0111033154,216688.17632372293,211328.84485445134,228335.70479979468,221581.68494043394,223880.0843876697,169108.8892595483,181586.1830464911,156139.02818601392,137303.23940120765,141121.24489342803
2025-07-29,266247.2828156777,248308.7448790541,270499.6679093067,170542.8819507545,173135.46704733235,198310.23322112096,195197.7522955619,215337.41391658448,210077.69651185852,226947.79996406194,220234.83341623502,222621.3883576754,168321.55172806024,180704.09000192062,152176.00122506864,136941.07990682614,140902.6590142911
2025-07-30,268978.5571407145,250855.99829098763,273274.564952681,171585.9614872499,174194.40343126655,199928.89700872172,196791.01114020048,217448.86405643856,212055.00289642904,229242.73695046018,222461.8876770836,224499.08702611798,169494.99666495537,182102.23502017776,151208.0419581373,136768.633773794,141091.43910632972
2025-07-31,274271.79683228687,255792.6034283563,278652.3459523314,173906.9124604146,176550.63739504386,203530.57757248858,200336.16329455248,222147.04102705402,216381.52514318217,233860.37554198704,226942.9395583635,230250.4487409302,173336.79147197312,186325.36277965037,149695.18825360297,136255.57892440332,140343.77776526185
2025-08-01,267986.38729480177,249930.6763626658,272266.5486041543,171392.09245304263,173997.5872088622,199628.04863213212,196494.88458163518,217056.42533525947,211636.86245067345,228509.35898866985,221750.2025526999,225115.01458248173,170058.32126341795,182539.58398111424,145913.74668228783,134022.27977964995,137579.1773072139
2025-08-04,276941.4872489418,258282.42217717014,281364.67549608776,175079.1579426643,177740.703299536,205361.37010678274,202138.22152326346,224243.30224650024,218523.5136287719,236124.41869591255,229140.01380596985,232117.38573054867,174913.9787478326,187946.0757248413,149193.54379417424,136059.4136325965,140117.73285903825
2025-08-05,278098.84367086645,259361.80115699163,282540.51670833427,175573.72935069713,178242.79315950884,206131.60443560666,202896.3670172465,225180.42953828545,219436.73755326268,237111.19794327495,230097.60477268498,231218.21024316244,174236.39761104592,187218.0108980282,148850.89011698257,135369.58919161969,139166.40369300675
2025-08-06,282554.9976905951,263517.71966975485,287067.84247009165,177477.9710572265,180175.98306142556,209097.22741527107,205815.4445171004,228788.63827085696,222952.91146904283,240910.5809392291,233784.60452034036,233626.28906105683,176051.0253514481,189167.83883717604,148861.2292975967,136406.47427941248,140917.56190784022
2025-08-07,283126.19989410846,264050.43685179175,287648.16766524635,177722.06205003688,180423.78471435222,209477.3692086818,206189.61998158408,229251.14849147687,223403.62441113094,241397.59640810027,234257.21439219173,233517.42181671152,175968.98753767635,189079.68873465236,148759.42900145275,136292.22854999182,141394.4696620371
2025-08-08,286239.7221355217,266954.1840440347,290811.4177214491,179052.5589045121,181774.5077211974,211549.45492788093,208229.18429645436,231772.20994733903,225860.3809870909,244052.23164045048,236833.32726162736,235452.3840734291,177427.09437437082,190646.43291316857,149227.26137947902,137354.96126846282,142713.42880332115
2025-08-11,284101.67226409004,264960.186304604,288639.219853063,178084.61555720773,180846.96877102944,210056.52738029076,206759.68826038853,230041.0017838378,224173.3308637599,242229.29861568176,235064.31539589225,234259.22164848907,176527.97694556718,189680.32606699667,149249.16442843026,137083.3549506261,142291.15993859645
2025-08-12,290068.99638351006,270525.45910930523,294701.8514620691,180934.53385451678,183435.7416630914,214450.8092738416,211085.00185939876,234872.8255723447,228881.90900599113,247317.1276472402,240001.64979346297,238758.22721063884,179918.23985417048,193323.18305252146,151610.68662333526,138542.7417112648,144079.58296761487
2025-08-13,286394.3911799759,267098.4321876923,290968.5570721994,179172.10337105,181841.60698068305,211733.32212010364,208410.16569141217,231897.44758373738,225982.42417888372,244184.1047612847,236961.29966234503,235589.60167289208,177530.49583307997,190757.53837499465,153648.8176817966,139016.9918572647,144151.62625362253
2025-08-14,286119.4352921883,266842.00158426375,290689.2097092904,179109.37359090382,181722.32431150464,211636.59922901477,208314.96086698424,231674.81204847654,225765.46742282272,243949.67329413333,236733.8025236912,235841.39330647117,177720.23550426454,190961.41474247398,153961.64648423035,139029.92232407848,144039.84697169185
2025-08-15,283386.7915164113,264293.4709889882,287912.92134290794,177856.60894706982,180536.83580965313,209704.96455847757,206413.6432202816,229462.15308491443,223609.24689656467,241619.78068949678,234472.82660878432,233955.8908821038,176299.39953393515,189434.71832413285,156120.7417620987,138704.41245528546,143406.45125491687
2025-08-18,281093.34459281067,262154.54614805285,285582.84448863607,176778.2281829494,179541.88177223486,208038.74849992624,204780.9594432734,227605.11780723147,221799.57913950592,239664.3538337208,232575.2399923569,232405.7688746774,175131.29225489544,188179.5803374906,156666.72755799466,138674.24136605326,143349.31086245834
2025-08-19,269626.6579215431,251460.4329719383,273933.0169155777,171549.0048722321,174567.34929799897,199830.35694699126,196770.4531702812,218320.3850987673,212751.6727171894,229887.68674235282,223087.76027863254,224864.2489903654,169448.3174763401,182073.1912671662,154935.8916731497,137921.90636586037,141404.41503148596
2025-08-20,267574.40675207536,249546.45320591796,271847.98808847857,170594.89616869114,173677.03194822898,198332.67796918278,195291.50208641018,216658.64931532714,211132.32293736486,228137.90696315712,221389.7378336153,223187.3989159468,168184.71321267396,180715.44122154173,154185.881797432,137555.43671587427,140564.849986761
2025-08-21,266441.61596688366,248489.98474131303,270697.1048645652,170054.9699013987,173185.59926946124,197485.14747597018,194435.69414189472,215741.4131549051,210238.482779845,227172.0727419484,220452.47235296606,222261.30332770437,167486.8462108961,179965.5791161745,153560.41246938278,137003.60376899163,139914.06503407465
2025-08-22,270501.38349043776,252276.22348754038,274821.7132184864,171945.50453089413,174946.8268989187,200452.74850602695,197380.80475657943,219028.66233117797,213441.88387577957,230633.4907333888,223811.5038784955,225199.54027285258,169700.97899962374,182344.67752645642,157481.6347186464,139107.54503380944,142072.57405945953
2025-08-25,270158.5090422465,251956.45036917803,274473.36252964754,171773.4015750594,174798.079477278,200176.12197087455,197160.72426761794,218751.0322105264,213171.33528482428,230341.1508944969,223527.81125962248,224854.1106815093,169440.6776697215,182064.98225103418,156862.37405701494,138495.3166966648,141662.7369065459
2025-08-26,272567.10454814247,254202.76560163958,276920.42706898315,172823.51855358272,175842.98781958062,201806.80314794678,198816.1586306094,220701.3048669763,215071.86220871456,232394.75513903552,225520.67124227245,226102.79823431507,170381.63651856748,183076.04794358308,157059.26799041967,139075.19226087615,142231.54836439985
2025-08-27,271511.19507448224,253217.99853345516,275847.6530712665,172360.72268795906,175384.9081565392,201088.14749116407,198168.1867417096,219846.3205538673,214238.68603655545,231494.47106408436,224647.016977699,226143.07659202776,170411.98860866524,183108.6614388838,156561.99802879908,139392.06851551056,142450.13424353677
2025-08-28,273675.0086746457,255236.02415808014,278046.02615538565,173316.54849852377,176323.62404987376,202572.40799711223,199731.9590836001,221598.38996017617,215946.06529360556,233339.37062601105,226437.34562488113,227808.3100295891,171666.83905940186,184457.00546219083,157961.88240007052,139885.71436173114,143341.86699599586
2025-08-29,268047.5402637075,249987.70912106262,272328.6782815194,170865.8584924907,173882.28897545385,198766.8376221842,195607.15870967144,217041.75197757475,211505.6537748802,228541.30761110442,221781.2061559112,223586.7430150259,168485.64226647813,181038.79121986072,157023.6213916906,139051.47310210147,141682.6124848195
2025-09-02,266862.65881052584,248882.65962212105,271124.8724202613,170338.6890208565,173368.25807568734,197925.37363779978,194711.806210876,216082.33729228692,210570.71094289457,227531.06011393326,220800.84111477004,222534.87857832687,167693.00110714702,180187.09373735683,155933.78542248876,138021.07985361436,140495.29304311553
2025-09-03,266996.51469552313,249007.4969028882,271260.8661928796,170385.78451285826,173426.32807148265,197998.0233128953,194875.75770717676,216190.72222939075,210676.33129829913,227645.18762638362,220911.59281051985,222828.71281409354,167914.42232946743,180425.0121136652,156365.93136268662,138769.07809230385,141600.63898998708
2025-09-04,269533.5482876069,251373.5966440917,273838.4201753122,171496.9742131791,174526.95603436854,199712.14853521498,196731.5583421558,218244.9929573,212678.20360801928,229808.30008776893,223010.72182903963,224742.75151658684,169356.76204855717,181974.81443367183,157583.5992068481,139928.84252367594,142882.3333170862
2025-09-05,271347.4184246887,253065.25641372093,275681.2606524896,172220.56106071547,175313.85779244744,200828.3562048349,198093.87362310154,219713.70836511438,214109.4563955986,231354.83266388433,224511.50898946807,225095.8300627708,169622.82731173927,182260.70308853954,158498.22867765,139523.56817029903,143088.5026450362
2025-09-08,275022.3599256737,256492.59697458317,279414.89671100583,173824.1283872631,176918.44352190068,203306.94775283427,200701.82457161124,222689.35865835779,217009.2065816499,234488.14228203316,227552.13737142982,227776.48020315001,171642.85343002822,184431.2327655382,159742.6691945749,139866.33196445985,143786.4826207322
2025-09-09,277598.2278459065,258894.91456251527,282031.90526648314,174958.7449566289,178073.25786964846,205075.0566722902,202447.27739601527,224775.0740718256,219041.72151527164,236684.36546745888,229683.39772056602,229350.79746018193,172829.1932398281,185705.961711299,160286.67528617062,140189.67345250116,144193.84859190776
2025-09-10,285782.1575664424,266527.448106497,290346.5451312987,178563.59681666008,181742.28118718736,210692.611447293,207992.8502622446,231401.71367037954,225499.33498296735,243662.1053037901,236454.7406052275,235093.24322354203,177156.4608120165,190355.63559457773,159809.38300441366,140594.93450292863,144241.0436149174
2025-09-11,283289.4423295433,264202.6807501149,287814.0173374264,177465.60728533316,180624.74589051714,208981.5796007429,206303.74313974616,229383.32811957193,223532.432524783,241536.7793292164,234392.28037411024,233605.79222145048,176035.5797881784,189151.24249064794,161758.7836095421,141763.31924550992,145080.6086596424
2025-09-12,287361.63127869694,268000.50402245496,291951.24550652143,179259.32233531936,182450.39160328242,211776.7825481276,209063.12907214471,232680.6350936949,226745.6348736583,245008.78801231593,237761.58932561026,236696.01472580427,178364.2425540088,191653.40401974638,162109.11467284648,141715.86762501113,145721.44824287988
2025-09-15,289197.6446006136,269712.8150692572,293816.5828297922,180020.21230251202,183273.51398085133,212984.2078895399,210307.24357553635,234167.28014050607,228194.35996775667,246574.2001961749,239280.69764741167,238397.15667596948,179646.1521618641,193030.82326293743,164141.89930606593,142470.35770300633,146968.37925878042
2025-09-16,287609.38338328025,268231.5637105751,292202.95459930494,179365.31687008395,182561.4639462431,211953.70516685685,209231.0101996281,232881.24335438624,226941.12620628698,245220.02513051208,237966.57818888465,236738.25589658314,178396.07373815143,191687.60681010145,164580.2175961425,142274.20571414888,146844.1834256628
2025-09-17,283081.84520901646,264009.0705848078,287603.1045665333,177454.25502335565,180531.67584936618,208946.57709914734,206163.07172662145,229215.23389755323,223368.6258931101,241359.7789458708,234220.51554560394,233608.5986512218,176037.69459657947,189153.51486443265,165524.68364889157,142097.44942551214,146551.08307878012
2025-09-18,288111.563788776,268699.9094712259,292713.1556104875,179538.19404886678,182786.60170772116,212225.73394367236,209571.2963611382,233287.86568306113,227337.37679255544,245648.19159089352,238382.07976718355,236735.75501990848,178394.1891818174,191685.58184348643,166351.54906681654,142761.37302401316,147872.52856242642
2025-09-19,291012.94610508543,271405.8097672144,295660.8775355333,180743.95777095816,184087.3508264388,214123.04874692395,211537.3233918333,235637.15454603304,229626.742190418,248121.95317735217,240782.66911412356,239154.05511046684,180216.51924690278,193643.6859747861,167570.47116445345,143468.46469330715,148873.53909382978
2025-09-22,289875.281208662,270344.79558695166,294505.04235321644,180277.40882468977,183577.31235164,213389.30967420415,210766.42190612826,234715.97175121913,228729.05606556853,247151.96321663086,239841.37081800125,238690.31153373464,179867.06143326382,193268.1915450384,169288.55296752506,144147.22108038573,149581.46443897465
2025-09-23,288061.4203938653,268653.1445115141,292662.21134721563,179437.04166397796,182764.12139674218,212063.29996658326,209537.31832616808,233247.26389178634,227297.8106338336,245605.43858883402,238340.59137078532,236517.277729958,178229.55381023153,191508.6801902477,167096.06752008537,143362.55991315836,148587.89777403377
2025-09-24,287067.29271350964,267725.9966587808,291652.205894571,179058.78170092142,182318.43359584583,211466.44610738143,208863.68015013213,232442.30513998604,226513.3840177099,244757.8305869946,237518.05505575193,236021.06786795633,177855.63075839524,191106.89772140907,166767.51898996704,142906.42838423708,148066.26617856533
2025-09-25,285438.06239099114,266206.53650795727,289996.9542182783,178345.71313712257,181588.01627225103,210341.30000220082,207759.68539725384,231123.0951102036,225227.82316467943,243368.72465473454,236170.0379626704,234718.78406410577,176874.2840106131,190052.43499926786,164734.11495391122,142247.13421212617,147427.91293769007
2025-09-26,284915.32305612636,265719.0169856302,289465.86591950327,178139.82932178536,181353.66152164742,210016.43731057932,207405.46814826367,230699.8259358063,224815.35034487423,242923.02934631193,235737.5260281181,234834.79135980923,176961.70226923,190146.36642070924,165434.8492175556,143062.0861951303,148033.9740491048
2025-09-29,285829.27026282076,266571.3865624387,290394.4102910476,178427.6682602723,181763.4027739393,210473.01098214166,208024.7746432709,231439.8614636862,225536.50973800817,243702.27428733977,236493.7214166827,235857.97500674555,177732.73078185983,190974.840990084,166130.7954731033,143464.14123475316,148719.5374736139
2025-09-30,288673.273153752,269223.77339925914,293283.83635164174,179652.14439368545,183038.4275210105,212400.91470323654,209951.9203791208,233742.68942274794,227780.5993132838,246127.11332486177,238846.8353114832,238098.5937597238,179421.16760319893,192789.07606124147,167018.55217984217,144004.54694810387,149126.90344478944
2025-10-01,289299.32219581894,269807.6420878873,293919.884375055,179883.286501495,183319.09812934953,212764.84154312158,210376.14207935162,234249.60987715848,228274.58971441654,246660.8920215881,239364.82518568897,238507.9348797469,179729.6299949452,193120.52067448755,171801.5578523689,144495.2528425077,149842.27265639682
2025-10-02,291616.0219960901,271968.25313181337,296273.58549076825,180944.06016331556,184357.72210061888,214435.00026166093,211945.97808604955,236125.473326464,230102.60539168934,248636.14462482205,241281.6511170137,239743.622169893,180660.79238817707,194121.06001916042,172108.1419999632,144661.67273946307,150458.27913726043
2025-10-03,285263.9598542162,266044.16421281244,289820.0709919717,178228.23033566464,181509.96253903443,210159.00149964826,207641.71049560502,230982.12190982202,225090.44577696593,243220.2822501752,236025.9863867344,236304.14141583192,178068.9431752198,191336.10313959557,174741.7849151883,144659.53096461017,149824.88342048545
2025-10-06,288451.08708393807,269016.55722209613,293058.1016231474,179623.75880322506,183024.91090828954,212328.59039520368,209921.95731796525,233562.78232936453,227605.2811219308,245937.67418701967,238662.99965865124,239046.4452634832,180135.42895532848,193556.5539903108,177792.2016755735,145178.3193851909,150950.1049456306
2025-10-07,287770.81088334275,268382.1149556642,292366.9603487592,179300.47776920133,182695.50859066323,211827.83968487688,209426.8823539931,233011.95340453796,227068.50222661672,245357.66061081667,238100.1425022723,237866.75831363877,179246.46608240643,192601.358272811,176057.32849467697,144640.0687496425,150155.24858155305
2025-10-08,290724.3597258586,271136.6670332222,295367.68198094034,180704.06402286194,184125.6715643139,214001.94437879435,211576.3447128392,235403.48221580897,229399.03015564673,247875.90015107798,240543.89417441652,239797.65765053764,180701.51127221656,194164.81269414898,177561.92635557812,145502.56547379118,151876.60100928822
2025-10-09,291292.6245228412,271666.6447178973,295945.02285459253,180974.1149683559,184400.83588872754,214420.2435938686,211989.90272596173,235863.61397826776,229847.42530706205,248360.4111435832,241014.07365066442,239902.35911217317,180780.40992592036,194249.58975113294,178087.73515803108,145081.0482192007,151692.79360197403
2025-10-10,279358.1812100066,260536.2902275127,283819.96783557424,175302.6256948901,178621.95771632198,205635.31041374768,203304.5421504216,226200.13233263753,220430.43072156055,238184.92780341726,231139.57441028408,231239.62717947102,174252.5365208072,187235.35224934737,172166.57030881188,141159.81764316966,146426.88724566254
2025-10-13,288978.93346948794,269508.8397051274,293594.37854018627,179820.96540751174,183280.5038903733,212647.52344231572,210306.1005969455,233990.1867524085,228021.78371232425,246387.723842587,239099.73714162575,237862.4740550011,179243.23764382163,192597.8892969917,175002.5072801871,143325.7905610253,149534.269415965
2025-10-14,285398.09995183884,266169.2665572434,289956.35351653496,178317.6141500373,181546.5980757714,210278.80504022198,207700.12816517605,231090.7369777679,225196.29039325006,243334.65208652438,236136.9732386016,235209.19934235993,177243.84050586738,190449.52557795626,174698.8087884679,143150.69714106314,148538.2164086619
2025-10-15,287793.07653435395,268402.8804477964,292389.581617005,179351.25890804164,182706.29003067265,211907.4419587994,209443.0863110955,233029.9822060694,227086.071166325,245376.64463503833,238118.5649915526,236931.1238164953,178541.41095681122,191843.77248707827,176177.62653683123,143786.23224555116,149586.42196307494
2025-10-16,288243.7348625498,268823.17545573105,292847.4376628146,179534.2784822813,182924.50712783908,212195.81224570965,209771.05553212666,233394.886405521,227441.66773042848,245760.88260831122,238491.43745847826,237216.12672869035,178756.17726210045,192074.54011677834,172754.5094836582,142807.00214044456,149032.51339877013
2025-10-17,288529.1114696606,269089.32467753766,293137.3721802159,179678.04420128133,183062.69175887032,212422.3331618911,209978.74001875168,233625.95973945202,227666.84706167562,246004.19893528274,238727.55664864669,237782.57831478133,179183.0315469674,192533.1974998039,172817.830037076,143617.6173619453,150011.17717016186
2025-10-20,290538.63148774067,270963.4523239191,295178.9873726762,180546.5222658661,184035.73851648543,213791.4134933222,211441.1799066702,235253.09552636888,229252.4793893575,247717.5455011602,240390.22355081563,239323.13351595198,180343.92967990704,193780.58921751706,175569.4059420775,145111.31242907865,151901.4341116621
2025-10-21,287710.6680277845,268326.0242537454,292305.8569178299,179382.10607381395,182666.3863076961,211953.59105673363,209383.11304084855,232963.25491349248,227021.04589117627,245306.38192033058,238050.3806016996,237288.41747167427,178810.65255029206,192133.07412711234,175059.69340036693,145109.13074537757,151861.6981157391
2025-10-22,285710.49736681196,266460.6160470677,290273.74040631764,178533.4703909003,181697.8666817032,210614.17160414104,207927.47720197533,231343.6894286366,225442.7907693642,243601.00675496136,236395.4493112586,236533.26443515887,178241.60072436056,191521.6246687356,172825.0075919867,144354.73378802816,150398.66756306385
2025-10-23,288843.7237337753,269382.7397899839,293457.00929374143,179854.05122438056,183215.03283571877,212698.4719614056,210207.70092490347,233880.70558390158,227915.0950871629,246272.4420169411,238987.86527650492,238449.5240999445,179685.61406798288,193073.22530792403,174318.36581652897,145210.75197582055,151662.98781487573
2025-10-24,295021.9552027519,275144.709960759,299733.91677219997,182437.65981640725,186206.64677566197,216776.23545370265,214703.94483177285,238883.3039320544,232790.09183114665,251540.09378220202,244099.70336967302,242935.58733056026,183066.1241754517,196705.60285256206,175499.48712579708,146397.49478856957,153282.49116950494
2025-10-27,302499.6741735174,282118.6140417802,307331.0665981815,185549.20620718977,189827.49659720896,221697.3868599753,219968.54899879746,244938.11504732972,238690.4624821909,257915.70786112934,250286.73098052052,248847.33495215146,187520.97056531202,201492.36090886523,177929.24779809738,148124.6433146693,156012.3283163543
2025-10-28,308248.79516809597,287480.38526146964,313172.01003751997,187920.7249459472,192611.32730930918,225470.92090570743,223712.65631730878,249593.2567873613,243226.86521654518,262817.49367279094,255043.52519418686,253668.47766646373,191153.98259333137,205396.05321873922,177162.8869349089,148518.06474013353,157212.04914862104
2025-10-29,316767.762313879,295425.38292403624,321827.0383987293,191368.72526889585,196736.36875445666,230957.34038690428,229156.29166895073,256491.18076212006,249948.8433920693,270080.8913860393,262092.07638378398,259216.1393069771,195334.4689762659,209888.00987033654,177281.51070571705,148589.39515479977,157919.9744937659
2025-10-30,312334.00357608404,291290.3508003823,317322.46560654865,189531.25708220806,194589.46077392262,228033.5815959242,226255.33289815308,252901.10579500732,246450.340702603,266300.6029395537,258423.60638139164,255508.82769949592,192540.79360515298,206886.18962355814,175339.70554248596,146955.19433613628,155505.599614435
2025-10-31,312040.3832019055,291016.5132392544,317024.15565623954,189410.06992216263,194447.28435841366,227840.74994468596,226064.00498434817,252663.35737036096,246218.65654261722,266050.2578545363,258180.66633921405,254479.79445979113,191765.35708343767,206052.97862307995,178370.4016232763,147437.24001048272,156255.7472978651
2025-11-03,314779.4777248937,293571.05995956465,319806.9977983449,190521.11555563734,195815.65649046027,229600.574539363,227851.73687788643,254881.23959198728,248379.96709695348,268385.650461901,260446.9795703884,256317.0557998345,193149.84058507255,207540.61410482263,178240.78178189075,147713.94135793846,157003.40863893298
2025-11-04,303492.332192845,283044.39125259966,308339.5789170153,186125.59856119205,191297.98902157057,222531.4975205631,220606.60064211974,245741.88379453585,239473.72944724569,258762.06280818302,251108.051305304,248931.72630177985,187584.56436587527,201560.69281316383,174144.14025527058,145963.00715831708,153816.53931616034
2025-11-05,303477.5357504585,283030.5917275911,308324.5461523258,186081.4288275174,191252.59182047145,222460.4616788998,220523.64355827725,245729.9029131763,239462.0541630128,258749.44714199306,251095.8088022164,248544.43631949418,187292.71879163035,201247.1030658511,177188.6714639858,146468.8252032358,154817.56500818787
2025-11-06,295628.19047702657,275710.09984367003,300349.8345709921,182979.04049727332,188063.98878398706,217471.05495463134,215434.92178441893,239374.18090824204,233268.4479761077,252056.97896669732,244601.2994306203,242932.86323450174,183064.07141030196,196703.39714460753,174419.17695669096,144897.30788213055,151933.7262411226
2025-11-07,294176.93389632844,274356.6223687465,298875.39915524435,182408.28665456345,187477.37381441408,216553.14179948016,214537.43053811238,238199.07864640516,232123.31912473432,250819.61608582307,243400.5369293406,241641.6864420137,182091.0944429363,195657.92779964075,174163.59223200753,145039.968711463,151454.33214456352
2025-11-10,307624.00473549997,286897.69038289785,312537.24072553753,187598.32726007156,192811.64453509403,224859.61052482275,222900.751192663,249087.3554462183,242733.8679340911,262284.788085163,254526.57668721865,251324.67516624037,189330.60839956478,203498.26998804917,176899.35309199177,147303.22609825825,154805.1332963768
2025-11-11,304420.2537232513,283909.79362638074,309282.32080405485,186382.58279691945,191562.11479408614,222924.7224042788,220982.71880553762,246493.2345230631,240205.91542346202,259553.22246482794,251875.80898003993,249690.50027642434,188119.8958512695,202175.07415494803,178100.3824279463,147640.42925957113,154392.80980110096
2025-11-12,302331.8704999276,281962.1162209029,307160.58283774665,185590.092890248,190747.60176289605,221663.45463580883,219732.4385422619,244802.24212244333,238558.0552769111,257772.63596072522,250147.89105276167,248662.48923656816,187358.27243293388,201342.69083245503,177490.97057307023,147722.57497209706,154271.10031034556
2025-11-13,290982.6426158876,271377.54799008527,295630.09005226655,181283.34092721436,186321.16608660098,214809.1497518715,212937.84477788061,235612.61739721213,229602.83091226142,248096.1159731024,240757.59615736964,240863.37784381263,181580.1381049583,195027.7292202694,172741.9603153485,145271.2670926271,151121.49580175785
2025-11-14,293413.26313182904,273644.4042870133,298099.53137547016,182205.7014424298,187269.15880268943,216277.10988481098,214393.01680984037,237580.72400491897,231520.73689564428,250168.49906780687,242768.6795241577,243003.59091850094,183165.75959608427,196760.66554184936,171669.44391308262,145247.50802500424,151235.7462654266
2025-11-17,292936.79410643305,273200.0375899389,297615.4523952992,182019.95667171187,187083.3259412638,215978.03067209892,214107.76273776122,237195.7925732287,231144.77413687127,249762.25451136343,242374.4514143071,242793.97099176655,183010.45830168083,196590.93571958956,170172.02062491633,143894.30540645166,149944.10656887863
2025-11-18,287886.273163487,268489.79790949676,292484.26674191665,180196.3474652653,185113.51739444892,213094.1800755807,211084.0999426846,233238.55676428307,227159.60891994523,245456.10546301707,238195.67542054018,238185.081775465,179595.86660610826,192859.10564176863,168705.53588480613,142685.95860388206,148118.4338862994
2025-11-19,292093.59649882745,272413.6508241648,296758.7876044809,181720.30124180365,186754.4612809885,215504.15639726204,213602.9543697105,236545.5396608252,230479.44043866766,249043.33172763945,241676.79389333684,240444.48826286837,181269.79502285624,194688.5531923613,168516.69770269134,143237.17961509246,149002.70761167182
2025-11-20,284147.9844315326,265003.3781676295,288686.2716981782,178809.95939693417,183655.50678963194,210901.7497874856,208846.04872306692,230230.09174354252,224209.8739532545,242268.78505638993,235102.63385367393,234733.24028601559,177038.49784952856,190064.140241291,165761.44415344007,141053.91286302087,145475.54291900687
2025-11-21,283479.1579156701,264379.61415794893,288006.762977877,178539.8077953498,183394.6504933874,210474.53278582462,208445.63342428496,229643.86220058208,223682.12954880926,241698.5336511734,234549.2501096891,234168.78882241208,176620.31221092452,189607.10236285924,167102.26659808386,142458.983681272,146568.4723146915
2025-11-24,297598.3573857786,277547.52581527387,302351.46812348283,183498.10495658277,188901.43288367701,218302.25246590667,216898.5630559619,240366.8264550167,234823.02833029153,253736.7724880083,246231.40576519675,243217.97450498596,182973.12153317034,196934.2525123077,169726.46439427388,144555.75465636485,150316.69406823145
2025-11-25,299206.0970132717,279046.9432169211,303984.8858647733,184005.52047530317,189528.4848838696,219102.54724248472,217861.09000134774,241462.07137271698,236091.63173056208,255107.55513501176,247561.6415637393,244462.03830960178,183753.90525916548,197941.5743434276,172542.58778172545,145915.43581127372,151243.20529251324
2025-11-26,303114.4498824206,282691.9689434547,307955.6612356869,185435.12243038288,191052.82405057887,221357.31268624024,220200.95578825867,244547.83485031794,239175.55754446436,258439.8747468319,250795.3933547462,247433.4202804782,185827.70624374843,200347.51037078776,173961.38757111804,146922.77504845598,152579.55366970866
2025-11-28,304642.758713908,284117.30723694235,309508.37954705616,185990.84824377898,191648.89638300653,222233.8023663195,221115.92883863472,245747.35644613323,240381.48526256863,259742.93351930976,252059.90850639634,248786.75317907194,186765.34942182648,201443.3076831669,175439.49939096993,147724.74335284877,153816.53931616034
2025-12-01,300695.52098416997,280436.0165358874,305498.0982635757,184722.83703158278,190109.39130933525,220237.2715981173,218948.37991361643,243019.61888609655,237543.95239852063,256377.4600987414,248793.98357448247,245949.60963808667,184904.86030565048,199146.06487596393,173835.50719008333,147050.31042432418,153299.8804054163
2025-12-02,302041.6393046267,281691.4394911057,306865.7161967971,185239.58650567522,190634.4055410579,221058.40137568038,219764.70420419486,244151.7460163012,238650.57068044812,257525.1805398758,249907.75520038788,247182.3294965366,185746.86528685037,200144.20148315755,174427.81593078907,147322.68831322592,154499.6163983072
2025-12-03,302557.99083916546,282173.00159420684,307390.3146720946,185414.56862862443,190835.79341319733,221336.45300204563,220041.12859268847,244535.10781660004,239025.29465400634,257965.42951501807,250334.98190061364,246178.049677957,185137.1238094432,199331.03339478868,176563.93913680298,147832.82981669865,154877.17658238445
2025-12-04,304305.3635679334,283802.6442501908,309165.5956734512,186067.94793480897,191517.30523633026,222374.69151267764,221073.29103375622,245966.57214492842,240424.50553182437,259455.2654147384,251780.7494350175,247537.63447083178,186101.63653303334,200431.89288289536,176855.6466764139,147940.90297759915,154733.10517099328
2025-12-05,307874.76878839335,287131.55908787105,312792.00987215154,187197.0661620999,192909.44774791176,224168.8928525941,222856.992192797,248440.31511403274,242842.51064924052,262498.5932351514,254734.0576215952,249853.39607961426,187672.74526329263,202306.97132786005,177277.29611589294,148221.9144806595,155364.01454540604
2025-12-08,310159.53856788203,289262.39141142636,315113.2709947627,187900.73343975248,193792.46675571354,225286.5879472929,223968.14621521087,249980.70581814353,244348.19359685428,264446.6218291874,256624.46481199522,251561.52690468307,188844.19458566356,203690.04948198414,176557.1528837813,147776.62485549672,155065.9566744231
2025-12-09,311646.9744107825,290649.610553469,316624.46351205703,188393.3383991384,194300.51762101843,226074.05669812261,224751.00647303948,251072.9090175533,245415.78750552432,265714.8316855049,257855.1618554878,252689.3521724987,189560.08607586127,204603.2526551206,176478.21715171845,147649.06287372974,155257.2079481998
2025-12-10,313244.6668711448,292139.6577206731,318247.67361725983,188922.45784540186,194846.2279055006,226919.89680072377,225591.89647674616,252246.0720989793,246562.5171253274,267077.0479688268,259177.08467774824,252272.00570274668,189295.1737754495,204265.32608852308,178298.31939956913,148628.31958473515,155893.09000733698
2025-12-11,310351.48203982157,289441.4026002017,315308.2801038433,187964.3007570593,193858.02726205334,225388.20543002308,224069.16900328497,250121.64720742014,244485.9593246534,264610.275679625,256783.27788925247,250544.01132228546,188198.3225987797,202866.1643598137,180270.0155754489,148974.169663156,155388.86280840405
2025-12-12,298590.3343534741,278472.6678606404,303359.2885132258,184069.27583479622,189840.8716398143,219161.6940002378,217879.09690434983,241485.60203406276,236044.49968870115,254582.54676034153,247052.16259123565,242888.7936252825,183339.143290349,196667.7138626965,178219.70499735544,147372.38813217278,152418.0930224061
2025-12-15,295105.7500968503,275222.8591338164,299819.05000167905,182850.71827810886,188650.6717026167,217230.76673374462,216045.10685860337,238831.07780215188,233543.47018589935,251611.5385514753,244169.0348496954,240485.58598885994,181813.69786436995,194721.83013237602,176968.47385711415,147149.73666811667,151653.04244542687
2025-12-16,297246.3906456295,277219.2730024701,301993.8799245776,183537.01426964207,189381.83216799403,218321.88834035263,217171.75875416872,240336.14838928377,235079.89598969897,253436.68042616683,245940.19022902637,241748.6859783855,182615.4555120962,195744.5656139612,176707.1101876433,146747.68162849385,151953.6018193962
2025-12-17,287125.9431278015,267780.6954733768,291711.79304761504,180203.03554466306,185925.0766089246,213021.29462033196,211845.21227422231,233024.61899235475,227816.03437535264,244807.83679992624,237566.58211781856,235230.5503016952,178478.0434536361,190466.81350754155,173812.56940118558,145132.92972184863,149136.83365361416
2025-12-18,293771.49644779705,273978.5014620949,298463.486237201,182354.0752231637,188194.94198212278,216441.16869629736,215342.8687347259,237741.9225928501,232585.8214408131,250473.93410511658,243065.07999409837,240159.24700107198,181606.5529183008,194457.5925703437,175992.08759872025,146228.86660201434,151297.8441819854
2025-12-19,301517.43831870286,281202.55679715826,306333.14290211187,184900.89552458128,190840.6577546036,220490.2826257212,219419.67653731184,243327.18663877694,238145.40264746573,257078.23900608605,249474.03390299447,245246.07492478937,184835.43679473866,198576.41091366264,177572.82719691945,147554.21284452977,153270.07461831803
2025-12-22,303204.1419761203,282775.6179894717,308046.78585225873,185468.65999822773,191416.77083992018,221392.0270669273,220307.41449685392,244569.75444477273,239356.01926598078,258516.3475559327,250869.60414848744,246383.62750394514,185557.50273377128,199497.4903171296,178739.24635704892,148473.4599508057,153806.60910733562
2025-12-23,307429.8395287105,286716.6071497201,312339.9743970303,186810.63381231483,192860.10656989957,223529.4847379316,222531.4638172439,247523.4916268597,242388.97627623414,262119.23995064714,254365.92535755932,249510.45425569013,187542.26821719774,202029.29040445318,179086.0245248111,149152.0433995421,154526.93584304326
2025-12-24,307526.1135140382,286806.3946292707,312437.78602832305,186846.65273971664,192892.99005982323,223586.8546596604,222582.13428974562,247602.77070370066,242458.07607693467,262201.3245781504,254445.58197580848,249657.64717497237,187635.6994971473,202148.4729097468,180189.22797858177,149676.71172375628,154979.01049486626
2025-12-26,306437.08879948803,285790.7434753792,311331.36788757984,186565.87351206958,192521.02110989744,223139.63750259453,222008.96390872807,246984.7645727666,241676.43822869123,261272.80595776223,253544.5283250683,249152.2666793718,187314.90725526656,201739.26495405205,180095.9946096208,149661.5330584944,154969.08028604157
2025-12-29,302462.3349137732,282083.79053250817,307293.1309721202,185357.16293986334,191197.83441881998,221214.60352032623,219971.4827927957,244324.8032886708,238899.855823822,257922.3395832302,250293.1665406465,246974.11241078196,185935.10715327258,199975.60754503755,178570.9016967175,149128.19121127346,154218.93260261146
2025-12-30,297871.67535947106,277802.42885985237,302629.1514122496,184033.4443670378,189832.40499332582,219107.16586749672,217875.88793599553,241413.85469600637,236053.54145157037,254232.96021532864,246712.9165861294,245120.2269761493,184791.8087476195,198474.51148889327,177886.55600957246,148946.08713697913,153861.24799680777
2025-12-31,294821.8047529628,274958.04474318936,299530.56960701116,183154.012921775,188925.26234403625,217707.059395565,216483.64939569365,239479.92419107407,234162.5516192538,251781.86804495065,244334.32610886314,243088.27281750191,183538.6946627127,196829.23270476176,176531.26578580783,147842.5542727078,152589.48387853338
2026-01-02,294091.5236423905,274276.96667149075,298788.6247661055,182943.4360628262,188708.05013183385,217371.80867802314,216150.28262753514,239016.85113023734,233709.76055596137,251194.9623878782,243764.7807348306,241207.99489519652,182379.11990658304,195306.7665798865,177366.7203959049,148113.54865487228,152293.89718928852
2026-01-05,292292.2933687589,272598.96039751446,296960.65797387104,182422.3665770539,188170.56155744463,216549.56039412486,215332.6549874308,237891.21814192316,232609.12093608183,249781.14022551876,242392.77850146795,241115.97424704614,182316.64175729905,195232.2572119169,179805.17148649113,149100.0022615014,153503.5633910041
2026-01-06,297009.3754464302,276998.22681560187,301753.0792223326,183784.19177957164,189575.29836636328,218712.31179794503,217483.25275828192,240871.17496331237,235522.91128977743,253548.60942873574,246048.80844537,243540.1027108643,183816.28568997481,197195.08059282642,182353.62603095843,149986.7369594513,154852.32831938643
2026-01-07,297631.32717207226,277578.27424645756,302384.964488776,183963.74971831052,189760.51424092177,218997.4726125317,217766.81110488658,241264.0850837818,235907.0972990094,254045.35380029035,246530.85944536692,245733.31103464414,185173.07498763024,198970.92731108985,181846.72092709577,149503.26786951936,155001.37241550206
2026-01-08,293496.83136764064,273722.34207299433,298184.4343265755,182770.11761832418,188529.2703602403,217101.83321981254,215881.82430283507,238652.16975719848,233353.17650772753,250743.18831799796,243326.36984458356,243088.1630868036,183536.7012845795,196829.14385551814,180832.70405201585,149488.08920425747,154119.56987186772
2026-01-09,295305.3533278081,275409.0140016851,300021.84120809723,183292.2392910254,189067.84427635057,217931.02875717805,216706.36015615048,239794.68058552264,234470.319214853,252187.63017338247,244728.0860606051,244265.03512379958,184264.75222583904,197782.06033046264,180401.2234527564,150476.7111916383,155654.64371055065
2026-01-12,302546.85160847375,282162.6128745072,307378.9975304848,185621.60755504976,191224.34675374528,221618.47383711828,220007.88211476567,244859.01573232873,238943.46754873218,258569.34560137364,250340.69447336756,247053.70114257507,185989.9108293269,200040.05075667088,182755.2845602417,150713.024784725,155783.79706776852
2026-01-13,302478.6476557648,282099.00419571117,307309.70425408863,185599.9594595235,191204.03576459852,221584.18652980457,219976.7867752647,244811.9004103495,238901.33726220872,258509.94046751494,250287.8321976449,246609.3291353821,185715.0079954283,199680.2415392311,181514.3896418496,150411.6730720368,155552.79463744466
2026-01-14,295930.446168301,275991.9909132772,300656.9177579033,183542.7930192445,189253.99556809687,218325.9461987875,216991.35059032217,240334.64470528657,234856.4455231939,252864.81350444033,245212.57161861114,242338.8527397923,183073.15377364572,196222.42523865297,179718.6659788882,149672.37496225288,153891.05378390607
2026-01-15,299169.2035430665,279012.53546190483,303947.40314820636,184621.07683832757,190218.4904877477,220033.7845918458,218467.955041084,242681.44187548145,236857.05942839244,255823.76176539253,247722.80861432222,243120.31647116333,183556.59240358978,196855.17853789515,179439.85298612935,150079.96402882482,154444.97750883503
2026-01-16,294994.5821331891,275119.18116484134,299706.1065119485,183350.6766963399,188975.29728881788,218021.66301621255,216564.67429455477,239916.51912929106,234278.35263590072,252337.6218230864,244487.21919110382,241255.09245605665,182402.70476145958,195344.90160243982,178959.04829478334,149954.21124817582,154315.80899099298
2026-01-20,290812.06924559106,271218.46708214056,295456.79235874116,182107.32074927347,187729.75402494357,216048.82483350104,214657.79568940977,237200.69911798832,231694.77119605712,248907.24386747312,241245.51338526304,236910.11110974583,179714.75937785505,191826.7584415276,175560.0378097143,146901.6233589149,151037.03596456326
2026-01-21,293526.22802029364,273749.7581121243,298214.30048970087,182933.17992148944,188538.02461962367,217353.1771620613,215895.22673565795,238987.9919505749,233371.3351239061,251154.36404658,243349.15406596873,237526.7127162237,180096.20898823428,192326.0224318505,177047.65959733535,148597.0310477536,153078.82334454134
2026-01-22,299074.72728470375,278924.42458660563,303851.417956387,184648.41580965044,190190.35566297558,220062.20068570858,218424.8817115791,242700.03985443202,236798.70046712412,255821.43236268632,247649.58367910286,240969.98096113032,182226.32560916463,195114.0460530083,180832.0742090787,149373.19163031635,154191.6131578754
2026-01-23,300989.1460065496,280709.85843204166,305796.41293632507,185249.8189155166,190760.4654049683,221012.04972526708,219297.6976956736,244001.57345334542,237981.25669845482,257457.81917103677,249133.37642575998,244074.4752498506,184146.86575115568,197627.76348455166,179646.05364939265,149427.37454320997,154678.45112089696
2026-01-26,305179.05374494847,284617.4691339361,310053.2400476543,186419.25133889035,192008.21083936782,222875.1495521951,221207.9477387937,246575.76693983923,240569.40601406907,260721.03387574325,252380.81369768793,246437.3448943989,185608.61300549444,199540.9854336293,180086.94683978887,150186.18807975916,155359.05702130575
2026-01-27,308420.25014980766,287640.2883818391,313346.2034231725,187373.86035727034,192973.432096889,224392.59575041622,222685.66418476703,248668.40265012573,242571.52653336557,263368.83606105356,254892.94109235957,249317.01783081875,187390.07141896102,201872.6644074715,178959.4614204221,150784.5680465816,156767.43352388468
2026-01-28,308397.8933758247,287619.437906189,313323.4895765786,187310.34263790448,192966.77429810038,224291.6280035004,222675.4713521007,248529.1629768965,242557.71652300353,263192.65675318555,254875.6132117366,249385.22593271654,187432.26714732155,201927.8926922636,178711.64084564344,150769.38938131972,157286.56361636677
2026-01-29,301457.1121200423,281146.2951049664,306271.8531998046,185143.07959143107,190899.82469830383,220846.5473400082,219511.05138847354,243778.22101289633,238270.32420351397,257181.3120873526,249496.07906597047,240162.9305629563,181727.05824316083,194460.57516037524,177248.17066284825,150470.2060493832,156345.16465916
2026-01-30,296453.6696179775,276479.96193294926,301188.4979035599,183642.57558753097,189409.81037626593,218461.3466428706,217229.89704043753,240488.90758558555,235179.6460559367,253019.35917878276,245618.10210713584,237399.2095228817,180017.3314068082,192222.78275096405,174099.82796278893,150021.41774852903,154467.32426884669
2026-02-02,296137.0413029161,276184.6666019524,300866.81253960414,183625.73568346738,189375.6938724605,218433.2713333756,217176.80086417263,240448.3893294296,235106.53582732164,252865.08356812113,245427.87305893912,237288.57739976613,180007.2833816922,192133.20362132145,174020.5808168178,150767.23430351744,155527.96153507082
2026-02-03,284284.5271696943,265130.7212735449,288824.9952372039,179442.1554256435,185061.11121743312,211802.4114340081,210584.0829547965,231330.7811110735,226191.48636815668,242744.47534024404,235604.92986575002,228113.64376409425,173614.92964729125,184704.2350137647,170002.33507252546,149492.42596576086,153138.4349187379
2026-02-04,281633.74452180654,262658.53637354024,286131.87544882356,178506.50904472911,184096.16650559625,210319.4375970437,209109.63947047194,229291.6527553676,224197.6597297072,240481.0287520361,233408.05525543346,224686.02234142076,171226.8395017504,181928.8806669356,168249.59377501675,148768.30652123882,150463.25182198486
2026-02-05,269416.96426647966,251264.86752711097,273719.9741252157,174194.35382467322,179648.98276065808,203484.7899109994,202314.30600122482,219893.83092568454,215008.62194550305,230049.3814761498,223283.2212241974,216603.5087793143,165595.59596324674,175384.44755086512,162312.04177641324,146910.29688192168,148297.28376951333
2026-02-06,281513.81435473973,262546.68655880203,286010.02980960876,178464.17731041362,184052.50921796728,210252.34295985627,209042.9307746283,229199.39584982113,224107.45242355863,240378.6229483438,233308.66138802224,224144.65048330236,170849.65525646193,181490.53040755723,166487.7647800301,149728.7395588476,151431.9853845519
2026-02-09,284833.7893184015,265642.97662245476,289383.02996059787,179630.70806842024,185255.56809693552,212096.33371349776,210876.314536426,231728.15477359752,226580.03189131696,243213.47853728608,236060.1388470915,226141.13097457046,172289.4414495493,183107.08606716056,168412.2175601396,150450.70392556733,152591.9702208956
2026-02-10,281393.6146543287,262434.5853706574,285887.9103321811,178432.58491192595,184019.9275519909,210211.5019862719,209002.32472623148,229155.93377117967,224064.95590787084,240275.9869958956,233209.04414093815,223842.71320280974,170538.35303671696,181246.05097399387,167152.63296546272,150053.94345980446,151884.04487575073
2026-02-11,278068.80900292983,259333.7900891627,282510.0023398242,177274.64177508885,182825.72520237375,208389.8796006233,207191.180665243,226669.97426022837,221634.22501191136,237437.00658604965,230453.56317926248,222377.20815254335,169421.83325341277,180059.4275666794,163799.73462192144,150019.26267072672,152291.41084692627
2026-02-12,272205.61343531375,253865.6301253178,276553.1623782858,175232.643601572,180719.7849889461,205177.5028733064,203997.28215083384,222286.05883354755,217347.70359997218,232430.54933687038,225594.35471564886,216707.16297054436,165102.01353202754,175468.3766301661,160776.46372919856,147701.63612974633,149193.9740460727
2026-02-13,272102.18155902554,253769.16702113132,276448.07853333035,175196.62097533888,180682.63436943945,205120.833750058,203940.93899935446,222208.72274730564,217272.0856289744,232342.23107068473,225508.63404628503,214526.71150443042,163440.7997422775,173702.85917409623,162317.58541943473,147805.69179992896,149511.90749532921
2026-02-17,274251.90297957923,255774.04993348333,278632.1343637137,176028.6750265457,181454.77044012002,206412.07238133808,205111.9714120242,223946.71102514197,218843.72464265552,234177.83219732819,227290.246888753,216934.75589794884,165275.40904911637,175652.65923973362,162450.49811563693,148044.17377376737,149357.9058751133
2026-02-18,277277.1819500241,258595.49928731663,281705.7317660387,177155.9506914732,182541.38891757381,208169.92355572863,206759.9522610249,226324.4613421686,221055.47469164355,236761.0531828311,229797.49076428948,218606.35547397632,166548.94542898642,177006.15794259412,163734.84949291762,148789.97702580638,150473.18203080958
2026-02-19,271846.10888876324,253530.3473694218,276187.9159824339,175118.54762630656,180590.65829126738,204992.83787718657,203801.44678701056,222026.9891844399,217084.87355811076,232123.57609635088,225296.41010248355,215741.78140413473,164366.52127484456,174686.70456190317,163562.16660782977,148397.55332154693,149896.91154586896
2026-02-20,275527.5158380575,256963.71776592318,279928.12075257045,176519.86647100537,181912.94455088518,207178.02651692167,205806.8447053794,224982.77580425685,219776.31196097948,235267.05072480623,228347.42956784487,219374.51795531064,167134.18299404692,177628.14118366607,163219.37411702203,149470.7554611933,151223.32971423966
2026-02-23,264417.44191773445,246602.19038620984,268640.6015932641,172390.453795488,177922.4326920978,200741.9730139337,199754.77835693877,216281.49702726063,211653.85225475236,225780.39630984297,219139.79448175197,214966.11731738588,163775.56848495392,174058.64725061512,159694.29184944468,147944.45486508813,149385.22531984939
2026-02-24,264912.9764471238,247064.33803983335,269144.05058331526,172487.48231251363,178100.41858401426,200893.07650037558,200024.71426117443,216485.6148972169,212016.13240490024,226203.52264227884,219550.47591842807,216422.3220639167,164885.0026747219,175237.74017681266,161275.2228915494,149019.78547663803,150989.8409415536
2026-02-25,267352.9161325603,249339.88562275752,271622.9599177111,173358.6606973752,178976.79513373727,202249.77137009733,201353.83924885278,218318.30369553072,213799.94697919663,228286.93493594046,221572.61136205273,218289.3011695831,166307.3922503246,176749.43821384638,162809.62980306902,150277.2600713304,153178.17091466094
2026-02-26,244344.69888772006,227881.85801191395,248247.26549523266,164580.90996683628,170712.71296618835,188580.09178350982,188820.4161300028,199852.64187725037,196978.87820651452,208640.71050291232,202504.21722792272,207783.6911132098,158303.51572906115,168243.0173054063,162364.6237815825,149442.55320847186,151330.1363114459
2026-02-27,242183.1228307559,225865.91917494574,246051.1656913736,163800.57251591666,169936.31895199482,187364.86441479746,187642.92606038068,198211.0541954894,195398.57239122016,206794.98695587387,200712.7796833935,204619.25952289547,155892.6400566393,165680.7684784714,161689.43773714764,148724.9389062049,150845.7695301624
2026-03-02,242614.6095821858,226268.33430026245,246489.54396038252,164587.55174469715,170963.98030951625,188484.6911083334,189059.4063213783,198605.36991261767,196156.6895913838,207163.42426104454,201070.38059407537,205233.80906030486,156360.84500496974,166178.3709029132,162124.65150931533,148809.50575552107,151044.4949916499
2026-03-03,242146.62261301777,225831.87817682355,246014.08250812997,164354.47892629844,170721.8778156581,188130.8300876135,188704.4663307393,198222.27375329752,195778.31676873312,206763.82020088777,200682.52959793905,204475.8117365343,155783.3519369468,165564.61841744458,161853.81330046384,147497.84824793506,149427.46281875877
2026-03-04,245667.4309017949,229115.47032432075,249591.12360622027,166107.95661899063,172543.28850285034,190793.03415932268,191374.7878212757,201104.42266340723,198624.93058066216,209770.16306921636,203600.45059141234,206510.79443931548,157333.73789155268,167212.34942196155,164494.0874788628,148538.4847674578,151705.21015316097
2026-03-05,244241.0774259538,227785.2180956616,248141.98903682292,165397.58593230663,171805.3967315511,189714.5193071551,190292.9844320424,199936.8035320473,197471.70746483255,208552.23035374322,202418.3394368411,205181.6268827922,156321.08913137642,166136.11885248875,163702.46103140904,147710.30965275312,151248.16281661353
2026-03-06,242170.08658552563,225853.7612529687,246037.92123693906,164366.16475210886,170734.01637214413,188148.57200311281,188722.26234372891,198241.48146279025,195797.28765914953,206783.85558498875,200701.97570586522,202926.8637654004,154603.25975455175,164310.43105116725,161899.94972079113,145774.2516093243,148972.90182457355
2026-03-09,245155.9876880285,228638.48584153384,249071.51184524668,165806.65260577278,172230.3114104949,190346.9612620944,190927.35478769548,200685.75303409557,198211.4228867143,209333.45265156517,203176.58460155563,205865.51493371962,156842.12079775444,166689.8648590723,163535.61740410104,147051.22832783256,150962.52149681753
2026-03-10,244934.41469214746,228431.8414321545,248846.39998243388,165698.2010435657,172117.6582326017,190181.84738232451,190761.73745346445,200504.37242026778,198032.27858271002,209144.25621104767,202992.95276385263,206245.69552206795,157131.7678024113,166997.69811086403,161908.91910964577,146814.90143179643,150965.00783917974
2026-03-11,245716.34664512024,229161.09034605956,249640.82061039293,166080.92702288606,172515.2117298064,190764.53489782262,191346.20166168836,201144.46530269604,198664.47951918707,209811.93117586506,203640.99022397786,206880.09054025897,157615.09236557886,167511.36947482984,161405.56740251151,146630.62897675045,150945.13226090616
2026-03-12,242462.48586823588,226126.45999424977,246334.99059304144,164488.28581201017,170860.86862955382,188339.79186915967,188914.0652649057,198480.84078169052,196033.6958269598,207033.52907646578,200944.3058572161,203638.10879492972,155145.1337972934,164886.32807739862,158667.07446752468,144404.04782144248,148354.4090013477
2026-03-13,237703.52576291264,221688.13710063967,241500.02245939564,162158.95567026112,168441.29589597264,184793.4645582179,185356.92472428433,194585.13543342322,192186.02209550035,202969.95486286716,197000.24856710795,199849.1777521851,152258.47266567138,161818.4203528883,157648.16975454357,143586.7013075469,147475.09280007557
2026-03-16,241079.7674965125,224836.9029337124,244930.18804855042,163806.26789736666,170157.86049407872,187301.58165637724,187880.5362023659,197348.94153549918,194915.75219239664,205852.85544280388,199798.35792878913,202567.5336570955,154329.49804039975,164019.480489523,159770.90949329844,145047.96378405057,149129.38978715165
2026-03-17,242172.531973677,225631.20497899095,245795.47549371142,164335.37266494177,170713.44891563657,188108.18793680685,188697.33582603253,198243.48326811934,195799.26478346766,206785.94364961088,200704.00235680412,203636.2901205355,155143.74820947836,164884.85549181723,160425.02474007747,145429.51897865275,149857.17554994597
2026-03-18,239208.3470731987,225631.20497899095,245795.47549371142,162905.78126960035,169206.38417801296,185928.81351306976,186481.72106019434,195816.98867382138,193402.68735387299,204254.88958331422,198247.39107887333,201142.44066593426,153243.76686711557,162865.57883588882,157932.3363415286,143400.2471687998,147768.2083075824
2026-03-19,238650.77602818055,225631.20497899095,245795.47549371142,162652.75351860287,168922.9013019848,185543.0793719602,186064.95804377567,195360.5586021159,192951.8847802311,203778.79159748522,197785.29597906416,200400.05332451247,152678.16652788682,162264.46579539467,157313.787566387,143046.86762102027,147301.23076221024
2026-03-20,233225.19067559694,225631.20497899095,245795.47549371142,160058.90259955073,166164.39984530216,181588.82197338427,182009.54064435506,190919.15093998858,188565.23690403314,199146.00034803234,193288.76333550928,196286.60531544941,149544.26666252827,158933.79580456938,153677.18754529444,140996.17806263827,144578.8526424475
2026-03-23,238629.34405851306,225563.51561749724,245721.73685106332,162691.2046975615,168912.0047598229,185599.50681013585,186048.93846670794,195343.0142989468,192934.556787376,203760.49129713394,197767.5339229978,199678.45713742886,152128.40628087218,161680.187408864,155875.8240933128,142476.63669512168,146054.2997463097
2026-03-24,234230.7602527365,224316.19203596088,244362.9421185404,160464.6462877045,166675.6562283603,182216.54359100762,182761.16541743468,191742.31454989902,189378.2514201218,200004.63469528663,194122.14372400884,196237.43679352786,149506.80679336493,158893.98391923704,153742.1789455272,141998.36905840394,145055.7603966444
2026-03-25,235625.5961681183,224716.93053936987,244799.49392884172,161167.86575297543,167384.82522200292,183284.99325550094,183803.7518800884,192884.1332697975,190505.99222746908,201195.65524021757,195278.13424269645,197318.06861709882,150330.10440620204,159768.97443278396,154183.94063294254,142789.6817003298,146009.59106566224
2026-03-26,226363.03592651992,222066.81000033102,241912.53670114197,156430.5888522159,162675.5110635052,176087.3228763419,176880.34260240145,185301.761349621,183017.10622319396,193286.55322703597,187601.65294480146,190510.82381133863,145143.88993765123,154257.12988174244,151841.7028871465,140239.63933043595,142524.64871128253
2026-03-27,220417.0552183934,220316.87106338493,240006.20874827003,153404.9306855051,159652.42776854546,171490.23247605233,172435.94959163197,180434.3557961614,178209.71274392685,188209.40751760444,182673.8350939023,185743.74475481818,141512.01021522196,150397.21306196932,148481.6983252954,137848.28784389788,139740.18783558515
2026-03-30,217244.84290858795,219255.48148593554,238849.96462016934,152101.65056871943,158258.27614594236,169563.94787132312,170445.45244613662,177837.56906384032,175644.9427721429,185500.72329733404,180044.81807981472,183654.776835221,140031.33137751737,148705.77008122188,148900.12047225106,137387.4071620419,138672.10670289854
2026-03-31,228239.67996691543,228132.75842676443,248520.58844617585,156980.39604974986,163334.49883449136,176849.80876975274,177769.1900264556,186837.9902868598,184534.39441593434,194888.97942138975,189156.94894322363,192466.92954870747,146461.99815566113,155840.99399379164,154412.0889761049,141380.9658739439,143366.7000983697
2026-04-01,230870.55142541233,230236.46962362606,250812.30467391212,158147.79418136587,164549.14979452203,178593.18735613563,179521.63183776822,188991.63305432198,186661.48411151345,197135.4242709867,191337.32186621067,195041.55755616812,148340.83245778538,157925.6772626926,154951.8685758422,142446.19954690154,145137.73389147676
2026-04-02,232049.74531421167,231177.2338268826,251837.14334677404,158671.03857559554,165093.5735764086,179374.59435657525,180307.1011041218,189956.9262775413,187614.8758714392,198142.3127031881,192314.59592412252,195756.22943793368,148862.3641285098,158504.3490204585,155815.99853799955,142574.46658498657,145304.15206287958
2026-04-06,232964.50215017266,231906.287693071,252631.3514959394,159025.2183533151,165462.08950544737,179909.16148272608,180844.4472606807,190670.7973187674,188319.94532803886,198923.40399373416,193072.7139347174,196850.771613555,149567.26210858935,159390.60278372536,156670.18425553272,143248.39400143406,146178.4955794273
2026-04-07,236652.40634494956,234843.20954437382,255830.74097309995,160470.78853755374,166966.17210119945,182088.29246381647,183034.9067933474,193555.77575855108,191169.35378330605,202072.42648109532,196129.1180866161,199289.27591683416,151133.1158492017,161365.0663207715,156683.85459565747,143311.42337567662,146200.8575000631
2026-04-08,239917.9229671669,237435.65106221478,258654.86450524474,161750.79290206474,168297.98726184605,184017.8405390668,184974.48592459172,196110.32830446458,193692.41028985527,204860.7812574417,198835.46240444705,203246.6920521906,153674.31901639508,164569.3968809727,160088.3397976831,146961.5132370998,150547.71165917948
2026-04-09,238358.6665816878,236201.15202861046,257310.04042832,161139.60171558423,167662.05686131236,183096.4977607287,184048.3534024179,194890.55121248553,192487.67228852486,203529.36559095306,197543.20603368708,202972.6709354003,153498.35992944334,164347.52124074704,159339.73166301026,147809.33680806373,151566.1114264942
2026-04-10,241183.49585239805,238440.560186391,259698.11861157184,162246.8671849764,168814.14116655645,184765.64984684138,185726.18283544565,197100.36228990208,194670.2377738343,205941.42686657433,199884.3243099242,205125.71049243808,154880.90620567527,166090.84319981543,158024.68473501856,147711.52022114824,151784.69730563113
2026-04-13,243647.71980614433,240341.831103675,262351.51047142415,163155.19519106072,169759.23560754693,186147.080813292,187114.7953857884,198945.36865449135,196492.4963608609,208045.57497737158,201926.5856935321,206769.8609255382,155835.14410004456,167408.3438571861,161310.67463515323,149155.02326020703,153354.53445551262
2026-04-14,249448.05447410254,246063.46501110648,268597.11195946333,165321.85089823633,172013.591138452,189435.46068700988,190420.27041410012,203328.35301840337,200821.44126166624,212998.35664927342,206733.69727377803,211429.3718401683,158631.01924357848,171154.5516637577,164449.66286490313,150972.4589038636,156138.99533121
2026-04-15,254830.30993194296,251372.69233830794,274392.54008918675,167332.33739130484,174105.4561867144,192486.8191923288,193487.49188153807,207395.41860422402,204838.36246584426,217594.14942866995,211194.31963788968,215917.7937396424,161324.23478751702,174763.2053330091,167467.48775420402,152163.7779312051,158324.85412257924
2026-04-16,254507.23849180088,251054.00443282365,274044.6678399455,167211.65735822395,173979.8913823273,192303.6605157433,193303.38102606457,207151.2918164385,204597.24560906616,217318.285638208,210926.56949068987,215323.96554312675,160967.91638316374,174285.77242936153,167919.25093255713,152537.6972328535,159087.40319657212
2026-04-17,259589.2404022318,256067.05214694614,279516.79324494017,169109.98720873042,175955.0600183955,195184.79647722046,196199.49502127228,210991.47280355234,208390.07956010912,221657.69833754678,215138.3523675328,219741.14064013137,163618.38126770256,177837.1442652844,169947.36328026364,154381.2199602774,161168.9265724732
2026-04-20,257351.62893083395,253859.80129000303,277107.4099359706,168292.1234596118,175085.39092422614,193937.38954239246,194924.33259269243,209318.8815890954,206720.0902709392,219747.04977693918,213283.89936921396,218279.7233574891,162741.47801975836,176662.17699228082,170478.29868983166,154072.49841362328,160657.24034645362
2026-04-21,254933.1747860162,251474.16148976912,274503.3014370131,167385.5680812753,174145.4355958331,192543.44851269427,193546.11215534888,207436.9012946859,204915.13325770426,217681.98352671796,211279.57037935936,215742.77560519832,161219.21757418173,174622.4922166416,168835.13279821398,153063.80227560253,160046.20655031444
2026-04-22,261131.3142305002,257588.20263371436,281177.2454684478,169658.1214391378,176554.40175690321,196037.78040173542,197078.2868191511,212154.6501930924,209540.970503079,222974.44218606257,216416.3684445038,220941.18898824972,164338.4536978386,178801.97310083205,171379.39994790292,154613.83533343178,162723.86082880554
2026-04-23,258899.58251718697,255386.7517564535,278774.1932813781,168844.30083308235,175687.01788693512,194786.43055515882,195806.47512714664,210465.184353078,207875.3694346301,221068.8142250831,214566.78838107508,219436.3475052413,163435.49435845995,177592.0931339029,168129.14960004837,154013.81910383352,161807.29497397263
2026-04-24,262971.33482443594,259403.25725095786,283158.5165531994,170329.74245653505,177269.5433548239,197070.4807915071,198126.87150831267,213548.9141843031,210914.22708627183,224545.59640306138,217941.312229879,222410.60807291072,165220.15831652266,179983.37375573738,168476.99250663593,155207.31981487616,164902.26059308817
2026-04-27,265116.32208060194,261519.1406470806,285468.165283115,171072.87668887165,178103.2131620802,198217.58062082736,199349.24956357747,215103.6241710996,212515.08844624937,226377.15512802405,219719.00156486794,224129.57872178286,166251.60290324004,181365.41178119896,169207.95801948608,155474.70909775406,164989.19161202083
2026-04-28,261697.14605468052,258146.35707418458,281786.5137754306,169903.31767963446,176774.31770579657,196414.58131931766,197400.74113810348,212663.0794492459,209963.26592743272,223457.5938744746,216885.3097849948,221988.45048970045,164966.84849169833,179643.9625894581,168575.23734705846,154718.17036555175,163329.93710084446
2026-04-29,261115.96595258891,257573.06260605305,281160.71896905615,169692.50927285224,176548.43650193437,196089.59779375052,197069.5401946428,212223.18087172112,209529.5156727626,222961.33661993826,216403.64833631905,221452.01936467888,164644.97040703567,179212.67645126404,169206.1451757327,154694.2649654855,164328.47645050977
2026-04-30,261300.0469704832,257754.64595494443,281358.9310973375,169733.7697254127,176619.98134970275,196153.20515905565,197174.44366016128,212309.27997311097,209666.9002599228,223118.51946261257,216556.20815286058,223664.4728634104,165972.522559324,180991.47056087767,170081.38813204312,156233.41621070806,165861.04878620632
2026-05-01,263093.9026982018,259524.162085359,283290.4934370518,170407.39696200224,177317.18053094443,197191.67301527868,198196.72007209374,213714.95286671535,211005.7027687135,224650.25448806898,218042.89213501813,225645.24694487086,167161.05867840964,182583.99635660512,171867.66734208897,156666.04142804502,167453.2478567236
2026-05-04,261492.51997498676,257944.50742533788,281566.17942905455,169818.20433192924,176698.1666530511,196282.99241621577,197277.92428097542,212484.4492086894,209787.80772868087,223282.86804310177,216715.72295016103,224111.4591175087,166249.63892562594,181344.16183115102,172118.0486469405,156092.1122822141,167137.78558920516
2026-05-05,263881.1767804423,260300.75418585842,284138.2031746809,170704.09299022533,177619.94593104703,197649.4202527144,198651.2783548352,214335.04643774003,211614.9190166698,225322.49098277054,218695.35696234473,226517.8273391676,167676.93929847426,183291.32165034188,172242.27941111595,157344.3189089453,169306.2399840389
2026-05-06,269426.94213888614,265771.2728600336,290109.6931589313,172760.86842208987,179760.04892799747,200821.86768976788,201839.80649763678,218631.5941803297,215856.9392448618,230057.90136791609,223291.4905308387,231231.3308912093,170472.68157793858,187105.34505770807,173429.36702993832,159531.31048684803,172823.47446787916
2026-05-07,269123.89771588997,265472.34023884346,289783.3853150646,172648.47738429863,179643.1045143872,200648.51154487013,201665.57163395453,218396.812369818,215625.13705178254,229799.138218907,223040.33806490235,231087.8408208668,170387.57264529206,186989.23726634472,173589.69161020828,159042.17434047302,172617.30513992914
2026-05-08,273013.38833413454,269309.0570281212,293971.45544957183,174090.9849966867,181144.05343499774,202873.4892974009,203901.8274969172,221410.1714024352,218600.25352598293,233120.29104022463,226263.80989240005,234464.68878031278,172390.498177714,189721.6797092627,174726.4449254406,160355.2419606951,176663.59992507618
2026-05-11,271469.26952254557,267785.8893050077,292308.8012581432,173485.40762699195,180548.18017265399,201941.04551360806,203014.03907307333,220149.5285154919,217419.13914228132,231801.80102420476,224984.09900580772,233123.94624975923,171595.2573261566,188636.79171918842,174630.65854211312,160720.4611334379,177175.2861510958
2026-05-12,271025.9284933859,267348.56366602203,291831.42683926283,173315.33346228933,180377.09549743758,201677.18662261195,202759.14091980364,219790.10377389615,217080.0224483485,231423.24160490884,224616.6736903264,232958.9057797835,171497.36610476693,188503.2460012951,174620.81782623037,160476.97725062622,175672.51960249754
2026-05-13,276074.0442056458,272328.18496054143,297267.06474796,175172.3862152681,182325.15620078318,204558.28194228635,205661.54626447838,223714.68989217063,220941.38469171413,235733.71960464152,228800.37288838802,237383.36248282046,174121.6646826224,192083.38150855518,176650.88785013705,161374.81991132253,177528.0132327992
2026-05-14,281347.21413035545,277529.8068613494,302945.0333159432,177086.272082368,184360.06500595243,207527.5501040269,208693.34613699038,227759.38377280152,224974.89351178237,240236.36658123735,233170.58903293326,241216.52299114582,176395.244999,195185.058157682,176476.59568254487,162648.7635573683,178789.8319816247
2026-05-15,276257.0030030326,272508.66131556523,297464.06850767776,175238.32880565093,182395.75974155683,204660.58753819065,205766.73810667428,223854.04908614315,221081.33199732067,235889.94420723492,228952.00264838868,237485.38304508125,174182.1766131085,192165.93343796374,174998.99548878134,160692.20566891885,176092.30212486003
2026-05-18,274165.5341787229,270445.5701964249,295212.04659014,174508.82307257067,181588.66488455597,203524.35872261372,204564.25174544554,222300.00331012654,219481.54324213177,234104.0837261807,227218.66749091895,235721.76267395733,173136.11226160507,190738.86558855887,174427.59254788543,160579.1572049439,175334.71057496744
2026-05-19,270845.40441551583,267170.4889954768,291637.04470203887,173252.11077696522,180307.43151147699,201567.35176358366,202655.34891535732,219624.25596188213,216941.93748793183,231269.09595721876,224467.06173947878,233218.2643153921,171651.2006390014,188713.11102309675,172724.69231333435,159509.57346753348,174254.2128910939
2026-05-20,273266.6771795252,269558.9091709928,294244.18819349684,174134.6449750643,181241.79724168248,202941.67234061746,204047.45547783352,221503.31654603992,218793.9971008146,233336.56896606187,226473.7267009164,235286.14250594156,172877.73084572994,190386.37502624386,174342.60235715428,161144.38622186924,177140.52283989722
2026-05-21,272341.90300160076,268646.6826192459,293248.4230674514,173818.28126161406,180884.92819624674,202449.01702804377,203515.7581734103,220829.7261225951,218086.62660896857,232546.92408153927,225707.30667271168,234768.92850763508,172570.95330188575,189967.86122342644,175207.54092393082,161463.94967228183,177478.3318674273
2026-05-22,271593.5351379807,267908.4688455865,292442.6062120127,173570.43293666374,180596.13409764392,202063.05685370008,203085.48537243658,220302.01623977488,217514.19135244057,231907.90877449972,225087.0859390074,234408.18078615132,172356.98132837666,189675.95516274322,176601.08411760445,162098.75311455302,178230.95073259546
2026-05-26,273296.2446140762,269588.0754253156,294276.02539321047,174229.66992667955,181253.20727279718,203088.90925295584,204064.45522287913,221703.6168849096,218816.6135743497,233361.81596581492,226498.23114163656,235699.87440172228,173123.12956891453,190721.1542658178,176779.9117497117,163174.86860011733,181395.47329535647
2026-05-27,275134.83059854514,271401.7148983236,296255.75173967815,174949.25415139023,181962.71500007997,204206.73015693345,205121.547035376,223228.2195621517,220222.96931305985,234931.7452004842,228021.98597358484,237236.59438849462,174034.61144036794,191964.62124009823,179092.0095279449,163146.5998326489,181189.30396740648
2026-05-28,276653.8571919917,272900.13086238265,297891.3874909753,175519.29704723635,182548.90521098254,205092.24966008394,205994.90873206116,224435.98495681316,221384.89036814938,236228.8095082928,229280.9013200383,238523.27793835115,174797.78803733195,193005.7663507028,184130.58167122555,164046.6108740969,182716.9036183786
2026-05-29,276714.78899057844,272960.23591920984,297956.99676245835,175569.28588554,182572.418705755,205169.9036253913,206029.94136363282,224541.89766875553,221431.4978074186,236280.83786743967,229331.39943288162,238239.00632966304,174629.17669621686,192775.74242951232,185706.3923675889,164455.3173884182,183390.05049170073
2026-06-01,277476.2300473358,273711.3455048205,298776.8903840124,175803.90572217916,182866.257731073,205534.66925884,206467.73057425255,225039.68206219023,222013.9329009666,236931.01609439167,229962.4547652287,238357.20010584113,174699.28152027866,192871.38123066546,186474.47124763855,164903.14787691578,184490.42375384786
2026-06-02,279258.6635971805,275469.5944370541,300696.15371423675,176373.27483967203,183554.0963133671,206422.078043019,207492.53764217158,226252.73965794483,223377.3369913213,238452.99796654485,231439.67245161676,240041.9669060452,175698.5750865958,194234.64317392805,183799.4531747765,165127.076424114,185339.91900739755
2026-06-03,277729.9185642906,273961.59189638705,299050.05348057376,175832.39829122758,182964.15577044827,205579.07728042136,206613.58834563923,225100.3863158015,222207.9821892121,237147.63529122644,230172.70280735736,238364.2463750545,174703.4609067021,192877.08285694357,180435.34357565295,163968.34962279486,184855.5673867382
2026-06-04,273628.8708158983,269916.1884504757,294634.1858822141,174375.78367676435,181381.56725295755,203308.82312661342,204255.69807882293,221997.02617933627,219071.04321306632,233645.83836284647,226773.89993631924,235928.82406848733,173258.92754937158,190906.4133578095,182517.72009161243,164587.934490956,183961.34829191692
2026-06-05,261690.24176777218,258139.54646680717,281779.0794760226,169871.10736647085,176774.46721283914,196287.91313198698,197391.60408168705,212399.6812466166,209939.04742065107,223451.69845160437,216879.58775696537,226692.9164536771,167780.7907191221,183432.99842511068,177124.18272324486,160340.02338658503,175131.02758937964
2026-06-08,261705.8464119041,258154.93938223177,281795.88202177035,169793.4583555559,176706.5332234815,196185.03987333406,197287.4188674351,212317.77633719254,209836.07677630757,223465.02292335941,216892.52033237804,226041.0123922994,167189.89109610743,182905.4975285908,176215.1828747695,160703.06087562675,177865.8222603293
2026-06-09,258658.61804339278,255149.05676423814,278514.73099820904,168594.47210299826,175458.73071021616,194333.53998068385,195425.5152529183,209845.60859595062,207392.8052382179,220863.05981646606,214367.08557447628,222761.82348536002,165033.21440519023,180252.07781432648,175775.28808904235,160231.3249870629,175819.07735625093
2026-06-10,254880.26734430762,251421.9719128285,274446.3325178767,167107.81275302707,173911.5426008394,192037.80921562517,193116.88459817815,206780.29297671438,204363.31889600915,217636.80699422435,211235.7225687971,219808.28854943495,163090.71577736206,177862.16736751836,172845.65231891724,157705.1880172353,172306.81555713512
2026-06-11,260144.29993706598,256614.5804598717,280114.46232011646,169179.0400942244,176067.09916070546,195236.24221825594,196333.28984455604,211050.91860462594,208584.02684896978,222131.65179856474,215598.3660168084,223776.27436282346,165700.4045621452,181072.9405440454,175987.87134479452,160385.67910891524,178126.63047775143
2026-06-12,259574.83234955627,256052.83958724968,279501.279147844,168954.97293347042,175833.90919231955,194890.23297653405,195985.33634999976,210588.91863965048,208127.42702113776,221645.39560963467,215126.4114846648,222891.52943527643,165118.52019476093,180357.0319155792,175571.3935542733,161253.0846213914,179174.85119278863
2026-06-15,266955.1474874954,263333.01629395457,287448.1494314403,171853.95905160706,178856.05740837523,199364.8568699393,200494.82292921387,216576.45052034323,214044.97298027723,227947.28880037906,221242.9548216271,228948.9316535456,169102.38893254718,185258.49716180834,179966.99942718554,164096.6166608799,184803.3996790041
2026-06-16,266442.64131965174,262827.46397058596,286896.3003627658,171676.71379328612,178646.19244029222,199091.41568618856,200181.67374215886,216160.6624460318,213634.04489036862,227509.67074898377,220818.20789314414,229035.0817962261,169159.0486767434,185328.2072314208,179646.6936077187,163118.34436812985,181291.1378798883
2026-06-17,261387.62817207188,257841.03882731296,281453.2355322159,169663.65442907083,176576.22677072836,195985.81308374897,197092.9826062506,212059.61095801805,209580.92899141647,223193.30317680546,216628.79234540634,224759.8236593043,166347.27118138733,181868.79865630914,176652.08076586484,161081.34354467728,179465.46519730907
2026-06-18,266017.4717963429,262408.0632807588,286438.49239831924,171470.14863608638,178472.09075325396,198772.7418799529,199921.8885943139,215815.72919752804,213293.1434318832,227146.62758974542,220465.84247699738,228370.47537646367,168721.94632771364,184790.42797366215,177503.57019289405,162756.10505605198,183963.83463427913
2026-06-22,261136.31623709475,257593.13677151426,281182.6314576397,169547.64973547682,176473.31762636668,195806.00559048683,196939.42713107177,211855.72559613985,209379.42676590002,222978.7132924733,216420.5139301011,224357.63863565828,166082.7597151227,181543.36279371948,174883.1266573074,162243.9148983721,183300.63313040585
2026-06-23,258848.02066314692,255335.88950982576,278718.6732449056,168621.6797391855,175536.2887519404,194376.81883519512,195541.24317996282,209999.26791846854,207544.66849693094,221024.7866611101,214524.05574583184,222121.12434877007,164611.83554200546,179733.6436014203,174243.42888260254,159887.81622773586,177264.71867301484
2026-06-24,256708.09709791493,253225.0010988898,276414.47692376334,167801.18396016175,174660.0163890007,193110.4260742524,194233.71681860852,208263.1820834333,205828.8750911439,219197.55171349578,212750.56301823218,220552.06326047468,163579.88600454794,178464.00719353982,173741.4511754472,159813.70549664565,176512.0846472225
2026-06-25,252609.193963547,249181.71316820694,272000.91857225046,166090.06542702392,172981.56600256177,190469.40319652465,191729.22367319898,204937.8073895076,202542.36940319627,215697.58602514616,209353.5375272078,215270.70595698257,160106.41115570866,174190.493838605,171567.001446364,160044.7378188218,177942.82307043724
2026-06-26,255026.9868305209,251566.70066302223,274604.31502989976,167010.61044177297,173971.62242469954,191890.21677363678,193206.53247115132,206899.3241542186,204480.95876457045,217762.08762436485,211357.31847344717,217505.0899867165,161575.93428848314,175998.48929174498,173982.743877741,158887.39452423996,175493.68487990776
2026-06-29,261670.5105494805,258120.08296787555,281757.83357671206,169582.44279800542,176657.66758275818,195850.769344226,197205.68543127365,212234.88232368993,209754.15167855224,223434.85038646442,216863.2352232976,222049.748005559,164516.13637666564,179675.8880400351,177184.03956271874,161505.0424829689,179855.44193257327
2026-06-30,266712.07609996304,263093.24297526764,287186.4184958,171509.10280776475,178664.7106347,198810.50691272522,200185.89877353894,216234.5338275805,213707.052818191,227739.7353431994,221041.5058796742,226458.5126130353,167290.80234817023,183243.3259818604,177828.29284553588,162762.65010715526,182915.6290798661
2026-07-01,272203.7971476285,268510.45062882855,293099.71541928063,173607.7920385887,180850.9602156193,202034.515990409,203432.2118829034,220591.3095408588,218012.90388181887,232428.99844767642,225592.8494408563,231531.33963925965,170483.39750399344,187348.10299240457,180820.2592711606,162542.5129005352,180126.18035882013
2026-07-02,269374.9891148823,265720.02475095884,290053.75192405423,172526.74860924034,179724.8140908591,200373.81569309958,201760.02268740823,218347.1165041724,215794.9423410051,230013.53979228018,223248.43370780794,230533.3604143087,169855.317022889,186540.56862184504,182655.0541946344,162328.92074501837,177003.8952949685
2026-07-06,275179.9012121405,271446.1739796935,296304.2822310123,174654.1674756148,181940.99194927647,203666.35937176863,205075.34452728892,222828.35635211115,220223.8027266365,234970.23003312486,228059.3388990531,235072.58891802243,172595.66900682813,190213.57397198395,183647.17668366106,163745.6316439918,179542.46600741704
2026-07-07,272880.9506319185,269178.41628219874,293828.851072862,173818.90275454166,181070.87877597642,202371.93756020593,203771.96777037787,221063.88639627883,218479.95697095417,233007.20531987335,226154.05022361738,233557.5905978767,171686.7631270038,188987.6835082644,181963.03871380692,162967.5288308171,176216.49795797764
2026-07-08,274196.54672212224,270476.16195190576,295245.4398335114,174296.89084649223,181568.809222449,203112.68261537014,204517.8373772352,222073.62092260813,219477.88910478566,234130.56467346047,227244.36958658107,234915.78434459146,172501.5959000269,190086.69249054565,180112.2048571599,162464.0521049922,176715.76763281028
2026-07-09,281525.93724736455,277706.1050070356,303137.47624026367,176959.83688168338,184342.8572177121,207239.48857760127,208673.1930143288,227699.00908345482,225037.52430057488,240388.97442698074,233318.70841131645,240400.17217814762,175791.89152799617,194524.49196206537,181594.66788893944,163839.35092249303,179656.73163170993
2026-07-10,284930.18726857967,281064.16509594,306803.05593786464,178196.68380170673,185631.30718012067,209156.24812753822,210603.21290711715,230311.80856520607,227619.78378968674,243295.7906844607,236140.03004805502,243510.8214509709,177658.08991022836,197041.53454146802,180381.0007211225,164545.52468827865,180210.64019601475
2026-07-13,280474.4217248503,276668.8567770252,302005.2403800831,176636.06421056186,183944.8767148077,206727.89715486756,208077.0423604753,226988.2324361845,224239.9078155813,239491.1078200075,232447.2496534262,240173.47909834338,175655.8896127401,194341.05883146197,178940.02819329678,163285.73538039118,176790.282100556
2026-07-14,287072.9643811257,283177.8683363648,309110.3248609119,179087.46108341892,186442.3113874804,210558.8512765089,211818.04801830248,232253.94354004707,229245.1657379694,245125.46221507338,237915.88769442635,244932.32959435118,178510.90742992848,198191.77560371684,180069.9564352181,163865.50452100736,178764.99887925087
2026-07-15,292263.80113475776,288298.2741883908,314699.6398933262,180923.96343203753,188406.9536371407,213428.87053766794,214760.96294296798,236198.83345830833,233182.62255810993,249557.80665844545,242217.86902791623,249971.85719012882,181534.31425647772,202269.6077301056,180923.15929311895,164515.00772236212,178280.63209796735
2026-07-16,287458.25717066287,283557.93335245474,309525.1949257303,179257.11817455268,186588.1380679832,210823.98522513272,212036.4875405821,232618.37462769507,229537.42569410315,245454.45548452676,238235.20468842683,246863.44395684678,179669.45736054264,199754.3744857456,180301.12608268668,163623.56378032573,175349.6134685166
2026-07-17,284805.2581699788,280940.9310745433,306668.5365680718,178378.60646666505,185584.0236693935,209451.07899134126,210532.38507602803,230731.29183570892,227525.0200830501,243189.11640008612,236036.49324354762,244652.84678993607,178343.23492437857,197965.62663698194,177800.41732720434,162004.1558413916,172714.18152831067
2026-07-20,283125.5640282413,279284.02754989505,304859.8995097589,177779.32686152705,184948.28838547127,208510.20850198105,209580.09218121995,229432.08628065194,226250.9050476453,241754.8615103546,234644.42233346344,242793.352739128,177227.65277897046,196460.9807281933,176773.52412096752,161742.61985624832,172895.50259326267
2026-07-21,284426.58022392634,280567.39114966633,306260.7891399074,178245.8357400432,185440.70059314603,209241.1954441535,210317.6958010668,230439.5121379222,227237.77774966758,242865.7714039564,235722.6583971364,243962.8480878835,177929.27811067962,197407.30071834737,177483.67311355483,163091.76507523484,176102.23233368472
2026-07-22,284311.34541551385,280453.71988328727,306136.70824939077,178240.76761054207,185397.0862041787,209233.2540379827,210252.3640918234,230428.5675129802,227150.36754899347,242767.37486655943,235627.15587638924,243741.1672679412,177796.2832432857,197227.92335565126,175461.88425414832,162902.13153158186,175203.05571476318
2026-07-23,278565.03493993223,274785.37715104106,299949.27815931616,176251.29271688007,183222.20672408445,206115.8853532269,206994.52654790174,226132.2967610922,222791.56174434308,237860.72329665333,230864.8176300376,238994.7884553494,174948.74766963345,193387.29828948146,172069.11754091605,160890.40631198342,171877.10282594792
2026-07-24,277217.03864618303,273455.6708939153,298497.8019704301,175750.20956210542,182712.01335897195,205330.7229266341,206230.2878327288,225050.2077591247,221769.05276317865,236709.6981024772,229747.64612791606,239007.90789911165,174956.61852956575,193397.914143495,171362.92628586918,161053.87295417266,169957.02493672524
2026-07-27,274063.60669974075,270345.02570145554,295102.29457567097,174537.1179390953,181518.49371513532,203443.09760948003,204442.46779916514,222466.92954327958,219377.04879278212,234017.0500326674,227134.1936126673,236643.5660084728,173538.15870836278,191484.76075040866,173429.4460458151,161088.75328749136,169432.92215951873
2026-07-28,274652.3584918994,270925.7891245878,295736.2423182908,174745.03639140594,181741.32612161175,203767.87847476624,204776.25722817288,222913.13789057938,219823.6405215208,234519.77259135188,227622.13020943134,237390.69537877967,173986.39041174584,192089.3150644596,173753.03844407294,161474.5255170524,167786.0841995293
2026-07-29,269356.2184644747,265701.508786625,290033.5403313052,172842.17288802535,179736.8283976725,200795.49363695405,201773.6412204703,218829.45234201616,215806.30696603743,229997.51193550462,223232.8772587221,233149.49393472314,171441.93021085818,188657.46412717117,172612.72230431857,158989.8405375456,164368.21244643276
2026-07-30,270058.69148578675,266394.45043359546,290789.9391941932,173104.46031277382,180002.70232945247,201205.20203857403,202171.90424370012,219392.34051771142,216339.16078518215,230597.33861864053,223815.0619754443,232858.4371403767,171267.31402269052,188421.9498405575,175306.68910632347,161655.43232590097,169788.1204229602
2026-07-31,270129.7388457968,266464.533800735,290866.4405553735,173215.75374173332,180029.59253074898,201379.04892785416,202212.18413421785,219631.1844319936,216393.05304292435,230658.0044392592,223873.94350670092,230993.44356110584,170148.43249820743,186912.8538809617,175545.85175765376,162819.3206715861,170890.98002746954
2026-08-03,275308.5230187563,271573.0506052844,296442.7777821796,175053.51110486774,181908.53446977254,204226.10272409942,205025.41877833343,223509.63756645418,220155.25663437028,235080.05744186603,228165.9360889481,234667.67079683286,172270.06756651442,189830.68785223493,179767.0228315443,165138.35732520258,173891.55560056577
2026-08-04,285100.205905157,281231.8768663161,306986.12617611623,178483.95499264827,185473.31312670055,209542.8360095684,210362.96110933807,230756.6840494795,227293.5411203682,243440.96596060012,236280.9354618863,242314.32633469408,176699.06020118168,195911.24296494722,184746.0554891155,168115.63721792758,179798.30154011474
2026-08-05,286190.1814298329,282307.06326111266,308159.7744479043,178865.8198793929,185870.1316850645,210134.6759639075,210957.1174530649,231563.3996451874,228088.14971504782,244371.67274054812,237184.26850502923,243535.4463934057,177406.34088347465,196882.26719632134,182889.5223759927,167779.97719874475,178171.33915839889
2026-08-06,287591.7187663568,283689.5840993472,309668.9017958298,179356.8381492198,186380.37802801613,210895.6891926216,211721.10919472654,232600.70920099327,229109.89156901967,245568.41548561206,238345.8129237968,244794.17752324647,178135.4061428535,197883.19942992163,183905.72191080617,167511.8961624982,177513.11033925004
2026-08-07,290833.77723183046,286887.6532984231,313159.8391874476,180492.6694231429,187560.6879866122,212656.07710109442,213488.3870467382,235000.2301692024,231473.4010816624,248336.73984381402,241032.7159536006,247392.07049497135,179640.1226532877,199949.02171173962,188596.77998496027,168536.2897808073,179594.63371515114
2026-08-10,291614.6025615368,287657.88414508593,314000.6051294634,180735.86102924056,187813.4028757987,213044.64420556853,213878.4749554612,235545.7578654939,232010.7416244947,249003.46988670097,241679.83628362496,247244.9972027113,179536.37612222205,199816.64785794026,189643.84553434644,168486.16426747973,179058.09922613352
2026-08-11,289653.4083573422,285723.3000391436,311888.85845599714,180084.05162920867,187136.06888823654,212021.17932038973,212851.0043535657,234132.64997892172,230618.84133416443,247328.84811647216,240054.4681092375,245561.77402221033,178591.61676775708,198503.24986250018,189255.53238534756,167947.80720833616,178456.99563881906
2026-08-12,290056.01778883336,286120.4467395568,312322.37448711693,180217.86020942277,187275.11735731663,212231.28427312293,213061.93163145497,234422.74392353548,230904.58161597012,247672.6276959919,240388.1365217049,245822.0922301369,178737.72814795029,198706.37290430948,189415.57442159916,168368.4597712159,179761.05188655396
