Date,V7.3 (no overlay),CHAMPION V7.3+V2 tuned,CHAMPION V7.3+V2 original,"B1 dip5 + quality + trend, n5","B2 RSI dip + quality + trend, n5","B3 dip5 + quality + trend, n3","B4 dip5 + quality + trend, n5, hold4w","B5 dip5 only (no gates), n5","B6 dip5 + trend only, n5","BLEND 50/50 champion + B4 dip5 + quality + trend, n5, hold4w",CONTROL SPY buy&hold,CONTROL QQQ buy&hold
2024-01-02,100000.0,100000.0,100000.0,100000.0,100000.0,100000.0,100000.0,100000.0,100000.0,100000.0,100000.0,100000.0
2024-01-03,100000.0,100000.0,100000.0,100000.0,100000.0,100000.0,100000.0,100000.0,100000.0,100000.0,99183.34523947306,98941.8490761381
2024-01-04,100000.0,100000.0,100000.0,100000.0,100000.0,100000.0,100000.0,100000.0,100000.0,100000.0,98863.84165233273,98432.64919248072
2024-01-05,100000.0,100000.0,100000.0,100000.0,100000.0,100000.0,100000.0,100000.0,100000.0,100000.0,98999.2656771933,98549.39357882376
2024-01-08,101909.1977367257,101909.1977367257,101909.1977367257,102308.53673985694,101946.94753646212,102707.25059578198,102308.53673985694,102102.4609282012,102329.77202538456,102108.8672382913,100412.5710211211,100586.20827407742
2024-01-09,102505.3411601493,102505.34116014931,102505.34116014931,100368.30364767807,102432.82777966831,99612.26529235682,100368.30364767807,101113.95418598187,99962.18354108406,101439.29973124868,100260.22564462767,100784.91857494075
2024-01-10,104393.1343039839,104393.13430398391,104393.13430398391,101736.74229906648,104234.39907579555,101491.54327944279,101736.74229906648,101200.04413147624,101118.65952589591,103064.90030659176,100827.24390824692,101467.99565708761
2024-01-11,104633.6677743546,104633.66777435462,104633.66777435462,100562.69427683475,104812.27833321625,99826.7628824609,100562.69427683475,99891.26240750644,99485.37019823275,102588.94931976178,100782.81870873591,101679.13008944996
2024-01-12,105301.78891327657,105301.78891327657,105301.78891327657,100387.8319977465,104883.25178405209,100029.51578123933,100387.8319977465,98823.88873500214,98938.4233844432,102827.28897728451,100852.6325871709,101731.29021687197
2024-01-16,105663.15148099148,105663.15148099148,105663.15148099148,99258.87009362491,104861.17290920824,98836.88243571311,99745.74606108709,95598.04616350013,98175.87561679685,102674.87999209233,100482.37824808138,101721.35242773518
2024-01-17,105386.95144161336,105386.95144161336,105386.95144161336,98945.66535333861,103764.6492738485,98209.94973206337,98749.57545175703,94464.11832321259,97105.77533783775,102027.97351513522,99923.8406147027,101147.56828515678
2024-01-18,107412.15420589692,107412.15420589692,107412.15420589692,98644.09513478412,104406.52536968852,97829.3706418312,99408.97540253577,93265.90852071445,97095.1474188846,103348.94617050416,100812.44437704283,102583.27181278387
2024-01-19,110207.74818228104,110207.74818228102,110207.74818228102,98997.02184785226,107238.06656492046,97105.71553436354,102170.18435368639,92034.39423294184,97632.18095095847,106129.19031007233,102069.1806580437,104617.60016567532
2024-01-22,109961.85763767615,109961.85763767615,109961.85763767615,100081.8520216935,109394.2353397867,97818.22569577656,104660.05952062174,91219.61921027064,99625.15702763744,107303.97281890172,102284.99440610978,104754.22013029191
2024-01-23,110459.4790047975,110459.4790047975,110459.4790047975,100463.26680710408,109910.52724646429,98794.75191634207,105205.2290207882,92655.83255999582,101277.66936180185,107826.24026903926,102583.3063948608,105188.90554620356
2024-01-24,112059.2668609992,112059.26686099918,112059.26686099918,99691.30885586329,108934.56673460928,98660.65277659753,104167.20449379225,91299.21195868895,100368.81344612714,108075.1229797517,102695.43695532737,105772.61989760667
2024-01-25,112063.86438394841,112063.86438394841,112063.86438394841,99632.95585191528,109231.05347613855,98854.35689125376,103651.52633198525,88561.03911591283,100388.70321456049,107809.8278848699,103253.98789165546,105901.78841544871
2024-01-26,111805.28243779499,111805.282437795,111805.282437795,99846.36921638896,108875.23243073763,99607.84115419142,102619.65598155762,88934.19872565144,99884.4007525532,107148.81139305785,103122.81415912721,105270.87146072387
2024-01-29,113507.28606479047,113507.28606479047,113507.28606479047,101164.14966234358,110909.04373023694,101029.03794259633,105410.93523535338,91914.88384720507,102489.12558375354,109421.60733130049,103939.48887407828,106348.89038254727
2024-01-30,113335.02790294889,113335.02790294889,113335.02790294889,101062.14752610837,109917.88356905081,100508.4005622062,104153.50907838342,88725.91285679322,101360.6406197956,108685.94411968449,103859.09915087275,105640.97261771449
2024-01-31,112221.15347280406,112221.15347280406,112221.15347280406,100359.3089205169,108581.61119629264,98049.09889534795,100878.4316461813,85778.9164122566,98943.43166757448,106443.05358624742,102164.39651835208,103571.87337331241
2024-02-01,113999.26272138483,113999.26272138483,113999.26272138483,102110.293458319,110436.41921863539,99974.05894428723,102336.09944097116,86507.96216208213,100662.16938876016,108055.36969981554,103501.53582550789,104791.47736416479
2024-02-02,120251.08215127328,120251.08215127327,120251.08215127327,102670.1190666233,113640.11221849173,101777.58005126934,105923.21762004089,87733.03073567791,101828.38275906927,112912.09121312945,104591.13385028594,106562.51115727185
2024-02-05,121580.24401079425,121580.24401079425,121580.24401079425,103601.97126188729,114534.40566596552,102234.64369341453,106522.7216763171,85915.88165267716,102251.69863101176,113855.64223216788,104210.31031790058,106423.41243060511
2024-02-06,120394.74451308804,120394.74451308805,120394.74451308805,103539.68584507583,121490.00509443933,102568.24357149308,106458.68030684619,88931.81878298584,102698.60156738792,113266.3278858344,104512.85929603453,106209.79165588052
2024-02-07,123234.71803607857,123234.7180360786,123234.7180360786,106333.33693817435,125527.6902739179,105736.40519344674,109331.09010973135,89025.35087754557,104648.42690072427,116130.28408401695,105384.54170674182,107302.71347125307
2024-02-08,123390.23222951144,123390.23222951147,123390.23222951147,105827.82004146637,127683.66910466558,106161.36903406508,108811.3216629073,89541.83820032423,104710.35087192358,115927.51234404086,105431.0887266816,107501.4313524285
2024-02-09,125316.7837525653,125316.78375256534,125316.78375256534,106980.40254663453,129162.80377453835,107727.767780588,109996.3978145634,90238.49217668266,105731.65213940067,117463.81825971577,106040.4170208577,108559.57469597834
2024-02-12,124581.30308399683,124581.30308399687,124581.30308399687,105671.64052879748,126079.28595090292,105909.20651498513,109136.83846545886,90454.04423293695,105572.62822296284,116660.16584344924,105993.8633494432,108134.82706920347
2024-02-13,123180.03262633411,123180.03262633414,123180.03262633414,102466.41170309711,122453.9811710479,101872.0480011029,107773.79358900832,89077.45484269636,104768.74719318765,115275.57539440553,104534.01098557562,106448.24553297897
2024-02-14,125573.44902645273,125573.44902645276,125573.44902645276,103132.11261850878,122741.77972051672,102532.07080257582,108449.3377293268,90920.2440118337,105787.11377717457,116756.77416319927,105483.98125348371,107608.23794963474
2024-02-15,125248.85896902632,125248.85896902636,125248.85896902636,103530.5768244499,122687.95227355091,104212.18640119213,108730.14689735565,92430.39102908675,106824.61962205385,116757.03393542982,106211.7856149887,107928.66532156555
2024-02-16,124615.8181665175,124615.81816651755,124615.81816651755,102428.54618762329,121564.36887351371,103102.418644352,107861.52046094406,91216.21349419103,105944.327356007,115995.59756911597,105682.86034696753,106950.00155017384
2024-02-20,122428.23247614238,122428.23247614241,122428.23247614241,102400.0193236277,120727.55583100872,103342.85151455938,107935.1190196704,90861.32975746163,107070.54790473217,115017.04154873395,105101.02259772013,106142.72863490938
2024-02-21,121405.66177096221,121405.66177096224,121405.66177096224,96482.90041834494,120233.40820547182,103205.30820665885,101858.75717515098,90555.43787893781,107248.39194843423,111299.18244678085,105196.24510950323,105717.97342782244
2024-02-22,129113.34235332118,129113.34235332122,129113.34235332122,99425.91440745708,124345.14835845299,105447.91186601199,104006.34683922963,90904.4085596152,110205.80374088533,116005.52351727925,107373.31268715586,108812.93904693799
2024-02-23,128635.02477874552,128635.02477874556,128635.02477874556,100366.87218186284,124908.79328880533,105917.51749031182,104923.06999906461,91123.85861604675,110346.81123630008,116301.88715909955,107447.37020644847,108492.51167500716
2024-02-26,128709.47649499307,128709.47649499311,128709.47649499311,102932.46182264201,125422.06602325785,108503.68697996499,104740.7995959169,93208.07836025915,112541.81393347846,116234.52517818991,107053.84900886375,108435.37886286073
2024-02-27,128323.44749313447,128323.44749313452,128323.44749313452,105850.31299726735,126253.063169078,111925.8771863259,105105.85963285783,94265.38132817112,115843.3861433188,116262.77822529164,107252.72145087288,108696.19466059493
2024-02-28,127533.83705174988,127533.83705174993,127533.83705174993,105023.65149714562,126463.01906459259,111309.36751835234,104088.25085858928,94062.63342782631,115361.00870466589,115342.26571632187,107110.97187357409,108117.4378332921
2024-02-29,128564.61100547339,128564.61100547343,128564.61100547343,100962.55181120356,126567.15842156942,105225.22694593914,104143.63220014989,93467.20373198943,110806.658631374,115839.06896375318,107496.02574386768,109043.94147726183
2024-03-01,133308.7809787506,133308.78097875064,133308.78097875064,100518.69164964795,126809.24076921602,103760.7397826759,103846.79501623932,93371.50893694667,109843.40064606303,117811.27482538822,108505.23404544021,110685.80675252684
2024-03-04,134905.27444659188,134905.2744465919,134905.2744465919,98227.54162258042,124678.86110982718,100339.19070343251,101860.95787757132,89980.3587038804,107453.35272207057,117390.28496474592,108388.86649559074,110290.86491285029
2024-03-05,132073.05917334586,132073.0591733459,132073.0591733459,96747.31977786038,122337.30702613179,98110.64862580197,100188.53167227324,88274.78359185229,105834.10421640449,115194.33416446982,107305.6206291497,108311.18302974312
2024-03-06,133386.4386500317,133386.4386500317,133386.4386500317,96973.02387016722,121644.19057172464,97972.8180182558,100702.0926618465,88000.34362858416,106081.00708133265,116062.33996852042,107849.35873132432,108991.78134983982
2024-03-07,139432.36801393467,139432.36801393467,139432.36801393467,97331.80343719851,123175.65571573295,98951.58033789256,102092.79520905305,89026.96634705592,106473.48424943494,119494.09927668792,108919.91358404071,110646.07075660385
2024-03-08,134775.04751716027,134775.04751716027,134775.04751716027,96560.94252505375,121809.91801608642,98227.70340685576,101150.67443384885,88478.36592313586,105630.22188000078,116947.077367474,108266.16674182833,109048.9065816742
2024-03-11,132220.27334557127,132220.27334557127,132220.27334557127,96702.7956298225,121702.98815085884,98235.86359200948,100778.68686425284,89413.86084298736,105298.75126866165,115623.62246580144,108173.07935342345,108644.03453317292
2024-03-12,136544.45221336145,136544.45221336148,136544.45221336148,97016.57484127021,122232.20553931716,97736.07987299991,100641.08809065651,88691.33217721626,106535.32035473932,117435.38681477412,109336.73489749413,110201.44755155541
2024-03-13,134986.07099769832,134986.07099769832,134986.07099769832,96902.48651836369,122701.5476720143,97283.1744937653,100411.665776922,87920.54046013109,106601.76660206029,116631.38867267933,109165.34634893904,109354.43106005585
2024-03-14,134817.6838012087,134817.68380120874,134817.68380120874,97097.45736079436,122604.60269524282,95945.2201144325,98872.92101246837,86626.16460972148,104536.5782624368,115664.9924298071,108949.54590382233,109078.71994908457
2024-03-15,132815.95647705268,132815.9564770527,132815.9564770527,95825.77445508387,121471.28032354769,95016.48395728273,98097.0237388797,85863.81859457263,103314.93459998767,114352.47925634663,108201.42793858827,107782.11514812423
2024-03-18,133904.9355283246,133904.93552832463,133904.93552832463,96732.1406020394,122117.8722394084,95024.61846942485,97881.33146658074,86981.50375661795,103832.68993325447,114695.55919879641,108844.49251243492,108666.38887349665
2024-03-19,134126.79386736467,134126.7938673647,134126.7938673647,96782.54249608699,121816.76873849156,94988.12890021081,98018.01765191337,87117.05663834642,103886.79154006398,114870.65817766254,109449.34436413897,108937.1348800556
2024-03-20,135699.1379634529,135699.13796345293,135699.13796345293,98722.64293015531,123933.8081242687,97421.87224648296,99795.28990174465,88886.16035289232,105969.3035733575,116585.38511653196,110461.68551029448,110228.76699629148
2024-03-21,137697.99354022677,137697.99354022683,137697.99354022683,100390.77316651205,126413.44648695346,99831.47047031009,101433.85389078059,90480.81740555876,107759.88164308612,118401.1619975692,110826.73174469512,110750.39101144786
2024-03-22,138546.31433694882,138546.31433694885,138546.31433694885,99097.63235572606,124613.03660756955,98295.7930707108,100381.88951186086,89415.18194867784,106371.81881297908,118151.91541299698,110616.61165897091,110877.0731869277
2024-03-25,138065.5765428069,138065.57654280693,138065.57654280693,98436.16971033302,124555.1233334516,97719.35231657879,99926.14346332796,88713.51910048585,105598.77429800562,117678.71741025329,110311.00300247569,110474.67990047656
2024-03-26,136514.82626306845,136514.82626306848,136514.82626306848,98842.0811671509,124715.80622736577,97839.13485051513,99910.58776457811,88577.6160535936,105630.88014760592,117008.67506485713,110107.26168098729,110116.9952946729
2024-03-27,135120.06489578504,135120.06489578506,135120.06489578506,98227.50884178864,123611.57474780559,97385.48049362766,99398.34315739604,88742.49994432896,105230.49213994794,116110.98728729335,111032.58158366292,110492.06155607585
2024-03-28,134866.7750067726,134866.77500677263,134866.77500677263,98125.94146702328,121835.02046435772,96768.59892049857,99465.82794275311,88473.80439365977,105051.41220043077,116041.57488916158,111011.35672790014,110288.38615080016
2024-04-01,135725.54218407648,135725.5421840765,135725.5421840765,98821.97966379324,121674.51153365575,97216.61374022682,99582.68015303033,88115.25657894011,105766.55536950531,116479.186216971,110818.2245085558,110521.87492348625
2024-04-02,135101.35252285012,135101.35252285015,135101.35252285015,97720.05204205154,120437.84081137368,95923.29854519082,98194.11040917551,87115.23954033016,104971.63589744286,115399.26115704677,110113.62714227372,109568.04425446835
2024-04-03,135963.33234619597,135963.33234619602,135963.33234619602,98273.98212387526,120851.9403064789,96313.35473116064,98531.56196740257,87118.13921656205,105185.36017822732,115965.68816312471,110234.58420966515,109813.95715865343
2024-04-04,133523.3521518131,133523.35215181316,133523.35215181316,97589.7153294948,120531.24928457523,96499.65703133836,97656.6831092975,86795.72861732778,105119.60957096088,114410.29587367894,108889.06404438928,108134.82706920347
2024-04-05,136394.90191446964,136394.9019144697,136394.9019144697,98719.93183927254,121629.0950492335,97240.59121141788,98707.77447945789,87355.2452300817,105743.74713892031,116256.2546312081,110026.60589879384,109409.07752984008
2024-04-08,135932.95631888942,135932.95631888948,135932.95631888948,98826.33122642672,121981.30285965573,97546.38987041618,98298.13639878629,87977.55017900099,105410.10962036236,115818.15265619585,110088.14534270395,109441.3696593006
2024-04-09,134769.7277624397,134769.72776243975,134769.72776243975,98298.2612909866,121312.57705853402,96794.39126702664,97591.16084679223,89172.01019826706,104877.96011674842,114906.1121604324,110215.50112875526,109846.24928811395
2024-04-10,135021.48723271542,135021.48723271547,135021.48723271547,96598.24722028799,119870.96792294929,95655.25890387547,96674.94117136834,86306.87015235753,103167.48145894142,114474.04934701833,109111.90174973694,108887.45351468372
2024-04-11,137931.9783840112,137931.97838401125,137931.97838401125,98147.34761977741,122110.78172634271,97688.77429602701,98393.59619328889,85890.89106601465,103698.92366643547,116725.37790424767,109935.36096888041,110626.19517833025
2024-04-12,135232.5723863987,135232.57238639877,135232.57238639877,96301.4611063844,119879.01400176599,95417.76764610656,96448.73180246355,82895.3468129313,99937.60508678191,114429.58068677023,108417.9134855989,108862.61283199777
2024-04-15,132607.15931593307,132607.15931593312,132607.15931593312,93979.65794353739,117268.79720087643,93290.21477486684,94342.02512559982,81420.81706635139,98556.1978847448,112069.08036217329,107059.63579185141,107071.7110409292
2024-04-16,133359.55206604546,133359.5520660455,133359.5520660455,93513.56949220799,117064.64406100035,92578.61510560491,94403.20140344235,81146.44420318805,98224.08200614716,112423.34748849146,106864.38840355295,107081.648830066
2024-04-17,131131.4668975031,131131.46689750315,131131.46689750315,92452.963679286,115093.38716670874,91975.63987586893,93375.13147918071,82153.41838844087,99442.97848302395,110872.04271202418,106231.91962890093,105775.10623996888
2024-04-18,130366.34652804499,130366.34652804505,130366.34652804505,92794.62420993875,114920.68882458317,92319.43353356482,93331.1793465142,82988.91495617872,100454.30909881592,110522.49293816798,106013.33221588559,105171.5163102922
2024-04-19,125227.38312728649,125227.38312728654,125227.38312728654,91066.387771518,111480.53469496394,91679.12205722097,90140.07226232692,82227.18843023702,99532.27376522805,106454.67810428131,105088.01231320997,102995.6028883718
2024-04-22,127358.246279849,127358.24627984906,127358.24627984906,92108.32082539528,113291.72825608714,92950.2971980665,91941.47675107479,81869.19346117723,98678.67092519157,108424.11383987915,106055.78857888583,104031.39947191
2024-04-23,130658.54910995941,130658.54910995947,130658.54910995947,94598.15310186343,115854.01493879082,95702.66386066769,94355.81483564744,83780.27576336416,101278.20565764989,111252.52209418948,107314.30745510587,105583.84738588013
2024-04-24,129395.05820610463,129395.05820610469,129395.05820610469,93993.55538791326,115175.86733217644,94741.2959098375,93185.11766168577,85621.19920731481,100229.10819265778,110024.43695994116,107263.3771133398,105941.53199168379
2024-04-25,127658.88717272422,127658.8871727243,127658.8871727243,92944.28448365438,115923.93883879484,97021.45308312091,91608.61379740824,87583.46206167243,99272.93115370096,108355.6095022908,106855.88781888832,105429.84576566423
2024-04-26,131047.64224108814,131047.64224108821,131047.64224108821,96012.20471674284,119648.95475584245,101468.62573640012,93695.2163909581,90294.28841752096,102863.66254991503,111027.80800201868,107868.22896504386,107056.80814738007
2024-04-29,130135.46076642114,130135.4607664212,130135.4607664212,95173.84268855047,119272.95078195917,100627.79093531097,93229.34606171989,92515.16020590327,102377.35884039874,110365.36752781825,108250.24976287493,107491.4935632917
2024-04-30,128280.44613134438,128280.44613134443,128280.44613134443,94033.60742283858,117011.82030024419,100095.54332370515,92854.99414327159,90943.9498022685,103104.52213616799,109357.18666984754,106535.41976791674,105464.61665717485
2024-05-01,127086.92558824329,127086.92558824335,127086.92558824335,94749.03177870478,117939.96391106679,101050.28742243152,92796.93121034426,92081.04510044435,103451.01257855105,108814.26640802689,106189.48987179948,104702.05242255783
2024-05-02,127052.41408830322,127052.41408830328,127052.41408830328,95228.8912294863,119243.88474587591,101619.1423083233,92941.95402988694,93196.96099654962,103603.79892088322,108884.51903961902,107182.72133114633,106038.40079975325
2024-05-03,129670.75681059145,129670.75681059153,129670.75681059153,96745.5275001638,119833.60269668978,103450.4660742227,94449.99642005604,93759.23108877176,104322.0225515495,110889.84541022939,108511.2935388905,108169.6055410262
2024-05-06,132571.78198470984,132571.7819847099,132571.7819847099,98858.7774632329,123721.64008478564,106428.34239667123,96277.14116203946,95692.51474883927,106647.04566376697,113202.8601196744,109631.86748133929,109354.43106005585
2024-05-07,133170.71351802934,133170.71351802943,133170.71351802943,99009.0679149972,123579.49080960223,106407.45484276925,96700.23167424902,95049.4367635249,107319.11643333273,113707.3088671968,109752.8378516801,109371.82029596723
2024-05-08,133420.8230166003,133420.8230166004,133420.8230166004,98389.08156850471,124144.36539293992,105573.12238076924,96370.21062685334,94042.90348078532,106645.43284228009,113620.0547709971,109763.43365087474,109307.2360370462
2024-05-09,133183.51202089502,133183.5120208951,133183.5120208951,98602.4722297018,123968.63604685005,105716.7556814521,96862.03257053462,94284.04284009266,106889.31962961573,113808.93669839085,110395.89577405209,109545.68991414463
2024-05-10,133856.3667973044,133856.36679730445,133856.36679730445,98479.16575283518,124923.83785373537,105555.93592595797,96683.73732138226,93922.46871337322,106803.1985039214,113991.67823820846,110538.10430310506,109804.01936951664
2024-05-13,134580.1090517079,134580.10905170796,134580.10905170796,100129.49608580794,126280.03310260996,108104.26814800806,97809.15089911157,96961.86757875359,107908.46919459615,114963.28693514812,110552.950394632,110057.37614016421
2024-05-14,136204.83517691967,136204.83517691973,136204.83517691973,100914.95815506074,127482.30006154792,109384.45754339977,99126.18159149161,98277.57988644073,108711.7677822598,116431.24562929619,111060.15194628801,110765.29390499703
2024-05-15,139516.95151733456,139516.95151733462,139516.95151733462,102047.16971449854,128574.60427974188,109730.52405769557,100476.31600177831,97525.2861680418,108659.90961937682,118639.8027327304,112435.43746083944,112496.58412186897
2024-05-16,138370.28241964625,138370.2824196463,138370.2824196463,104045.85980000393,129753.04260779929,112476.54061205394,101732.66638693788,96990.10742917804,110442.62918468952,118893.9940932413,112204.11247377656,112268.06803390734
2024-05-17,137447.9882794924,137447.98827949245,137447.98827949245,104749.35351354185,129984.46058387028,113218.64528016798,102068.33312647353,97197.90951419955,110866.76669035881,118693.90096362938,112365.38412931531,112213.42156412311
2024-05-20,138718.61529586706,138718.61529586712,138718.61529586712,106175.18569960017,127667.2520079563,115900.36727460311,99612.8307970203,96444.46093351083,111849.50163869049,117814.79370936473,112494.83512989664,112995.85379670165
2024-05-21,139000.41232817827,139000.41232817832,139000.41232817832,106824.67355597956,126922.51184113882,116891.20255953586,98548.52009374132,95434.66899883839,112000.94419329114,117305.0653581311,112770.75160333798,113216.91843788873
2024-05-22,138434.97242037172,138434.97242037178,138434.97242037178,106643.6764138457,125731.46733373341,117269.209322537,97724.21979559892,95440.43288475371,112113.21659102618,116575.87879214868,112446.05321445818,113194.56409756499
2024-05-23,140793.47754369144,140793.4775436915,140793.4775436915,106194.22774376543,124767.49914029769,117062.3997124761,96511.0269742948,93840.74245901922,111309.40921585509,116845.3126364105,111624.7158157435,112685.36421390761
2024-05-24,142870.42117652216,142870.4211765222,142870.4211765222,106968.83165974602,125675.8484118466,118311.26750560653,97358.59412430998,94368.9645841331,112093.1257955981,118220.2185325636,112363.26896036121,113750.9665845441
2024-05-28,145065.3017659492,145065.30176594923,145065.30176594923,106177.24278662416,125121.13765588339,117852.39343958117,97333.31749234216,91965.51472842004,111661.28414823813,119112.9651415572,112441.79627065116,114180.67931573131
2024-05-29,144182.43510648428,144182.4351064843,144182.4351064843,106412.89197106962,125730.68531170407,119398.91768955701,97438.49555414724,91583.39618041231,112351.13532393659,118814.86124216154,111654.42130174681,113375.89274282906
2024-05-30,141404.04424156548,141404.04424156548,141404.04424156548,107350.74418593849,125835.3216493673,121850.8838527064,98122.97024547303,90319.90277195827,113607.85252090803,118087.40043220858,110913.7396852256,112161.25385638904
2024-05-31,141010.89605942534,141010.89605942537,141010.89605942537,107608.08235796714,125830.2898301148,121648.65365312896,97742.33249479355,90899.46763774207,113229.82311055847,117694.19838606183,111923.96566242701,111952.60576638888
2024-06-03,143190.0535517689,143190.0535517689,143190.0535517689,107417.35700280585,126506.04249752236,120645.68703974594,97131.09863368765,90541.58182099606,113114.70951305218,118235.60941736144,112015.21059234043,112553.71693401544
2024-06-04,144786.0351941215,144786.03519412153,144786.03519412153,107765.36211193465,125917.9511090516,120561.11179533083,97356.4657217866,90619.45800966611,113472.08599945164,119031.6976704865,112140.43125501355,112861.72017444724
2024-06-05,149756.9526181984,149756.95261819844,149756.95261819844,110297.90276514112,127452.16415001711,124542.4924322479,99862.33536761143,91293.26804180167,116150.10781875171,122606.9319705481,113473.22714919125,115136.98874679931
2024-06-06,149519.32074632647,149519.3207463265,149519.3207463265,109913.18595635933,126915.65387440832,124308.32368610306,100587.85245482523,91216.12113366663,116307.24873843741,122955.03688981723,113471.12528318654,115097.24517056422
2024-06-07,149283.65351494204,149283.6535149421,149283.6535149421,109931.43136921122,126628.56770970604,125223.49775969378,100552.07730250544,90379.18198364507,116550.91564452999,122836.27299013815,113333.16039499118,114995.40367777033
2024-06-10,151027.8512288129,151027.85122881297,151027.85122881297,109573.52405607808,126897.93596148073,124797.46892796255,100596.20548723664,90880.1769692876,116289.55729357067,123580.82303073365,113683.30732606727,115459.89488078027
2024-06-11,151416.48308363045,151416.4830836305,151416.4830836305,108964.88177778575,126302.91493805638,123123.25063480197,100278.96526496139,89713.59527171303,114299.22768164927,123544.96271732455,113957.12193350388,116252.26490249559
2024-06-12,153832.11582990835,153832.1158299084,153832.1158299084,110771.59725932233,128762.7196868559,125326.06137503158,102185.82715868548,90796.26795803884,114416.4756804407,125705.09310358742,114893.05093832353,117774.90702936742
2024-06-13,157882.64925226898,157882.64925226904,157882.64925226904,108511.33443222666,126553.43125731795,121849.23457958705,100533.33227451643,87125.03617569286,112862.10232810145,126343.63735110608,115124.38922833581,118413.27543086684
2024-06-14,159912.46764649838,159912.46764649844,159912.46764649844,107938.85986867474,125463.53989917305,120636.70275418945,99841.4026708289,85617.81582732698,112433.84787684018,126721.0202212272,115194.45586280934,119026.80314968033
2024-06-17,161446.22925882958,161446.22925882964,161446.22925882964,108204.24610430436,125087.82734569818,118778.33878170863,99123.40277497703,86112.08727145864,112323.1027297194,126873.07612526242,116111.25522639624,120484.86101763112
2024-06-18,161293.7428585574,161293.74285855747,161293.74285855747,109388.24283990038,125003.79969969069,119382.44393988747,99442.64110298351,85588.28356658775,112446.23229435846,127017.46481600302,116406.26143222213,120522.11825150398
2024-06-20,159052.59763847137,159052.59763847143,159052.59763847143,110094.77850061505,125774.3298580807,120878.30128246942,99146.01704228413,84003.73412805518,114053.680611952,125945.5852872939,116090.05032505757,119593.13584548412
2024-06-21,156619.3563142502,156619.35631425027,156619.35631425027,108970.20620837882,127225.04946846029,121672.57543841864,100652.35911921103,84352.3143181674,114444.80529421246,125938.96206165936,115934.39251416431,119272.70847355333
2024-06-24,153523.60837150278,153523.60837150287,153523.60837150287,106784.30217549478,127906.69361406134,119353.10112854153,99451.86952363593,85663.58827464649,112555.99103106279,123943.2608078017,115557.53326069923,117727.71200635776
2024-06-25,157747.3007742271,157747.30077422716,157747.30077422716,109419.19764848224,130020.73470980518,123229.72259408043,100719.01256773376,83613.74954825734,114689.25018635769,126437.80170633721,116002.54352392469,119073.99817268997
2024-06-26,157497.97045788285,157497.9704578829,157497.9704578829,109296.8883549347,129667.60877635481,123650.22367316693,100966.38266623128,85227.88967721364,115543.68362073573,126493.1482014201,116147.30621926187,119319.90349656297
2024-06-27,157600.73402119504,157600.7340211951,157600.7340211951,109013.7898822578,131226.25318638378,123019.47964624513,101537.16629129747,85159.25054118216,115206.5947240363,126891.96086747099,116330.43462065974,119627.90673699479
2024-06-28,156013.03794873782,156013.03794873788,156013.03794873788,108106.41612634824,129745.31647869074,121360.3373701847,100940.81626502099,84057.1403028519,114148.87766473704,125880.16333650684,115872.64022306385,119006.92757140673
2024-07-01,157718.86888262507,157718.86888262516,157718.86888262516,109181.21755846361,131187.65029893967,122656.83420770528,102336.54348872472,84379.80853961593,115132.53434604272,127438.6279669746,116111.10889395289,119704.91512741482
2024-07-02,157805.25176378613,157805.25176378622,157805.25176378622,109287.72292298554,130375.58896341288,122194.9627000025,101775.35725834503,83760.74845974725,114989.89186715343,127124.10746540377,116892.52414152742,120961.77635214006
2024-07-03,160010.47824616582,160010.47824616593,160010.47824616593,111317.52982507505,130869.70505072194,125855.51525126558,104475.98160553422,86068.58493652093,117277.24555540472,129698.97473292648,117414.18599917788,121970.2459106301
2024-07-05,162171.36078078946,162171.36078078955,162171.36078078955,111972.0186314236,134884.8862745301,125868.5689428357,104950.44060725933,87053.88409134462,117487.95401631643,130869.2455175961,118091.22630578425,123242.0100289045
2024-07-08,162848.221306605,162848.2213066051,162848.2213066051,112158.12669523103,136576.86678849885,125955.52925514676,105472.78740307545,87086.37903196795,117321.94356838067,131468.0257778926,118227.50171940621,123535.11037578715
2024-07-09,162850.56973799775,162850.56973799787,162850.56973799787,112776.3519041047,136891.48019037922,125659.35701222868,105294.01243858373,86457.77342598294,117390.2114985782,131357.55545396736,118342.46580809432,123641.9169729934
2024-07-10,165155.06598046335,165155.06598046346,165155.06598046346,114276.82613006994,138519.3223037717,126783.27791487494,106440.72473830904,86763.37915614428,118365.56496571339,133002.25459237295,119513.51114055497,124931.07032717916
2024-07-11,159595.521056983,159595.52105698313,159595.52105698313,112315.01813940868,135886.2652816926,124910.66668686875,104161.52822126623,88199.30147604074,117136.128362156,129339.678413566,118482.98486257388,122191.31055181718
2024-07-12,159569.9325328702,159569.9325328703,159569.9325328703,113957.74704632693,137305.30794500405,126913.76167897698,105269.87442367214,89589.38459747322,118453.2055852459,130017.43868900623,119230.30465084413,122909.16610578676
2024-07-15,159543.33162691156,159543.33162691165,159543.33162691165,114597.78845777757,137271.09082749285,127141.35880329182,104852.13233607491,89435.67370921173,118593.20386567675,129748.62761008432,119558.1957475792,123239.52368654226
2024-07-16,157665.28618392983,157665.28618392991,157665.28618392991,113504.44385003544,135777.68230803334,125576.4578164675,104158.85358631861,89127.98796683077,117824.76442909158,128556.02053746946,120267.18973863695,123286.71870955193
2024-07-17,149570.5020559394,149570.5020559395,149570.5020559395,110270.31036291194,128881.44031664953,122004.86817517724,99453.3063541365,86995.16078032288,115512.70230903044,122352.02159351225,118580.92117603394,119667.65031322987
2024-07-18,150239.51784270187,150239.51784270193,150239.51784270193,108897.28101406395,129802.66043943248,122115.51376438567,98617.67325125964,85961.29381481862,114749.23391215088,122111.63944842594,117669.64253644676,119101.31761742604
2024-07-19,149268.137200935,149268.13720093505,149268.13720093505,109525.18984191945,128772.5866016906,121929.60027956624,98348.65642353424,85826.45722869993,114240.64338641088,121550.3274530241,116888.2671977204,118045.65303592636
2024-07-22,153091.64524909592,153091.645249096,153091.645249096,112044.30329196225,131239.4694760632,124981.97486808777,100024.117189511,86483.69414812556,116872.04313905357,124142.44658873476,118093.36808063716,119804.2702778465
2024-07-23,153508.99953282607,153508.99953282613,153508.99953282613,112565.28627909142,131832.55405403586,125940.67792695088,100759.3455344692,86276.23096271417,117415.47412445418,124767.91866297851,117908.13781323457,119382.00141312178
2024-07-24,145412.24972370634,145412.2497237064,145412.2497237064,107816.13330580851,127713.41818862909,119011.25142078329,97200.21456667385,83041.64006992796,112461.6907114665,119273.91627913657,115236.04088262409,115099.73151292645
2024-07-25,142300.78191550547,142300.78191550553,142300.78191550553,105406.08151454723,124896.07863435619,115958.279097994,95117.53311762812,81716.86377493972,109947.7951483723,116720.00649661227,114635.62556454391,113830.44615670218
2024-07-26,143349.11006528384,143349.1100652839,143349.1100652839,105689.94297820133,125856.06207557309,116045.30306437527,95640.60401858012,83337.82280572747,110243.88757119948,117470.87761419098,115919.49321083978,114997.89002013255
2024-07-29,143423.8770796355,143423.87707963557,143423.87707963557,105496.98411361579,125969.19122068824,115822.01719201865,95434.50128666332,84524.40222116117,110701.54737856022,117374.93925903921,115987.63091765075,115228.8924504564
2024-07-30,140382.9760202318,140382.97602023187,140382.97602023187,103306.54831593457,124424.15300810848,114146.99448153017,94516.14078755389,83398.95256631063,107278.51399592325,115565.89005261293,115399.98643099162,113646.63874938799
2024-07-31,148742.23102734002,148742.2310273401,148742.2310273401,107287.0502111884,128316.98449834438,115846.48135593934,96291.474872352,84820.88748588432,111771.65086346141,120091.99747241594,117275.74220480422,117009.86403270026
2024-08-01,145359.74790418893,145359.74790418902,145359.74790418902,105821.44111818487,126707.14288470962,115889.66139953102,95752.32463139546,83584.1113488461,108773.25591405598,118390.31078484848,115615.01530504329,114175.71421131893
2024-08-02,141853.87693516805,141853.87693516814,141853.87693516814,102362.55788720006,123212.35718786638,111738.85159755628,92364.29584292119,80456.70950295715,105121.60089818813,114868.09039070294,113462.46506312914,111465.76022305523
2024-08-05,137628.06319369972,137628.0631936998,137628.0631936998,100186.80422103177,120132.0972154934,110446.48081082216,90963.96301250413,80465.51305260742,100518.77788861093,112286.37939539847,110158.01908441121,108142.27851597805
2024-08-06,140985.13837350215,140985.13837350224,140985.13837350224,104109.96245637425,124366.26912536364,115789.09723018101,94055.51198837726,81455.30218355068,104188.0352101228,115563.95697525202,111173.61945316897,109175.58875715401
2024-08-07,135378.80357970428,135378.80357970434,135378.80357970434,101771.20363865494,121358.93965868083,113616.67705483251,92503.93316705358,79802.39593185826,102082.87519075214,112313.03616086385,110430.53665428162,107993.2420001745
2024-08-08,142589.04839736441,142589.0483973645,142589.0483973645,108002.28368667357,129131.94401475014,122341.3555358459,98908.62543531993,82769.73690158343,107995.11752434142,119192.0270540886,112983.3992494476,111296.8557092902
2024-08-09,144875.83696170762,144875.83696170768,144875.83696170768,110036.34193371126,132745.58102447545,125835.78787940336,101896.50899733411,83523.72734782132,110218.4918830561,121948.11269210528,113481.59470436191,111878.09129864315
2024-08-12,145060.43656221597,145060.43656221603,145060.43656221603,110266.46742476056,133442.17185774574,126292.62005352128,101619.85909477138,83465.73515138755,110464.25704208705,121860.26024352122,113541.24512945765,112119.03151810379
2024-08-13,150422.90837178208,150422.90837178216,150422.90837178216,112819.12476703455,137536.4285800226,130341.73122269542,105495.07000900978,86599.64859815009,112728.52625382331,126436.20696841767,115408.47371270685,114901.01363175102
2024-08-14,150710.01077222248,150710.01077222254,150710.01077222254,113071.3933394991,138395.13298469296,130415.2456903564,106546.72642302667,84700.97084164814,112883.71859294348,127187.07417010142,115772.60204359908,114938.27844593597
2024-08-15,155223.50124202043,155223.50124202052,155223.50124202052,114500.26826312563,141832.05658245002,133017.45219077077,108919.8065731588,87973.16917185995,114411.21521227072,130507.98274914421,117756.94979333869,117841.97763065065
2024-08-16,154751.8445407837,154751.84454078376,154751.84454078376,114815.2352463094,141536.22082247675,133828.53400850575,109755.81977110002,88580.96822653255,115076.48016159974,130810.56079855168,118020.97343001916,117993.49290850434
2024-08-19,157476.4860063412,157476.48600634126,157476.48600634126,117125.85878103807,143023.5184809023,136780.35586630777,112683.06337098154,89681.74437320826,116724.11747621333,133706.51231627222,119149.39611261213,119543.45448011225
2024-08-20,156407.03648999686,156407.0364899969,156407.0364899969,118344.66886700946,145659.08386092386,135674.9394891145,111132.12800447279,89442.40496189767,116330.55126912131,132332.3526613037,118955.65195759552,119292.5840518269
2024-08-21,156814.54943140128,156814.54943140133,156814.54943140133,117793.8868925199,144577.9918937952,135602.3796225855,111353.64982420756,90145.13474707845,116529.0587325114,132636.63658677877,119364.46489551198,119848.97895849393
2024-08-22,154637.60545414733,154637.6054541474,154637.6054541474,117159.1447899243,143155.1004094274,135759.65219162937,109494.95177943008,93334.87396162139,116730.78194061936,130609.01171635045,118427.61798718394,117948.7842278569
2024-08-23,157153.8473433485,157153.84734334855,157153.84734334855,117448.07567324783,143802.08037754218,135981.95224669116,111072.13286759685,94772.02636855167,117189.95397022048,132612.29319885583,119685.98387948592,119227.99979290587
2024-08-26,154308.10853295506,154308.10853295514,154308.10853295514,115709.30519044212,142309.19405212312,134223.24926026305,108836.02058160806,93506.11735044583,116162.26936111426,130076.74260317387,119400.64891787159,118070.4937186123
2024-08-27,154786.48995511906,154786.48995511915,154786.48995511915,115862.7009563781,142124.35821419177,134073.44355998916,109224.19463396259,92182.00333227213,115857.02095933912,130510.3381903103,119564.59446623911,118423.21322000363
2024-08-28,152786.3129100503,152786.3129100504,152786.3129100504,114640.32399134919,140003.98074866255,132829.65871505777,107153.50798331447,89747.5444206073,114747.00816467428,128429.98384469273,118870.51308145528,117079.41339603363
2024-08-29,150804.38982982707,150804.38982982712,150804.38982982712,115673.99725348089,140568.6662450942,134150.17559596157,106317.46371165541,90809.62067351992,115945.96143475523,127095.9708784324,118881.12883507402,116908.02253990636
2024-08-30,153300.05289975362,153300.0528997537,153300.0528997537,117518.99292199872,142660.8001722581,135544.97768824798,108079.56380004434,91468.0597410043,117431.7012409672,129200.86799491463,120015.97684222569,118301.49614893616
2024-09-03,145824.13791585504,145824.1379158551,145824.1379158551,113062.81291672438,137778.6769275518,129810.06260362147,103398.00471531949,86224.18307643637,113007.48049367152,123252.30432496221,117546.17786309402,114709.75477766225
2024-09-04,145144.78998681364,145144.78998681373,145144.78998681373,114461.63754682757,139202.4829876117,132640.910008007,104610.64209016267,84302.40047656541,115320.26112362448,123687.95074566005,117305.5807203015,114411.68174605515
2024-09-05,144769.37726794032,144769.3772679404,144769.3772679404,114548.77614814694,139502.9893346859,132234.22713943053,104494.76494516167,85527.99786820689,116390.75435565811,123459.4885930502,117020.24575868716,114518.49592357347
2024-09-06,138369.50639586954,138369.50639586963,138369.50639586963,108278.58628809002,134243.73774490366,123372.91576544892,99094.91435087717,80853.47216511983,108750.25356083094,117540.64610364208,115050.78400932271,111450.8573295061
2024-09-09,139850.47639770602,139850.4763977061,139850.4763977061,110689.52197118795,138444.31318057718,127486.11298577714,100576.42382704529,82766.54696609935,111164.87361035994,119048.3057232077,116338.94850827377,112884.07451477095
2024-09-10,140030.15542772072,140030.1554277208,140030.1554277208,111903.77229051692,140349.01912437862,130799.46634989709,102968.81136307455,85742.73098159593,112839.79498947346,120540.66889239417,116845.6844567009,113927.32254508372
2024-09-11,143995.59606948748,143995.59606948754,143995.59606948754,116341.96134271722,145374.66210737822,136630.34414240628,107211.36930957473,89808.69375747358,116957.91048517705,124730.71289735686,118044.39992390713,116401.30141829913
2024-09-12,146284.59141271742,146284.5914127175,146284.5914127175,118600.87862413605,147989.69687366235,139834.77418597505,109441.46673246103,90960.36360509647,119142.01234124451,127019.34864370876,119038.70227068043,117543.90459904356
2024-09-13,146703.24210597127,146703.24210597135,146703.24210597135,118984.01367194853,149072.44081052125,140976.63963351332,110659.443980262,91964.52732175447,120321.0970782221,127907.90747075551,119660.40230779567,118070.4937186123
2024-09-16,147115.5110998365,147115.5110998366,147115.5110998366,118586.59437705671,147271.75244549182,139999.41178951826,110324.14470127378,91700.59600850372,119825.36132123106,127893.85126366031,119837.11868758422,117548.86970345592
2024-09-17,146037.9375423184,146037.9375423185,146037.9375423185,117307.55732300396,145662.03471968957,139451.9815528324,110437.7882638872,91602.48762455839,119495.85285164273,127491.33165900821,119886.08684431425,117610.96762001472
2024-09-18,145757.95272987924,145757.95272987935,145757.95272987935,117110.70636411117,145018.72850766988,140220.14078480747,110653.91297625932,91565.28752205732,119799.1880499594,127493.86717592708,119530.56552168181,117101.76773635737
2024-09-19,149490.53205442242,149490.53205442254,149490.53205442254,119004.91347477313,148245.45852537878,142913.68534853612,112668.01175034238,91796.96759905748,120980.81317590232,130286.6108838682,121570.25354091256,120062.59215290642
2024-09-20,148072.95798819832,148072.9579881984,148072.9579881984,119740.50661512815,148720.5197261995,143161.66398445246,112805.20919541107,93163.73454525332,121026.78155483303,129748.20230738787,121360.10684928956,119834.07606494479
2024-09-23,146301.1675630106,146301.16756301068,146301.16756301068,119255.26413993211,148346.7632099914,142243.66852343216,111443.45568235988,92285.5429677731,121008.78499248535,128188.79864067219,121663.37418669093,119983.11258074833
2024-09-24,147968.323148661,147968.3231486611,147968.3231486611,120502.5915065223,150186.98386169676,144686.82159295207,111814.18771219751,95466.67172545094,122432.72157487491,129132.39674412027,122011.49906945869,120561.86182773908
2024-09-25,148962.23531680333,148962.23531680342,148962.23531680342,120973.65213027562,150830.82349796285,145914.5535858189,111610.19050726053,95307.637280458,123328.20376659819,129448.29526412762,121742.38040315919,120673.64110966977
2024-09-26,148544.6710950647,148544.67109506478,148544.67109506478,119911.27645124028,149835.70670954481,144871.31308579582,111125.7698863533,96723.18511061011,122282.21539716703,128985.94186525005,122225.0513161273,121580.2691753659
2024-09-27,147296.31403064713,147296.31403064722,147296.31403064722,117714.51102942693,147076.89991070813,142035.6578436469,110728.77892237638,96576.66587067721,121087.98730434215,128213.55055594859,122047.78951541346,120904.64353999362
2024-09-30,147664.77973567435,147664.77973567444,147664.77973567444,117383.64201814303,147236.85966592,140906.07681495982,111587.77534320256,97769.67490328194,120418.85650398236,128871.23406762329,122536.8591470415,121232.52235869902
2024-10-01,146210.1646285903,146210.1646285904,146210.1646285904,115602.67655114192,144800.99494992231,140116.18316739972,110363.13903108865,97452.09647494418,120088.66279736512,127529.33409851814,121439.1263687072,119543.45448011225
2024-10-02,147027.39056224062,147027.39056224073,147027.39056224073,115836.65869568396,145407.46875936547,140576.9239706762,110349.80825911461,97350.15409765998,120226.73776691781,127878.03768340709,121490.3826327335,119712.36657418941
2024-10-03,149741.6740939965,149741.6740939966,149741.6740939966,115789.81983956665,145248.67679261471,140019.64940579547,109716.24637144385,96877.19239083593,119569.11483122039,128691.3214471487,121268.27658960268,119622.94163258243
2024-10-04,151341.946071831,151341.9460718311,151341.9460718311,115793.25671239277,145428.2198057665,139189.6923545402,109437.76066599437,96612.78477774907,119816.05598535354,129215.65163196845,122370.29291764277,121046.22860902261
2024-10-07,149646.0587147444,149646.05871474452,149646.05871474452,115032.99663940202,145186.1932571888,137864.42000736174,109327.0168506986,97090.2994698729,118297.2255257347,128426.2990202817,121264.00634284627,119749.62380806226
2024-10-08,154375.35531791145,154375.3553179116,154375.3553179116,118236.01849987,149874.19440378394,141147.56363412738,111148.43532358544,95422.95485400624,119526.45024423151,131525.44991530094,122410.86691330335,121538.0392567686
2024-10-09,155133.65638744447,155133.65638744461,155133.65638744461,119550.97989786098,150979.2339632315,142416.30248262975,111858.56343515895,95421.9228888656,119707.55723265426,132268.6388907453,123258.73039311546,122494.34868783661
2024-10-10,155397.90068294073,155397.90068294085,155397.90068294085,119238.57718240656,151153.95162560654,141370.63027579366,111240.93796009953,94611.3052214744,119369.8917208197,132016.12795872867,123043.03637159395,122355.24996116986
2024-10-11,156312.93924559752,156312.93924559763,156312.93924559763,120496.62613273706,152921.19838790956,142261.60338264535,112658.87014549045,95387.5478055719,118238.72110203869,133246.17864114602,123779.83352689125,122546.50881525862
2024-10-14,157658.43051056523,157658.43051056535,157658.43051056535,120705.14545913643,154640.5499059597,143003.48550909164,112902.33453904615,95232.20670471473,118491.24727434714,133963.6262303826,124792.16137009737,123574.85395202224
2024-10-15,155748.65960866038,155748.6596086605,155748.6596086605,119270.20261025791,155109.5444440745,143359.42461700627,112310.18446261664,95321.60946383738,118733.18125971647,132800.94628311065,123822.56260035413,121923.05088762044
2024-10-16,156046.67224334355,156046.67224334367,156046.67224334367,118902.88552734528,155120.7162815065,142126.87878328125,111840.75292683484,95954.6684768896,119092.66386449384,132650.4591148224,124360.72011525676,121937.95378116958
2024-10-17,155742.78294613337,155742.78294613352,155742.78294613352,117603.37725441826,153933.14309145923,141573.1655499671,111630.36624016434,95266.81313611564,118876.72021620584,132396.52946347854,124371.42898952127,122022.40603805211
2024-10-18,156966.9464367426,156966.94643674273,156966.94643674273,119562.54013158134,154940.14189759296,142283.13619543263,111963.62763675224,97373.66608332595,119059.14399708637,133114.48690212666,124849.81635278357,122822.227506542
2024-10-21,158116.22089328425,158116.2208932844,158116.2208932844,120527.16342210489,155933.10991195217,142719.02301811092,112224.82606254982,97537.14883125824,119078.93708528223,133757.07361619588,124644.79129667839,123058.20262159029
2024-10-22,157537.15790780244,157537.15790780258,157537.15790780258,119366.86073807221,153809.40021521095,140331.18451380817,111359.75827701656,95728.45198927204,117748.54477288578,132996.62401036473,124578.59582047936,123192.32866353261
2024-10-23,155020.34459772788,155020.34459772802,155020.34459772802,117606.44046637604,151743.01495301194,138798.86358624898,110135.37301886232,95059.22279788871,117152.17759874872,131203.10730119428,123440.2491376363,121304.55048408252
2024-10-24,156053.62476046564,156053.6247604658,156053.6247604658,117146.75091299176,150161.98694814174,137393.42984115522,109983.5109825688,94988.17295289776,116497.00681788755,131549.9152748334,123707.22602908291,122288.1869401987
2024-10-25,157761.64769324067,157761.64769324084,157761.64769324084,119574.84486671684,152434.1972480396,140304.27696265574,112370.98601874402,96506.26167308804,118169.11634624717,133697.64359435797,123664.51025856943,123033.36193890437
2024-10-28,158045.27233937584,158045.272339376,158045.272339376,120014.1546415065,155845.5184074457,141659.4653639627,114230.10948859114,98432.74108340972,119264.78315655931,134923.80606507172,124046.79711538846,123053.22993686586
2024-10-29,159352.26717231428,159352.26717231446,159352.26717231446,121332.04468095377,154700.82539525238,143435.04099108986,113494.01776776316,97435.51326296593,120288.94341743774,135046.97880567654,124247.55192473723,124235.57669384537
2024-10-30,158666.99456440093,158666.9945644011,158666.9945644011,118925.82107535009,153182.65405574185,142482.8358951544,113654.93707595216,95749.21186697225,120791.08292845968,134852.3425435462,123871.67708952753,123296.65649868872
2024-10-31,153284.4167673047,153284.41676730488,153284.41676730488,117026.90667343307,149748.20320097974,139547.7697298595,110418.49575819893,94432.9559617568,118703.78401102174,130644.96504276757,121443.39661546361,120184.30922397389
2024-11-01,154322.0080420905,154322.0080420907,154322.0080420907,117032.33892261007,149100.8808239033,139835.20556193535,110741.3952370939,96779.79723705798,119862.65493637553,131278.16090312548,121955.95925572659,121073.54805375868
2024-11-04,153548.20906498752,153548.2090649877,153548.2090649877,116594.67326200874,148616.71018426405,139542.2772663865,109611.82507015669,96291.52768998076,119624.20777864639,130279.5111377105,121693.27921693519,120720.83613267941
2024-11-05,162712.13131492512,162712.13131492533,162712.13131492533,123882.29070769505,151090.30477423128,153348.41758570212,117807.90955701146,102217.36321435637,127723.0888399376,139037.8639871369,123164.74505562628,122260.85991515053
2024-11-06,168430.95867681407,168430.95867681428,168430.95867681428,128082.43556350509,153567.1851407288,161828.6124936866,119749.01902275825,107710.80270834609,135638.7871103721,142626.69576902367,126227.3234598843,125581.8552798655
2024-11-07,171503.64101224745,171503.64101224765,171503.64101224765,129991.13937206667,156225.98149898348,164508.21491512304,121576.50806854102,109748.32707819257,138353.89440984186,145015.97619697696,127203.33425123684,127559.05082061047
2024-11-08,173321.34698490388,173321.34698490408,173321.34698490408,132047.65652707877,157542.59171956725,166883.5248624312,121591.75585646923,113350.34109036399,141900.70218397153,145793.55627375198,127754.32911230749,127708.0949167261
2024-11-11,174302.77669881794,174302.77669881814,174302.77669881814,132762.55987937422,158229.5264029778,169457.27401545603,123508.53681345466,116218.0979935441,145348.624815354,147355.4831819773,127876.07770518801,127633.58044898037
2024-11-12,174821.71280073872,174821.71280073893,174821.71280073893,131568.84567715527,155918.37958731077,166102.97385005525,121698.49500468465,114444.33705167801,142874.86722299637,146495.07560652916,127478.83833324687,127402.56285803235
2024-11-13,174500.2219860845,174500.2219860847,174500.2219860847,135229.12960774283,161041.14185563565,174026.28320758318,125840.26082470009,117924.55056277753,146796.85286870447,148853.21005000704,127540.76356268948,127238.63102899173
2024-11-14,172934.37238443023,172934.37238443043,172934.37238443043,132498.46402880858,158029.59229481465,168292.24413801267,122732.65406519551,115476.6470205299,143486.23334271385,146347.40083162326,126720.67664121813,126354.35730361934
2024-11-15,174323.74803765665,174323.74803765686,174323.74803765686,128423.75699493148,154287.05303005147,163463.4514969295,122956.02758478426,114461.23039825662,139202.08364333273,147068.46337443363,125097.55717940224,123343.8515216984
2024-11-18,170986.83339243,170986.8333924302,170986.8333924302,128518.63429060183,151116.67973328257,163788.87908249415,122460.77000686865,115388.52660715353,138465.0093263674,145364.67679825667,125610.11981966521,124200.79822202264
2024-11-19,174460.89559500723,174460.89559500746,174460.89559500746,130532.63939567872,153233.84896334467,167023.94481849967,122587.7673120208,117684.92993740135,140397.53958611866,146916.79086925834,126069.28442104899,125055.26616029677
2024-11-20,173795.76175759127,173795.7617575915,173795.7617575915,130189.83819330753,151858.6573466358,166327.700831151,123082.94218082713,119984.65110021428,140467.85353936878,146933.45418441828,126111.97358566368,124983.23803491324
2024-11-21,172041.86756955646,172041.8675695567,172041.8675695567,129453.7692612962,148473.98594290152,166622.20772883296,123394.64411847015,121601.462364472,141571.9745853411,146378.10136213148,126788.98728637127,125432.82634437403
2024-11-22,172711.92104019702,172711.92104019722,172711.92104019722,127114.22807991307,149059.6383550748,164483.34715189933,123673.20941397727,123888.48491478417,140817.5208503388,146828.37701328192,127181.9830174548,125634.0229875996
2024-11-25,173347.9919731393,173347.9919731395,173347.9919731395,127426.74892217305,150237.12661973457,163243.5625981161,125216.76533049495,126499.98540229394,141441.05762576283,148015.02686275926,127613.39766639662,125832.73328846294
2024-11-26,175417.59907015233,175417.59907015253,175417.59907015253,128890.75764763638,151336.40580444908,165947.23359469726,127104.81238660554,127495.49032313624,143985.35911032252,150014.50711152513,128279.70249283969,126508.35892383523
2024-11-27,175177.28913871894,175177.28913871915,175177.28913871915,127733.30118277718,150198.86579103512,164563.42724217704,126405.2357157088,127197.71920677942,143270.71257521416,149498.91730707642,127891.03022031015,125512.30591653215
2024-11-29,176758.86195112226,176758.8619511225,176758.8619511225,128562.3451150687,151336.28995957036,165790.11012837986,127071.70660960117,128945.10476384251,144081.25660442875,150567.90234778883,128685.49566124305,126615.16552104146
2024-12-02,177609.95114809633,177609.95114809656,177609.95114809656,129735.65396096784,153248.1340310866,167270.99610366725,128557.82239222094,130736.98518482453,145887.77169419127,151810.84558235522,128916.1421978867,127993.7362365221
2024-12-03,182285.16373162795,182285.16373162818,182285.16373162818,130167.37859663703,154127.0882832256,168822.10213036442,129240.16939795496,131060.80866872666,146238.85192986898,154211.78157208665,128975.95225837521,128386.19931414853
2024-12-04,183409.98171429546,183409.9817142957,183409.9817142957,132457.410509162,155830.6682579344,173289.6424813079,130560.11016771359,133305.71928440532,149624.1098002243,155475.06403014433,129776.82972091742,129973.42569994138
2024-12-05,183845.06472200117,183845.0647220014,183845.0647220014,131990.03408909944,154975.14891743177,173007.16212229634,130090.14933831125,132742.64853415315,150122.63688667517,155379.65006226033,129563.25086835002,129613.25475177549
2024-12-06,188045.18703805408,188045.18703805434,188045.18703805434,133612.60424109834,157698.35233761946,175448.59951314458,132337.1567867223,134184.04956680702,153383.88359217404,158496.46358424876,129808.87652601459,130773.23958811919
2024-12-09,184899.93122106144,184899.9312210617,184899.9312210617,131493.92613053115,157121.64620693005,171944.31894467655,130939.51759339854,134942.85979439027,153967.61808133704,156333.9961608468,129140.41662176921,129754.83982080445
2024-12-10,181650.01822201244,181650.01822201267,181650.01822201267,132050.759843147,158645.73323637593,173270.85892304173,132213.55934173503,134344.86730356354,155138.97357229533,155720.65077133893,128738.89370012225,129312.69537780617
2024-12-11,184941.03686955327,184941.0368695535,184941.0368695535,132972.4950182813,161899.34345292652,174409.4248892788,136293.9264138148,132093.20589972445,153792.95024726418,159534.19503261748,129734.12725335333,131627.70752639332
2024-12-12,183990.44258540415,183990.44258540438,183990.44258540438,132947.59718061963,161255.35098853853,175152.40516367776,135890.14748164994,131149.01397687037,152937.80487220644,158887.87848138524,129065.66734910797,130778.21227284364
2024-12-13,182937.53937816177,182937.539378162,182937.539378162,131665.0910925103,159423.76100811275,173401.06250918529,141186.11927997385,130778.901285908,151717.34512035837,161529.37765505025,129040.00595972133,131779.23796487116
2024-12-16,183417.78757827074,183417.787578271,183417.787578271,132352.7424140602,159539.35029672537,175272.96020058208,144609.02962125497,130493.06331594037,153328.86771118577,163699.45708968802,129591.02742669077,133676.93877283388
2024-12-17,181423.7417781679,181423.74177816816,181423.74177816816,131352.2738722384,158421.1095206358,173640.68399084307,143866.9842218872,128968.58985802933,151698.97687573486,162389.61622455498,129057.11355264575,133088.25173670636
2024-12-18,175399.76955005093,175399.7695500512,175399.7695500512,126695.1763138446,153498.89440026766,166533.61699053884,138549.6053426779,123531.57064277223,144087.76822850545,156692.6422961699,125210.75197582056,128286.83658340477
2024-12-19,176775.32033987468,176775.32033987495,176775.32033987495,127475.07852247285,154576.11464362283,168028.59576643634,139686.74094506394,123115.14530461679,145099.2426623243,157950.08515213686,125172.30645206348,127715.53878318859
2024-12-20,180996.032199752,180996.03219975226,180996.03219975226,129029.57866644271,157160.806441992,169723.6422389893,141262.46135261064,125230.3807025723,146882.9614440432,160726.5731231467,126675.75258110475,128830.81493888487
2024-12-23,182877.10465904739,182877.10465904765,182877.10465904765,130214.49845103957,158292.30960988402,172311.1350553045,142230.71568269902,125264.11502513896,147693.17811143573,162112.61371922522,127434.31336161541,129876.54931155985
2024-12-24,185153.3052850909,185153.30528509116,185153.30528509116,131513.33777775813,159974.161530011,174267.18617015457,143503.14608662523,126036.50088603598,149329.03246054702,163846.6395740973,128850.74489865148,131637.65289584218
2024-12-26,184842.67083496056,184842.67083496082,184842.67083496082,131183.54259121983,159917.05853143547,173637.47820182983,143174.52594420858,127492.4319870934,150741.23624240374,163521.59237869977,128859.31199806309,131548.22037392316
2024-12-27,181041.74567260963,181041.74567260986,181041.74567260986,129969.94173263489,158366.12571142567,172055.67085794028,141020.36033639836,125190.54372468698,148249.56082637154,160610.19171007405,127502.89006575648,129799.54850145189
2024-12-30,178742.28630272206,178742.2863027223,178742.2863027223,128369.83791725137,156604.22984873704,169320.2822422578,139480.07793955243,122954.90940263329,145718.68885240512,158713.090028459,126047.87997546936,128073.22338899228
2024-12-31,176659.17852676375,176659.17852676398,176659.17852676398,127573.91922518774,155854.61069429957,167986.45994504445,138172.4201742725,122394.60268611663,144013.72896815347,157044.26296259486,125589.31400680845,126985.27425834416
2025-01-02,178988.73882433196,178988.7388243322,178988.7388243322,128204.39816037659,155862.9334970063,168351.61828770986,139864.58140812253,122884.68703763885,142379.80412024085,159041.35448512476,125280.71218669892,126736.88259210894
2025-01-03,184681.8728180132,184681.87281801342,184681.87281801342,129896.42900546707,158265.80015499168,171468.69484986475,142632.17491055105,124495.69971182919,146411.31520192613,163144.21460534888,126847.16108408396,128810.95452123544
2025-01-06,185362.46948492507,185362.4694849253,185362.4694849253,129599.3184062763,158298.5049580419,169754.24829593502,144351.06340667003,123502.78164693435,145614.48516367216,164427.868807736,127577.89209445626,130291.3591491979
2025-01-07,177809.0402914123,177809.0402914125,177809.0402914125,125916.82510422861,155358.33673223853,162265.05830401284,139650.295991034,120174.00183606069,140262.11762630782,158400.40898062143,126135.74595623596,127966.41679178603
2025-01-08,177655.54630612902,177655.54630612922,177655.54630612922,124922.21553815379,155763.99662307638,160294.51442020686,139346.43785298473,119302.78388369628,139349.4871293166,158159.7114680621,126320.01841128197,127988.77871242183
2025-01-10,175277.204116129,175277.20411612923,175277.20411612923,123428.4900930757,154293.2164817871,158554.07763496388,138506.7410514615,117791.91997287539,137732.97864495666,156624.5069734,124391.42332246482,125981.7698042665
2025-01-13,173455.0213063703,173455.02130637053,173455.02130637053,121958.39582643962,153160.4133505988,154859.29352414887,136475.0047844427,118021.04558924543,136643.64332626545,154661.62070394566,124584.31608872004,125576.89017545314
2025-01-14,173256.00860289516,173256.0086028954,173256.0086028954,122983.10457745894,154750.3054008533,156972.76641557825,136888.6269249721,120456.19848072118,138014.45040368766,154807.2662547143,124755.72459169923,125457.65944674789
2025-01-15,178028.63539570555,178028.6353957058,178028.6353957058,125775.72249264114,158530.99443453306,160845.69818883936,140355.91035689088,122236.34271876627,140544.6901168333,158900.05328415707,127025.02151752065,128343.9769758633
2025-01-16,178555.8899197373,178555.88991973753,178555.88991973753,127614.20813299097,160749.63745575404,163497.74777814362,141667.82938191434,122937.89905944084,141724.78493146162,159877.98105667747,126780.73945774518,127444.80035694173
2025-01-17,181346.04596414173,181346.04596414196,181346.04596414196,129104.15491621355,161752.07204040125,165141.55615810625,143587.94474263643,124108.05967078477,143589.13838897948,162210.59103456972,128053.61886783919,129595.86551586412
2025-01-21,184278.68115087095,184278.6811508712,184278.6811508712,131132.53480968584,163094.80308818043,168791.36149482956,146119.24332280815,124854.18453973961,143685.11325503,164951.98199313055,129225.741739201,130355.94340811892
2025-01-22,188954.21608964723,188954.2160896475,188954.2160896475,134336.09538222893,167157.8583558251,173222.98758300388,149332.99168052868,123178.1997034535,142154.58273457875,168858.54802223036,129952.2025028169,132022.65694638196
2025-01-23,190320.69579436906,190320.69579436933,190320.69579436933,134829.82041872683,168469.06200238387,174336.2967397201,150828.67815073364,124886.33193553078,144267.39298628666,170314.74899486676,130661.475855812,132303.34074207768
2025-01-24,189929.50678190196,189929.50678190222,189929.50678190222,134629.05646120803,170182.59616855116,173605.54237673042,151134.6408072768,127622.02698098717,145151.61748722932,170312.46031005646,130280.02708480497,131555.6794010098
2025-01-27,183756.83892878055,183756.83892878078,183756.83892878078,129405.59293273522,161608.31830916542,165320.35438020367,139118.97322850875,127584.98915056352,145848.15181944054,160774.71973479923,128437.16950485091,127725.48415263747
2025-01-28,192131.45426608605,192131.45426608628,192131.45426608628,131516.55045538282,167937.32510460276,165868.73656669457,143809.68595432895,127464.08675868365,145853.58629298862,167148.77152488587,129540.75558091985,129613.25475177549
2025-01-29,189347.13333463736,189347.1333346376,189347.1333346376,130573.37024332618,164346.33278908956,165255.74497182862,141975.3597581137,125782.83717071227,144602.9332906082,164871.6216038192,128960.0552338459,129369.83577026469
2025-01-30,190798.62706578753,190798.62706578776,190798.62706578776,132090.65232734557,167125.4567979437,168451.00300516287,144828.26888121705,127335.44071893027,146337.99806521472,167160.05434775373,129652.16778211898,129921.25799220729
2025-01-31,190903.28313283867,190903.2831328389,190903.2831328389,132620.62129009966,165536.34332152802,169084.0406665723,144914.28613696957,126502.69136545713,146285.76831209034,167255.539656071,128962.17040280001,129732.47790016865
2025-02-03,191145.28797167115,191145.28797167135,191145.28797167135,131560.4416930754,164001.93843777498,168640.36192089165,143816.84112197746,124380.01557328348,143818.1989551821,166728.23478735177,128094.31259004434,128694.20255458033
2025-02-04,202786.61688714873,202786.61688714896,202786.61688714896,132748.45533761953,174878.39234709722,170278.22549385572,152054.20257505117,126964.76041359172,143750.25462122232,176580.1887006131,128953.61660633779,130273.96991328654
2025-02-05,203378.45626228824,203378.45626228844,203378.45626228844,132821.2339376267,173602.21887166827,174328.74371728802,153956.77917684967,129120.25261574745,144141.94559021472,177942.59510112676,129476.47572943398,130865.14329177629
2025-02-06,209441.951923485,209441.95192348523,209441.95192348523,133706.31370581908,177113.90098833333,175695.2884044754,159169.20877279068,129862.30027987056,143547.97211046913,183607.42445804944,129926.47459868327,131548.22037392316
2025-02-07,209191.73453138038,209191.7345313806,209191.7345313806,132962.93312134454,175728.22330828034,175798.79310535602,158444.21450373405,127496.09212118405,139987.44337535513,183079.59431562564,128737.19092259945,129888.96586274677
2025-02-10,213367.0588698653,213367.05886986552,213367.05886986552,133357.3455884326,179357.75640401777,176261.7930610212,159598.44021409453,127046.23936308984,137675.76192939316,185573.51031661572,129611.47405991382,131461.2893549905
2025-02-11,211857.45650223244,211857.4565022327,211857.4565022327,134650.0506515332,180172.34397881915,178953.4324004301,161389.5173582534,123311.67061167548,135151.39936758502,185958.32064608167,129710.03561199554,131148.31342983423
2025-02-12,213678.67228578168,213678.6722857819,213678.6722857819,133880.06873357814,179701.9596718809,176921.38873700608,159435.94921713174,124635.67864435495,135511.0260801874,185632.12580961446,129292.18997143857,131225.3142399422
2025-02-13,218471.8142489233,218471.81424892356,218471.81424892356,138270.49287041306,182986.9518754912,182310.84233100349,164749.21923876033,127847.23047120807,139830.90809883454,190807.26746699194,130657.19230610618,133113.09999970437
2025-02-14,219036.41970330523,219036.4197033055,219036.4197033055,137400.22497560593,182191.15085429483,182538.544403815,165451.14737052994,128191.96711296051,140848.43337220137,191460.29823326995,130650.74037564869,133671.98124873362
2025-02-18,220979.71287764856,220979.71287764885,220979.71287764885,138334.18746491525,185467.00070760137,182812.3083444792,166812.0845645806,129804.17277779218,140644.96908511696,193097.0562244694,131034.3309215086,133975.011804441
2025-02-19,214028.0990924503,214028.09909245057,214028.09909245057,137975.73598326917,184591.7208225389,182832.0564572666,166770.83187135236,130810.45835778367,141743.1429457003,190035.94129350627,131342.90613571936,134012.27661862594
2025-02-20,210612.40356393243,210612.4035639327,210612.4035639327,136384.7039071302,182941.06678965638,179128.86817532012,163788.15528485642,128866.50925157368,139244.5520472153,186820.15497751502,130796.48748924123,133443.45000014783
2025-02-21,203714.14975813267,203714.1497581329,203714.1497581329,134692.79301076606,179648.1098054727,176592.10815532022,161868.21492398035,126951.06898175544,135642.8807583097,182665.70371968267,128559.33048916275,130673.8920179996
2025-02-24,195930.85463335188,195930.8546333521,195930.8546333521,130281.09280736478,175196.10461802088,168964.49143673698,159478.8468685681,124368.19239803417,131321.96012689912,177827.97265071914,127974.3199864842,129131.37431285418
2025-02-25,191614.2271199805,191614.22711998073,191614.22711998073,127041.16603759695,171708.21845847278,163521.16986713008,156966.42826912476,124707.55944199194,129555.85957762234,174468.32992676712,127337.8802814372,127504.41193113833
2025-02-26,194776.53074654719,194776.53074654742,194776.53074654742,129895.82588918653,173896.96079475424,167900.5218092931,158122.80017625386,124147.76102013898,131783.68556197372,176550.65238325603,127402.16013292308,127812.41517157013
2025-02-27,189801.7266985221,189801.72669852234,189801.72669852234,126991.37264867357,170841.71527973752,163505.69719048517,154575.95459045458,123074.26015084637,129318.11685286173,172315.90475446664,125368.57816746552,124262.89613858145
2025-02-28,193683.55769179686,193683.55769179706,193683.55769179706,128557.65440542948,173509.42632414258,165173.42522555642,156329.87611432423,124380.28884481787,131006.33411973264,175055.61535077624,127325.01632937038,126225.19636608935
2025-03-03,187888.75040765348,187888.75040765366,187888.75040765366,123466.22857667397,166830.2533111965,155065.17916990558,154759.6293205994,115965.60580716399,122975.28825502351,171557.70765654408,125094.2979568,123463.07467009158
2025-03-04,186263.42442311475,186263.42442311492,186263.42442311492,123004.31449160402,166572.57893585437,156394.27245478815,153040.2286140052,116510.59786291048,123553.22302012592,169862.6654309936,123613.57326532865,123090.48717073874
2025-03-05,190721.65103624205,190721.65103624223,190721.65103624223,129569.53813387798,171107.506680974,167706.7670070124,156410.3706972223,122794.19369099959,130216.63846006477,173765.79900282106,124942.13882159814,124695.10279244295
2025-03-06,177457.95771310586,177457.957713106,177457.957713106,122126.01346093882,158678.8786811534,155959.9183728835,150534.06003674085,114063.80830366096,120958.53428242862,164459.37219988857,122724.28440109457,121264.81448815954
2025-03-07,179567.41095398497,179567.41095398512,179567.41095398512,124630.21580798805,163803.14684152036,162546.0124816707,151352.97924096975,117939.66826853485,125068.67532898216,165884.1784377947,123412.14000556064,122156.5396603065
2025-03-10,169150.8494155839,169150.84941558406,169150.84941558406,118707.69628789424,154347.47582345,154965.21226982115,144264.06275873486,108816.99382916257,118207.28503452463,157188.0173571667,120125.00781548276,117422.19510828817
2025-03-11,170905.02159415177,170735.87074473634,170735.87074473634,119502.68593428603,156707.73090407328,155532.443809452,143614.68581290153,109669.52683555463,116556.155979025,157570.70357844242,119126.40861605426,117141.51131259244
2025-03-12,176726.76127217556,170565.1348739916,170599.28204814054,120375.18479773022,160275.75715038404,157395.53248176855,145910.95411214273,112844.01700329734,116335.21025927272,158751.62439621473,119758.56477139547,118462.95679623871
2025-03-13,172390.54939889756,166209.5410672641,167250.58883579538,117894.2007412216,156265.3734775016,154193.2015147188,143352.0736017454,111290.51075830833,115112.53606828957,155332.62842979748,118162.104420171,116331.75205496575
2025-03-14,180245.06880819995,166043.33152619682,173346.8533969728,121056.25495510561,161917.61602328494,158541.48283328128,148543.58379911585,115466.98497242318,117806.85692860419,158067.65573143493,120602.8497578198,119143.54753602335
2025-03-17,180465.74989844416,166080.5815422849,173516.64166513897,121936.99028334583,162576.72265337163,160225.99162281552,149961.68986671584,116845.340876169,119592.6081078422,158839.90103541297,121532.83234425905,119916.04197946508
2025-03-18,175669.31635815854,166080.5815422849,169827.25000894387,118769.47450079324,158353.52234570778,155938.62441041673,146141.89797623907,115462.84176456631,117972.73192369637,156816.93314808633,120219.25921195988,117871.78341774896
2025-03-19,178519.77527453995,166080.5815422849,172031.78115447672,121168.9641650415,161552.72518602424,158567.63661305493,148663.75014132194,116050.44094873808,119493.29550976788,158169.9644411569,121528.54879455324,119449.07201440501
2025-03-20,179742.56520406567,166080.5815422849,172974.4609409847,120675.64512111491,160894.99045599918,157738.40855927093,148752.02216463894,114498.11218187344,118786.10020084979,158216.92270359793,121177.13808328444,119044.19238559168
2025-03-21,181836.86335232525,166080.5815422849,174586.81177322578,122171.5246420156,162889.42372376495,159351.2576918992,150905.69373003845,113747.0528004445,119813.51943445759,159362.27616714482,121217.10014327276,119436.647882906
2025-03-24,188609.53379415168,165914.50096074262,179788.92059903938,124250.16242672202,165963.89557033704,161109.06749310988,153430.14314143077,114383.39185543626,121064.70989912115,160615.553363251,123387.92863765826,121875.85586461077
2025-03-25,189244.67540196134,166307.30266452135,180273.27119064954,124031.31046001207,166443.0946087635,159244.3804365766,152870.54069337115,112153.63010971584,120562.78161247872,160512.77678012702,123684.53119741178,122571.34949794457
2025-03-26,183117.2523591939,166307.30266452135,175603.7158922828,121159.31897215937,162794.54185335684,155500.84974488264,149827.65936714472,108638.41093936363,118331.00070269498,158915.2769319886,122207.94372320287,120315.95650386607
2025-03-27,180245.37607116046,166307.30266452135,173400.48428514894,117894.83382068947,158556.97760062598,152405.8150884363,147595.21367901773,107156.79529263065,115772.53697118319,157731.35092572638,121883.39166676645,119630.393079357
2025-03-28,174360.2813143782,166307.30266452135,168871.19958166935,113735.45385885202,153434.53773868832,145997.6518360014,142370.40446744845,102516.88250783937,112758.58406673836,154939.5387973797,119428.87777649182,116480.78857076932
2025-03-31,172614.72806919608,166307.30266452135,167518.71876103527,113571.02457173954,152168.11283923895,146418.3032009002,141756.8093429413,100961.05866804604,112865.88222113917,154605.65569170518,120230.58002189666,116475.82346635695
2025-04-01,174862.46023811027,166307.30266452135,169263.81765157034,113554.13118661637,152145.47824081607,145304.0641354757,141841.93856667157,98555.75975705155,113404.99582702943,154652.07836273714,120570.177714101,117414.74366151361
2025-04-02,177174.486972438,166307.30266452135,171054.2189579773,114993.34739203619,154073.81176402068,148268.2720897524,143254.39132285558,99741.27507673051,115510.11357083474,155422.08600836154,121333.18167971021,118271.69036183786
2025-04-03,164396.8888374824,166307.30266452135,161185.24919158538,107724.21418829281,144334.26520483673,139452.39283603354,132505.50641565482,93843.69497525004,106284.1633764184,149591.1509175976,115353.77198478674,111940.18921520196
2025-04-04,151184.7009970617,166257.410473722,150821.98840491925,98504.62979762172,131981.4070424598,125548.53958445782,122917.43856475908,89581.65381332175,97332.52230904088,144156.5216738289,108600.63614704018,104987.70890297799
2025-04-07,154428.52375961642,167244.44872780307,153410.82071853356,103183.50712002211,138250.3998162834,128582.61671160778,128325.60259846487,93694.16991677048,98682.65804572862,147755.76072302193,108407.19795985968,105241.06567362559
2025-04-08,153920.3702560143,166804.18885606425,153006.97695112208,99323.82759262655,133079.00903185815,123772.8587652776,125903.01709715909,91125.19503597046,95754.81191867741,146166.58396365694,106709.23610473677,103345.83604740091
2025-04-09,177576.87603679296,187313.51716065823,171819.87574404062,110105.86333930922,147525.31730744778,137208.9437412799,143257.19138982976,104211.27425745978,105218.75037562987,165226.13298298622,117915.7737061884,115750.51646561279
2025-04-10,168928.63269001595,180015.57200158053,165125.58026858885,105272.58059606791,141049.44446372864,131185.92553052912,135172.6871214017,98794.1671541646,101277.44172142776,157345.2908267233,112748.81503978246,110827.39182155584
2025-04-11,170351.64466707414,181228.6964361353,166238.36109063966,104236.65176747912,139661.45544560946,129894.99790822994,136310.97477133095,99158.04114897142,101479.59304498181,158537.96700927004,114760.5668652797,112869.17162122182
2025-04-14,171876.62226205986,182526.57507851036,167428.88567447124,108482.7870779756,145350.63892788196,135186.33956131135,140442.43894493562,102418.10757706546,105885.77736827813,161508.22816732686,115873.90400325657,113634.22219820105
2025-04-15,174512.32582187725,184765.7903358928,169482.88419587867,112609.94570677576,150880.41152877978,140329.4178582889,142541.0866676323,100492.30522248546,105769.23219823003,163705.6285839779,115549.36524976953,113760.89679336881
2025-04-16,167688.57917070246,178986.04985226374,164181.21506498414,109110.50946771828,146191.69263673306,135968.57879405707,137673.78592543904,97182.24232996252,104517.51277549344,158350.15497924376,112980.92490085977,110330.6084890854
2025-04-17,166440.9656649685,177920.71593751293,163204.00026685826,108739.9540967702,145695.20410268803,135506.8094613126,138038.1016197325,101314.75218101918,100006.14665468362,158088.4159612146,113142.13004165153,110310.74049112387
2025-04-21,160362.29010706127,172722.36923052862,158435.63491444002,105182.99939316377,140929.41910828967,131074.29348972067,133106.2275050945,96838.77723826989,97782.5974148452,152954.84541408063,110449.04770836742,107580.91092458658
2025-04-22,165229.1043983609,176915.91221092414,162282.3089011382,108878.29907486933,145880.56559183117,135679.20871182665,137018.7152710855,100300.82821761107,100270.52162803354,157059.60438544134,113322.67767086641,110405.13053714318
2025-04-23,172283.60024051613,182958.68571210612,167825.25426813992,116790.19394608021,156481.31623289033,145538.65402515655,145513.5221807587,101758.45900984886,101978.27803534508,164610.5283950566,115078.65368830923,112908.9151974569
2025-04-24,180482.7121421474,189924.40379756395,174214.80283918537,124852.67803059297,167283.83379899486,155585.7568007626,156087.25083589536,103569.602071109,104105.15235123064,173724.8117040624,117500.94783514453,116085.84673109275
2025-04-25,184786.24622937755,193547.3375890107,177538.06558771065,130644.69322101137,175044.26410580648,162803.5039970378,159651.59200821674,103756.63298566305,105146.4979348089,177365.32208006948,118349.92876270598,117379.96518969086
2025-04-28,185202.21697874242,193895.89180317894,177857.78913289978,132223.39210052954,177159.48345989405,164653.37443404968,161140.9893245356,108206.42920389085,105705.89647117566,178352.3530825886,118395.0656700097,117342.707955818
2025-04-29,187027.19789805642,195424.4104511594,179259.87632953917,132317.9421595169,177286.16633608713,165933.42506717474,162075.31292324822,106420.7896091417,106569.32634341641,179572.40509816568,119140.86892204871,118117.68874162195
2025-04-30,187921.18112667787,196171.70773142684,179945.36089993076,132598.7399073972,177662.39313817487,166079.18513336385,163043.59634744463,105616.1884600667,107258.44537044628,180452.15291653204,119188.16090715473,118102.7858480728
2025-05-01,190482.83132488278,198311.00162466243,181907.70305487764,131889.06764364731,176711.5389082656,161757.47501426353,160696.77740536115,103648.52430981374,104846.00737241337,180137.3901110593,120032.83167911158,119645.29597290617
2025-05-02,197775.48611508304,204384.88730092428,187479.1871527589,137263.74855429382,183912.80397010842,165876.18937590913,166446.16603144896,104247.09528610834,107236.02265649012,186118.4876978218,121814.64202428321,121421.29487042555
2025-05-05,197601.4563522868,204241.01081085036,187347.2114095146,136976.64092013967,183704.0812281391,165339.3124412052,165919.1724580694,103961.60911619238,107345.6367945367,185758.33920759446,121116.09084850202,120700.96055440586
2025-05-06,191968.65152917258,199583.3538400554,183074.8126306589,136858.49248707067,182424.9425075977,165083.20993462653,164173.049373409,99614.08045701668,106696.47627637764,182662.80208007086,120103.7630052959,119578.23295193499
2025-05-07,195253.6800200056,202315.6207948439,185581.0800682014,140940.20093686337,184047.8271846579,171306.75684477424,168923.97380645288,99196.42556597046,108561.24321879548,186556.11083646797,120608.86269094721,120047.68925935728
2025-05-08,199317.2080604541,205684.0190674352,188670.8612085378,140954.38692291488,185280.71848016637,169403.511988469,167797.08205832716,99420.73855140034,107816.50517250597,187486.86029701974,121449.22330729946,121287.16882848323
2025-05-09,198069.06084843547,204653.60553734828,187725.6783547416,141234.72238507686,184760.6859987815,169793.7490020997,167447.31114338117,98468.8127104526,107948.50522513752,186821.8276044317,121294.496702864,121207.68167601306
2025-05-12,206658.7261956221,211753.77949134554,194238.5612744005,144918.01145150868,189092.9115673866,171004.43311602174,172707.507589329,103188.94354763102,110025.15801096315,192997.00427370754,125302.96802103994,126145.70921361918
2025-05-13,213138.5325276419,217065.42930720013,199110.85786671322,147648.3261448924,193646.78148615995,177173.47773481294,176974.430335629,103761.62181492524,112026.41073538549,197801.67908473362,126130.46468532538,128068.265864892
2025-05-14,215520.49835152042,218962.69744128923,200891.01559972242,148860.85978084808,196144.14097218355,180310.31755171952,176337.0492490145,102806.92796153245,113320.62290561073,198309.92974035736,126291.64322021835,128835.7876236093
2025-05-15,214724.127046211,218153.60684197658,200256.98635582713,147217.43991270816,193932.76799267315,175635.75654044602,176936.99017969824,103716.49049236512,111645.71996794075,198280.89050393022,126908.50098375311,128977.37269263828
2025-05-16,215290.59028762954,218729.11738640766,200785.28386560542,147479.33223147516,194335.62687302302,175775.51759472204,178376.10987714233,105676.42522085628,112137.0542882172,199348.7930092673,127712.34500401084,129538.74028402974
2025-05-19,215217.22448250005,218654.57981474287,200716.86111666285,144670.12172651314,189881.68115702778,169753.03108455453,177809.97281426145,106665.42301687895,109903.22762728263,198998.47590361565,127852.0392756278,129662.93611714736
2025-05-20,214755.80966410183,218185.79548077635,200286.5343421944,145052.68114117303,192328.2717004183,170768.30153775236,177361.78586607103,108395.27518883011,110185.12515902278,198534.35728902614,127422.18107176542,129230.73704359794
2025-05-21,210885.07366209597,214253.23777714692,196676.59102840052,139949.33615755345,183364.20902882432,162725.68397673045,172557.65329582835,105124.16856855665,106515.79545461512,194056.3630996426,125275.00522140764,127434.85498749286
2025-05-22,217601.81744642675,221077.25845401222,202940.79098989267,141282.22890860873,184335.84780430695,165126.50618727016,173454.11789322316,105908.83140551779,107433.96206584865,197650.8125300016,125324.46558726535,127673.31644490338
2025-05-23,215745.70013258074,219191.49604665028,201209.7304672264,140070.99219600536,183380.2313424777,164026.16485512623,173720.89011926108,105092.42023970526,106876.83099244512,196959.83706520504,124469.019426297,126490.96968792386
2025-05-27,220922.74436541522,224451.22576454194,206037.96887042708,138553.09488233595,182903.17917611165,159720.2482592354,175283.07742622198,108023.95342064936,105805.19950715451,200208.5478592189,127056.81556657927,129466.69699802207
2025-05-28,221179.4560456059,224712.03753135388,206277.38447846568,139739.10049426908,184773.4707678453,161848.5570747974,176783.48933460232,111419.885774695,106524.03721048808,201181.75494574214,126321.74779470357,128892.91285544368
2025-05-29,222186.03997974878,225734.6981836205,207216.1493389337,137783.96676155127,183689.04743786564,158233.33382610386,174310.05589927104,109489.85248172146,104967.31629404677,200232.1436904323,126820.36894399858,129146.27720640333
2025-05-30,225057.0901927457,228651.60355427273,209893.76117156807,140781.96065564442,187656.9301706835,161718.5014343676,178102.80839107168,112165.65924825823,107284.67065361976,203704.21767784178,126678.54620047811,128942.59422081555
2025-06-02,229744.67734710706,233414.05879941606,214265.51990090116,141517.6339942152,187954.03556428687,162042.86288143275,177564.35886531728,111989.45340675136,107627.39939913781,205517.7132795597,127392.103103179,129961.00914875446
2025-06-03,232392.44655947285,236104.1170230009,216734.8943970424,142745.23151332547,190942.87435613686,164547.8977741113,180553.01264124736,114558.56542386276,108571.56840369239,208431.5657177428,128118.56386679491,130976.92257370698
2025-06-04,233873.57818800324,237608.9046377718,218116.2340741713,143104.6155890106,190792.6462365129,165013.53981074467,180300.0643766728,115322.89934001901,108957.57499050008,208949.7727536265,128084.1624396545,131342.06620659732
2025-06-05,229511.63157305212,233177.29092023667,214048.1756972609,145353.2358074172,193913.29167020676,168748.37392698324,179252.9973346974,116296.6575240875,110691.35579676228,206394.50174305929,127465.16290126684,130353.45706575671
2025-06-06,231284.97046990885,234978.95280995627,215702.03503834776,147090.4974844287,195690.7050228257,171569.91079433326,182952.2403007948,119650.67978468417,112530.45439383171,209321.54407963814,128774.10660717588,131627.70752639332
2025-06-09,232733.92248411023,236451.04685167962,217053.36321804376,148552.22182867152,196418.92298686443,175326.38521270076,185245.4381532592,123884.35347059154,113394.68459899882,211289.08266810144,128890.16153771452,131821.46030315637
2025-06-10,233874.5318571065,237609.87353846064,218117.1234893629,149592.32795039963,197985.20507330712,176844.52526148089,186816.2803270239,125820.67477515788,114395.92541945142,212702.68106491808,129620.93245693503,132693.3174773419
2025-06-11,235995.5749555397,239764.79300911192,220095.26029525453,150380.2510182071,199165.97189134886,177967.22957728052,189021.2505512339,125385.57855031217,114257.32619660268,214922.44943270218,129251.25679614427,132246.20034961915
2025-06-12,237419.82699530828,241211.7925792194,221423.5526731009,149192.76463150958,196241.45862326366,176849.70893297362,185465.5595028885,125227.0883899571,114311.43911921557,213549.52636614785,129764.93688415659,132556.68993241317
2025-06-13,234775.02255199067,238524.7464766766,218956.94319327612,147429.517692488,198106.7991560965,176782.21901778615,185900.73540129935,124888.44320039125,113032.69480990397,212610.61510535443,128314.17043472709,130892.47789713653
2025-06-16,239440.76973750838,243265.01293455088,223308.3334321051,149010.28058669428,201280.25526482722,178513.74651340308,186503.22152227312,126988.1119772419,114352.45278587485,215067.77419780847,129534.95549498279,132713.1778949913
2025-06-17,237141.10931436243,240928.62334143792,221163.61372912608,149547.12806206616,202122.80315505332,179679.6511794067,183690.7615300125,124240.55666504153,113987.42098090156,212413.38067256258,128428.07028746343,131419.06701670526
2025-06-18,238697.53231276476,242509.9048468935,222615.17198409516,148552.76556118054,200124.83727066734,175964.2135870323,183216.65817881504,123548.32198230452,113102.22632087907,212836.32667468235,128408.71449609094,131396.70509606946
2025-06-20,235795.10715328608,239561.12342284367,219908.29910699435,147853.16034909574,198526.32846254326,174361.01526767615,180765.6223583227,123061.86215120957,111940.18120645988,210118.70190103617,128107.16323916176,130860.18576767601
2025-06-23,239483.46359923005,243308.38868394945,223348.1507744871,149684.47270032106,201060.66085889356,177696.08568870102,183526.28011315473,124143.53714167995,113217.79090682861,213366.5316825493,129372.52648284652,132057.43541820467
2025-06-24,245089.87843983027,249004.3467290652,228576.83073553105,148815.23948668063,204980.85941810237,182545.83025514198,188080.10544577258,127697.76185112026,116261.50197424184,218511.15933365547,130801.72885130362,134076.86087754695
2025-06-25,247185.76079083918,251133.70359584448,230531.5020113821,149014.38630870054,204593.88788697842,181355.54603111563,188843.7494712212,125010.70262902373,115828.44338393146,219889.05694476553,130875.0281024806,134419.62742917734
2025-06-26,250610.97901641493,254613.62790807334,233725.9445218748,151677.44802395132,206563.04520143906,184254.5857763503,190376.43348467196,127430.22179808548,116756.34548095807,222304.8689475848,131898.96942051023,135676.48865390258
2025-06-27,246771.72668904086,250713.05672255,230145.36365508632,152454.13922717827,202974.77235457744,185148.0829400487,191814.09737808365,126903.85577873772,118655.41848759794,221441.45027227374,132554.28601075144,136140.99501753668
2025-06-30,250509.0415700328,254510.06236140453,233630.8751596652,152606.7667027952,209405.28648778875,187103.52120025794,192304.06723835247,130038.56581762148,119361.55670976479,223401.12137722396,133188.05182296966,137022.7824005469
2025-07-01,243105.4447792636,246988.21856244293,226726.09924133518,154237.09523953954,213391.38231225839,190138.6056927439,191882.29868085028,132680.50672628777,119371.47282283356,219854.91366648726,133144.95026692367,135867.75508830344
2025-07-02,245410.4857331794,249330.07462180874,228875.8369592517,155772.1171992646,214598.42451415732,193963.63921527468,195766.57843020905,135589.15471760946,121796.42816980726,223122.47259616465,133748.54498990971,136814.12673023465
2025-07-03,249020.48578439865,252997.73201414137,232242.61153156593,161868.59112986177,222902.9063931396,205201.43914218352,203335.21489959062,139498.2764712129,126261.01645163151,229076.6724167928,134802.6707001209,138160.4053162548
2025-07-07,250085.01823754972,254079.26671380395,233235.4206018765,162991.5562165893,224121.85683632112,206355.23542657073,204651.7474159931,139360.8521279016,125490.68003883962,230307.91018770894,133798.0984764132,137119.6587889284
2025-07-08,250476.8374314475,254477.34387240998,233600.8407903095,163244.88047052524,221773.61321246673,207741.59967823143,202324.2692404036,140584.18224916726,126069.09152488438,229178.69573389503,133724.825831135,137196.65959903636
2025-07-09,255273.78891092166,259350.91016180994,238074.59537107853,165153.90278664354,225857.74162848687,211315.35625512162,207459.56974778458,141921.08198762866,127029.44946124348,234281.68169595924,134526.72762078082,138167.86434334144
2025-07-10,254386.250250688,258449.19612247424,237246.85505229063,161290.86801343216,222382.36097280044,205743.9892342277,206586.16266308425,143384.52236121905,125350.09440954925,233381.24092170704,134906.1144346313,137969.1540424781
2025-07-11,253821.85728459342,257875.78891889864,236720.48833204684,159605.96016907805,219028.47335842947,203039.26292473864,205082.32405381437,144024.26034558145,124272.69000312008,232272.8994327132,134431.89089453022,137658.66445968408
2025-07-14,256587.76404518678,260685.87153193535,239300.04080263822,160272.69193667633,222625.6241440473,205392.22666656467,207524.81263643346,145526.88944623308,125435.92027965374,234921.60428270843,134688.39836480145,138157.93413451672
2025-07-15,258974.0450320953,263110.2651545509,241525.54496749467,160112.25489745027,222276.70837581175,205467.6016662985,210198.12806542328,145478.5269190312,125394.23452570337,237527.11569084227,134112.8462591441,138284.6011493724
2025-07-16,259484.5530909617,263628.9268247396,242001.6573018899,158390.91285538735,221032.00714255054,205419.56347459074,209004.00438894363,143918.0623109057,124049.20258742111,237086.5418092275,134561.2088656176,138426.1862184014
2025-07-17,262657.030614402,266852.07377093565,244960.38763585477,159166.43754360985,221877.2910066929,207461.82254242295,211127.1347680496,144192.50909621577,124285.7601419333,239740.06163717102,135384.68803918516,139546.4350588221
2025-07-18,261770.2866861618,265951.167156705,244133.38850361243,160708.44398599834,223858.00838051524,208515.35006754627,211422.5220228856,145440.4956042873,125361.45369061168,239503.08387006275,135285.5278543806,139412.30901687976
2025-07-21,262289.24597654445,266478.4150377815,244617.38266376106,159783.2285933346,226303.10018090595,205108.69905274367,210191.7640583324,143872.4190238852,124718.6167189077,239043.37922563314,135542.04862760124,140135.12209494962
2025-07-22,257137.07143775412,261243.9522218045,239812.3383470815,160761.54650453798,225321.736559414,206057.5107338697,209338.94120660538,148751.80117396967,125482.24164794924,236210.6603623451,135561.44432782193,139409.82267451755
2025-07-23,261958.31455294418,266142.1981222962,244308.74790299954,162311.12873420236,227790.72779824218,206893.87060826647,211920.3957774009,152170.4840283336,126691.76628878509,239881.51098520544,136714.7302228377,140045.70473365474
2025-07-24,264464.2720912531,268688.17971782165,246645.86535440452,161220.66856635638,227833.14338304446,205088.38921173092,211302.56921233275,151141.77903585398,125840.60884930841,240679.22189936208,136760.00015963538,140343.77776526185
2025-07-25,266246.8936411912,270499.2725190956,248308.38192538463,162772.41319099723,230028.00711264063,207646.15033137027,214405.13177013551,153551.29476523976,127051.82134507518,243257.32155996206,137337.72064604444,140681.58679279193
2025-07-28,267893.1932056964,272171.86605983874,249843.76126985755,164679.11575762008,232502.0919115438,209657.22116852435,216336.85814392325,154251.83221461897,127831.47552134667,245105.23298262985,137303.23940120765,141121.24489342803
2025-07-29,266247.2828156777,270499.6679093067,248308.7448790541,163183.86301268014,229631.88694382942,208176.1703511505,212133.49285170634,150036.7966439243,124574.20900321382,241971.1178940963,136941.07990682614,140902.6590142911
2025-07-30,268978.5571407145,273274.564952681,250855.99829098763,162478.91338048197,226553.59756078594,206671.713514744,208457.26063451203,147840.9309818557,122839.56675950205,241115.58137453982,136768.633773794,141091.43910632972
2025-07-31,274271.79683228687,278652.3459523314,255792.6034283563,166910.30334021896,229494.3907765338,207447.73200003733,211712.42525479948,145856.69802481149,121959.89759541507,245370.613252665,136255.57892440332,140343.77776526185
2025-08-01,267986.38729480177,272266.5486041543,249930.6763626658,159627.14698332536,220302.38577544046,200144.5082847505,205964.87991477025,141166.46637240401,117971.81075253694,239228.42158746303,134022.27977964995,137579.1773072139
2025-08-04,276941.4872489418,281364.67549608776,258282.42217717014,163191.44835606226,224530.3570593328,203038.8602757691,210427.1511271384,142515.90252012876,120403.2464634006,245816.9462074134,136059.4136325965,140117.73285903825
2025-08-05,278098.84367086645,282540.51670833427,259361.80115699163,164313.30862827974,222278.5221858543,200562.62372384267,208309.00848316943,144168.13933525965,118522.26622887251,245093.40195528104,135369.58919161969,139166.40369300675
2025-08-06,282554.9976905951,287067.84247009165,263517.71966975485,166648.4656742894,224394.22109480973,202557.2770806708,210878.04129915952,141535.8054923722,119004.1882673757,248568.38905574722,136406.47427941248,140917.56190784022
2025-08-07,283126.19989410846,287648.16766524635,264050.43685179175,165116.86967396995,220863.40163108276,198689.06597744804,208411.39450680406,143851.3581923682,117696.12501717849,247365.88119193836,136292.22854999182,141394.4696620371
2025-08-08,286239.7221355217,290811.4177214491,266954.1840440347,164531.0597031127,218623.87782528286,195283.51366594038,205921.16671509828,146505.70214892246,115902.77195243892,247248.17524354302,137354.96126846282,142713.42880332115
2025-08-11,284101.67226409004,288639.219853063,264960.186304604,163655.8378764153,217275.833696429,194443.6840576509,205050.22467006513,146531.9542268134,115668.29568614463,245801.90561947113,137083.3549506261,142291.15993859645
2025-08-12,290068.99638351006,294701.8514620691,270525.45910930523,166257.91732793415,219906.6183453311,197185.4009210229,207969.62703908954,149229.19363249978,117006.11374051015,250133.14217762725,138542.7417112648,144079.58296761487
2025-08-13,286394.3911799759,290968.5570721994,267098.4321876923,166577.37786451206,221441.4643661578,198245.66718339451,208697.44888738845,153799.88238231762,119047.79558906223,248986.48383707707,139016.9918572647,144151.62625362253
2025-08-14,286119.4352921883,290689.2097092904,266842.00158426375,167414.99986962962,221621.85828673647,199547.7881360874,209694.17857125102,154367.15361974388,119446.27013494271,249461.53697334864,139029.92232407848,144039.84697169185
2025-08-15,283386.7915164113,287912.92134290794,264293.4709889882,168198.67715708647,223145.00022467482,201734.16316097393,210502.8555550338,164228.6377299799,119911.26703070874,248751.28864877313,138704.41245528546,143406.45125491687
2025-08-18,281093.34459281067,285582.84448863607,262154.54614805285,166091.26386881038,220166.13143021744,200119.44663213188,207667.08222394277,165382.93593323446,119068.3267253039,246069.20049850323,138674.24136605326,143349.31086245834
2025-08-19,269626.6579215431,273933.0169155777,251460.4329719383,160701.0610851425,214727.57206432696,190608.16759121674,198116.06958708167,161059.99136577337,115955.99972935778,235391.6296368665,137921.90636586037,141404.41503148596
2025-08-20,267574.40675207536,271847.98808847857,249546.45320591796,160074.07465543467,214084.43290237352,189335.99029835843,197012.20647570002,161009.16342265892,115919.40588064314,233840.01570252885,137555.43671587427,140564.849986761
2025-08-21,266441.61596688366,270697.1048645652,248489.98474131303,160009.2336423092,213739.26422647812,189055.5438710931,196635.3143464235,159069.1467618112,114522.68053940477,233121.355907218,137003.60376899163,139914.06503407465
2025-08-22,270501.38349043776,274821.7132184864,252276.22348754038,163461.73575322726,218798.30521370677,191530.53763752835,199690.56775120035,160172.60884266725,115317.12394936694,236708.47010491084,139107.54503380944,142072.57405945953
2025-08-25,270158.5090422465,274473.36252964754,251956.45036917803,163691.0076112752,218429.66691149853,190890.5032704785,198747.33681451698,159459.0607244852,114803.40117627368,235999.40820293894,138495.3166966648,141662.7369065459
2025-08-26,272567.10454814247,276920.42706898315,254202.76560163958,165232.5361827569,218868.70275440218,194089.780918969,200517.98186440478,161095.45166292842,115981.52955940712,238102.69574162975,139075.19226087615,142231.54836439985
2025-08-27,271511.19507448224,275847.6530712665,253217.99853345516,163811.22861362083,218932.49036891462,191310.58259903375,200351.24245963708,159423.38654516902,114777.71736062181,237542.50122259045,139392.06851551056,142450.13424353677
2025-08-28,273675.0086746457,278046.02615538565,255236.02415808014,165103.0608600763,227814.88574197417,193138.407756449,209868.7672487497,160510.27791578643,115560.23059937474,244131.1837754523,139885.71436173114,143341.86699599586
2025-08-29,268047.5402637075,272328.6782815194,249987.70912106262,162085.05064460667,225397.4427288308,188699.850676091,206376.69404167816,158039.38820269014,113781.30037298241,239590.11019585902,139051.47310210147,141682.6124848195
2025-09-02,266862.65881052584,271124.8724202613,248882.65962212105,161025.0063250903,226186.83443928784,186534.22881458886,206431.4579547535,155778.92770102614,112545.81531386952,239092.35499515274,138021.07985361436,140495.29304311553
2025-09-03,266996.51469552313,271260.8661928796,249007.4969028882,160796.42209907828,225919.834048602,187023.92760479933,206659.54425162432,156887.27442112524,113029.40266871995,239284.4049467762,138769.07809230385,141600.63898998708
2025-09-04,269533.5482876069,273838.4201753122,251373.5966440917,161666.76905612898,227287.4150196744,188087.4187618214,207775.9319006299,156777.33037609686,113760.79148517038,241067.57439479165,139928.84252367594,142882.3333170862
2025-09-05,271347.4184246887,275681.2606524896,253065.25641372093,161521.9498816358,226114.4019461704,189281.08934964245,210512.68570128432,157911.39869118316,114942.33280105646,243466.35623542903,139523.56817029903,143088.5026450362
2025-09-08,275022.3599256737,279414.89671100583,256492.59697458317,162930.5579323104,229224.3245717182,190362.73581020522,213305.2456237691,157923.1793964086,115460.71107297912,246729.87981190594,139866.33196445985,143786.4826207322
2025-09-09,277598.2278459065,282031.90526648314,258894.91456251527,164611.8542718502,231929.78091722296,193574.69905920565,214368.6039774764,158650.80429015122,116470.5972950744,248500.3122121586,140189.67345250116,144193.84859190776
2025-09-10,285782.1575664424,290346.5451312987,266527.448106497,166845.6694663028,234343.3532005844,197922.4807166939,221537.14289971962,161750.64708875018,118347.95463322234,256318.31211953185,140594.93450292863,144241.0436149174
2025-09-11,283289.4423295433,287814.0173374264,264202.6807501149,166989.1770182874,235737.67544772694,196522.78156968422,219418.57193399346,162591.3497093324,117892.15897560887,253974.86015695843,141763.31924550992,145080.6086596424
2025-09-12,287361.63127869694,291951.24550652143,268000.50402245496,168274.5243523289,237655.2714379923,198711.58443587806,221677.90418506318,163335.5887252352,118688.61245072106,257107.83861855688,141715.86762501113,145721.44824287988
2025-09-15,289197.6446006136,293816.5828297922,269712.8150692572,168437.38081658524,236659.5728130169,198533.04088204802,222501.7946804429,165732.92899431338,118255.12666404429,258406.98127418567,142470.35770300633,146968.37925878042
2025-09-16,287609.38338328025,292202.95459930494,268231.5637105751,167089.83394419667,235993.8709749143,196191.62417993922,219708.4534143562,164714.99028782174,117301.67912989024,256075.34935009535,142274.20571414888,146844.1834256628
2025-09-17,283081.84520901646,287603.1045665333,264009.0705848078,168104.38473760764,235687.01020472325,197255.3173464936,217575.14010710013,164947.80378028424,117797.8254177081,252816.57084843228,142097.44942551214,146551.08307878012
2025-09-18,288111.563788776,292713.1556104875,268699.9094712259,168116.95646777897,233095.2360713445,200801.71515032023,221348.79188186774,167047.81992382015,118528.08908643814,257254.99958502557,142761.37302401316,147872.52856242642
2025-09-19,291012.94610508543,295660.8775355333,271405.8097672144,169765.64190466265,233013.52998163088,203284.0972043545,223072.67888906554,169352.5412164949,120039.00116455895,259552.08675874321,143468.46469330715,148873.53909382978
2025-09-22,289875.281208662,294505.04235321644,270344.79558695166,169829.72405869226,235494.1584746298,204965.2171688227,223947.59635539824,170190.81966178276,120072.71631117859,259553.74672316783,144147.22108038573,149581.46443897465
2025-09-23,288061.4203938653,292662.21134721563,268653.1445115141,167191.18456304027,229268.92198630323,202315.09928694874,217815.2941765028,170519.81251997058,120577.72561044598,255188.0347145954,143362.55991315836,148587.89777403377
2025-09-24,287067.29271350964,291652.205894571,267725.9966587808,167090.50680944888,230550.4156008889,201946.0614221062,219293.13969552398,170104.99999282724,120770.13522153982,255613.4025837007,142906.42838423708,148066.26617856533
2025-09-25,285438.06239099114,289996.9542182783,266206.53650795727,166054.99445454238,230981.53866971907,201181.5890799475,219327.33007578683,166960.7005248009,118683.82891986346,254907.97116639157,142247.13421212617,147427.91293769007
2025-09-26,284915.32305612636,289465.86591950327,265719.0169856302,166513.43052032744,232439.34740965252,201644.89985308185,220069.5503563394,167051.9749828361,118700.34505821942,255105.87119646612,143062.0861951303,148033.9740491048
2025-09-29,285829.27026282076,290394.4102910476,266571.3865624387,165885.04758251127,230888.67697259135,199358.40273423563,218077.90172198787,168092.77309638006,117796.3839284466,254360.66844030202,143464.14123475316,148719.5374736139
2025-09-30,288673.273153752,293283.83635164174,269223.77339925914,166180.24994010723,231034.72199075812,198728.69721929164,218145.87084629203,166172.03850583566,115703.67855694344,255665.7522531504,144004.54694810387,149126.90344478944
2025-10-01,289299.32219581894,293919.884375055,269807.6420878873,167029.6139087347,237580.9232586193,198432.57312799216,224014.7402454138,169154.4998490619,114760.01718480229,259382.12609252438,144495.2528425077,149842.27265639682
2025-10-02,291616.0219960901,296273.58549076825,271968.25313181337,168865.3089398889,239541.4461159884,200512.51471202608,225486.24844503938,169136.68037235085,116123.83555430449,261272.60276932275,144661.67273946307,150458.27913726043
2025-10-03,285263.9598542162,289820.0709919717,266044.16421281244,165195.0867541324,238655.01796921476,199069.27256016873,225110.98266461512,168597.37720957396,114638.53481640999,258209.63450734923,144659.53096461017,149824.88342048545
2025-10-06,288451.08708393807,293058.1016231474,269016.55722209613,167976.52158708696,244258.9067716261,200418.4188597548,226730.9144734927,169736.0786637092,114966.99512349062,260581.1224485433,145178.3193851909,150950.1049456306
2025-10-07,287770.81088334275,292366.9603487592,268382.1149556642,167549.53104817763,244561.84096714942,199973.7232089641,225555.5974361132,167407.6559634582,113389.88928168816,259598.45420423758,144640.0687496425,150155.24858155305
2025-10-08,290724.3597258586,295367.68198094034,271136.6670332222,168760.0417587315,246414.91068474783,200482.18940856206,226010.38989206392,168087.34147573137,113850.25929606697,261192.3713807216,145502.56547379118,151876.60100928822
2025-10-09,291292.6245228412,295945.02285459253,271666.6447178973,169208.52051965252,247536.10452694434,201778.0979211155,229725.5044258983,171213.1814781019,115967.47818752816,263594.35593527503,145081.0482192007,151692.79360197403
2025-10-10,279358.1812100066,283819.96783557424,260536.2902275127,162634.87790013125,238166.7724534505,194184.57928018042,220035.5209684525,163236.04934700555,110564.34340301238,252635.24435652976,141159.81764316966,146426.88724566254
2025-10-13,288978.93346948794,293594.37854018627,269508.8397051274,166715.45858122644,244369.0962493031,196260.79776628525,226799.29507493248,168957.4148789076,114757.71711359113,260868.40401772747,143325.7905610253,149534.269415965
2025-10-14,285398.09995183884,289956.35351653496,266169.2665572434,165263.11786422392,243811.45458140539,196363.62588787527,225508.47775443594,169404.3803520301,114191.1959386094,258509.79068081238,143150.69714106314,148538.2164086619
2025-10-15,287793.07653435395,292389.581617005,268402.8804477964,171145.45301973572,246247.51394897708,207998.53671933745,233498.44181733832,168898.93441055669,114384.49589969,264174.07442486554,143786.23224555116,149586.42196307494
2025-10-16,288243.7348625498,292847.4376628146,268823.17545573105,166070.69075009573,244911.43032863355,197576.74616199336,226368.12235882346,164979.50124355897,110149.48748031548,260347.38181157332,142807.00214044456,149032.51339877013
2025-10-17,288529.1114696606,293137.3721802159,269089.32467753766,166201.96383346483,245181.7908504731,197092.1749029126,226380.93602100146,163805.2145650065,110665.48477454102,260483.6292157144,143617.6173619453,150011.17717016186
2025-10-20,290538.63148774067,295178.9873726762,270963.4523239191,169125.501391878,248567.40118747746,202366.58855020592,230806.00381484683,168493.30861275503,114260.12450000584,263936.56151724956,145111.31242907865,151901.4341116621
2025-10-21,287710.6680277845,292305.8569178299,268326.0242537454,168355.6132194665,248912.68176549638,200558.7672093323,227812.23311059372,166750.70129158895,113221.2580661285,260940.29309043867,145109.13074537757,151861.6981157391
2025-10-22,285710.49736681196,290273.74040631764,266460.6160470677,164885.21845122747,246840.85953517692,194619.13065880883,223284.72735992583,162837.05944965174,110828.35514848366,257440.31797309214,144354.73378802816,150398.66756306385
2025-10-23,288843.7237337753,293457.00929374143,269382.7397899839,167876.6145901113,249372.81162681573,199050.23357932197,226165.47314850692,163970.644178894,112042.94185192868,260512.62454371603,145210.75197582055,151662.98781487573
2025-10-24,295021.9552027519,299733.91677219997,275144.709960759,170007.91111351427,252700.10858470065,201132.57222573482,229959.1481180831,164868.6040187552,113295.56183961668,265483.65100113093,146397.49478856957,153282.49116950494
2025-10-27,302499.6741735174,307331.0665981815,282118.6140417802,170800.75714660969,255829.4684195937,200926.49969878036,232022.39558164816,163648.61865674847,112540.60215269362,270039.1577486896,148124.6433146693,156012.3283163543
2025-10-28,308248.79516809597,313172.01003751997,287480.38526146964,170483.61793089076,255340.11730486265,198449.6538375003,232206.38844299436,160264.82566479946,110288.39766383207,272712.32603853807,148518.06474013353,157212.04914862104
2025-10-29,316767.762313879,321827.0383987293,295425.38292403624,170300.54313522106,252848.65082010822,196752.97907772815,234376.53391249277,159447.89019389238,109865.79228951091,277755.10710000474,148589.39515479977,157919.9744937659
2025-10-30,312334.00357608404,317322.46560654865,291290.3508003823,169909.69752319384,253354.174687784,197032.19239127365,233646.62817119592,156812.00834932868,108570.7987296167,275378.7567543851,146955.19433613628,155505.599614435
2025-10-31,312040.3832019055,317024.15565623954,291016.5132392544,170473.46496203932,255593.75289939746,200238.26929463056,237996.7896817664,159038.99247473778,110133.79498288124,277812.8937196532,147437.24001048272,156255.7472978651
2025-11-03,314779.4777248937,319806.9977983449,293571.05995956465,167730.90291111456,250339.81459658867,195712.7066345305,238506.31889955717,156566.4086301307,109282.04196476348,279329.6022239008,147713.94135793846,157003.40863893298
2025-11-04,303492.332192845,308339.5789170153,283044.39125259966,161260.56242135423,239090.1492922966,184300.42488909373,229335.3524830116,151887.8929781502,103803.19494528668,268951.2531273786,145963.00715831708,153816.53931616034
2025-11-05,303477.5357504585,308324.5461523258,283030.5917275911,163062.06470614666,241074.64691300743,188520.70105792783,233078.8253110847,153963.41669157374,105986.77682621972,271139.76125252276,146468.8252032358,154817.56500818787
2025-11-06,295628.19047702657,300349.8345709921,275710.09984367003,162290.16798796097,239836.7698097311,187220.30140350253,232312.83620333925,149695.3705829577,104566.76771334032,267187.75530287053,144897.30788213055,151933.7262411226
2025-11-07,294176.93389632844,298875.39915524435,274356.6223687465,162206.4188583029,239914.52579292093,186919.87208701405,231312.0938237242,150755.75201448624,105778.56590898053,265956.44775361376,145039.968711463,151454.33214456352
2025-11-10,307624.00473549997,312537.24072553753,286897.69038289785,165982.83897720597,247013.51553987345,194072.2016068456,240734.46198556706,152545.2115054265,110081.62944980626,277451.7855235469,147303.22609825825,154805.1332963768
2025-11-11,304420.2537232513,309282.32080405485,283909.79362638074,164610.5294719351,246440.1469583651,191898.90125684737,243280.420727121,154023.6815235888,108857.87119803004,277474.1611921932,147640.42925957113,154392.80980110096
2025-11-12,302331.8704999276,307160.58283774665,281962.1162209029,161900.6387658667,238376.47758012102,186382.6847231575,236418.65396679728,151989.62855883627,106658.87941861356,272609.29375453567,147722.57497209706,154271.10031034556
2025-11-13,290982.6426158876,295630.09005226655,271377.54799008527,154943.9682108613,226949.94184240105,178683.4194615943,228598.1843638153,147451.2807218625,102376.59802602237,262983.74918962433,145271.2670926271,151121.49580175785
2025-11-14,293413.26313182904,298099.53137547016,273644.4042870133,156893.51521146693,232848.28156049448,182007.52757960072,233624.54430530046,146640.90482727354,103397.40143833007,266973.3306126607,145247.50802500424,151235.7462654266
2025-11-17,292936.79410643305,297615.4523952992,273200.0375899389,151563.00697544697,225621.1557005931,172909.11008684576,227205.36824074085,147784.54750555774,102765.26460714376,263088.82241524325,143894.30540645166,149944.10656887863
2025-11-18,287886.273163487,292484.26674191665,268489.79790949676,149561.21246966007,222322.55564794646,170043.71780250617,224019.22740437236,146742.17403399682,101585.68200413472,258976.19585286797,142685.95860388206,148118.4338862994
2025-11-19,292093.59649882745,296758.7876044809,272413.6508241648,148606.95938981778,222116.04371659903,169229.97431011565,223458.05798050293,143290.80790534837,99088.49759806633,260544.2354731548,143237.17961509246,149002.70761167182
2025-11-20,284147.9844315326,288686.2716981782,265003.3781676295,141396.63425926675,212945.6163983263,160686.88941208262,214340.0971745702,140099.5615366145,96001.17700450457,251684.92594243577,141053.91286302087,145475.54291900687
2025-11-21,283479.1579156701,288006.762977877,264379.61415794893,141286.60400175265,211613.19664839812,163219.98539310403,216260.4855774871,142471.00860548194,98743.40689162658,252516.20882174312,142458.983681272,146568.4723146915
2025-11-24,297598.3573857786,302351.46812348283,277547.52581527387,144010.62851284942,216580.52921285472,165871.8744411481,218704.40551498055,144212.29436412512,100082.07286885475,260231.54491388562,144555.75465636485,150316.69406823145
2025-11-25,299206.0970132717,303984.8858647733,279046.9432169211,146352.2540840368,218292.07090573516,171453.7095623638,224437.48705104727,147388.07894100912,102152.54583385041,264345.31344410346,145915.43581127372,151243.20529251324
2025-11-26,303114.4498824206,307955.6612356869,282691.9689434547,147533.19105785998,220610.0357511876,171995.44329065408,225329.84032717967,147959.51148470372,103006.0620643448,266597.3194382169,146922.77504845598,152579.55366970866
2025-11-28,304642.758713908,309508.37954705616,284117.30723694235,148280.61810705997,222392.12437330227,173670.894532221,228578.9092272486,150016.55538525857,104190.46048512131,269191.46963443665,147724.74335284877,153816.53931616034
2025-12-01,300695.52098416997,305498.0982635757,280436.0165358874,146398.15399812593,223389.4791238328,172240.6395518906,227292.76572842294,148213.03590276052,102585.39762711732,266690.1919022966,147050.31042432418,153299.8804054163
2025-12-02,302041.6393046267,306865.7161967971,281691.4394911057,147441.42984620098,226282.1584851745,174512.05687231082,230320.62723635405,147405.08001512825,103316.45102353457,269063.48104245367,147322.68831322592,154499.6163983072
2025-12-03,302557.99083916546,307390.3146720946,282173.00159420684,146665.49547102832,229010.4799029751,175092.02909353553,233783.34762331392,147617.3765693442,102772.73148721682,271316.0650697431,147832.82981669865,154877.17658238445
2025-12-04,304305.3635679334,309165.5956734512,283802.6442501908,143021.88681939716,227742.50024274245,168653.3400200953,230847.43190592423,148879.4438522811,100219.55009717027,270395.90422924777,147940.90297759915,154733.10517099328
2025-12-05,307874.76878839335,312792.00987215154,287131.55908787105,142106.68317308617,226109.21454027924,166825.0873985368,231163.48453204337,148785.51481750445,99578.24057650646,272166.83241688734,148221.9144806595,155364.01454540604
2025-12-08,310159.53856788203,315113.2709947627,289262.39141142636,141614.84291753347,226548.98158233895,165112.0506074407,229894.51978232712,147805.9682109693,98630.42855535646,272429.6955285011,147776.62485549672,155065.9566744231
2025-12-09,311646.9744107825,316624.46351205703,290649.610553469,141037.3711733385,226911.33788672308,164324.3425275541,226255.55468809922,146686.52828407832,98937.29120161233,270926.81878440746,147649.06287372974,155257.2079481998
2025-12-10,313244.6668711448,318247.67361725983,292139.6577206731,141212.21473950584,227299.601916999,164404.14308125465,226188.9469817168,147468.25176808643,100041.7158146619,271581.40756551916,148628.31958473515,155893.09000733698
2025-12-11,310351.48203982157,315308.2801038433,289441.4026002017,142456.979629018,229188.38783526127,165321.41752205364,227453.10013804317,148520.38715040448,100947.6871631557,271086.14399450796,148974.169663156,155388.86280840405
2025-12-12,298590.3343534741,303359.2885132258,278472.6678606404,139293.38650946747,223396.23556278003,159274.64013166077,226739.81504236447,144965.54912689718,98692.73990210451,265524.51566345827,147372.38813217278,152418.0930224061
2025-12-15,295105.7500968503,299819.05000167905,275222.8591338164,136590.53606430424,221618.07895094264,155325.60679636445,224679.9366301,141223.81822830345,96717.60984299601,262769.05033592647,147149.73666811667,151653.04244542687
2025-12-16,297246.3906456295,301993.8799245776,277219.2730024701,137782.522627194,223067.08067615173,157275.25585666022,225768.80193398526,141416.26159541344,97561.63677670239,264358.8166961114,146747.68162849385,151953.6018193962
2025-12-17,287125.9431278015,291711.79304761504,267780.6954733768,134474.1421710994,218003.68328865347,151949.460880473,219254.7249827651,137640.85766342425,95219.02462080523,256044.70533050873,145132.92972184863,149136.83365361416
2025-12-18,293771.49644779705,298463.486237201,273978.5014620949,136347.09524121342,221717.36730126129,154702.44025546743,223102.5784427862,139773.5900647959,96545.23322580145,261254.5462908796,146228.86660201434,151297.8441819854
2025-12-19,301517.43831870286,306333.14290211187,281202.55679715826,139111.55577875412,225795.3660803757,158569.78662827204,227759.79503361334,142204.36908539457,98502.70424392782,267425.64141234086,147554.21284452977,153270.07461831803
2025-12-22,303204.1419761203,308046.78585225873,282775.6179894717,140554.34660394533,227527.47075291484,159893.474718114,229524.78932251237,139896.85776457583,97731.29661811709,269209.8273802447,148473.4599508057,153806.60910733562
2025-12-23,307429.8395287105,312339.9743970303,286716.6071497201,141727.7761281807,230390.9101631918,161456.13001563452,232043.2266802273,139809.2307841778,97301.07441343457,272562.7287554097,149152.0433995421,154526.93584304326
2025-12-24,307526.1135140382,312437.78602832305,286806.3946292707,142498.4215611976,229822.87765162764,162111.72945099918,232685.56011942567,142526.68628337712,98222.65266002866,272982.6553077435,149676.71172375628,154979.01049486626
2025-12-26,306437.08879948803,311331.36788757984,285790.7434753792,142446.37001126184,230813.77151274506,162245.86387150135,233313.9404396705,144933.31097682947,98041.29149593195,272867.90877681895,149661.5330584944,154969.08028604157
2025-12-29,302462.3349137732,307293.1309721202,282083.79053250817,141434.3260654272,228669.77003021238,161345.57505576266,232308.2045443801,143076.76571007172,96313.51719907882,270510.12277019996,149128.19121127346,154218.93260261146
2025-12-30,297871.67535947106,302629.1514122496,277802.42885985237,140779.90690554757,227796.9461385279,161014.88588443954,232328.3977687749,142071.97133988884,95362.75529314372,268469.0292713169,148946.08713697913,153861.24799680777
2025-12-31,294821.8047529628,299530.56960701116,274958.04474318936,139615.4164514855,225521.95341808436,159949.0223999759,231140.31343180872,143282.9853246717,95105.50213716026,266408.168553236,147842.5542727078,152589.48387853338
2026-01-02,294091.5236423905,298788.6247661055,274276.96667149075,137357.22605541805,221969.7127729555,158229.86541611407,230879.87777061516,146486.03599738836,97883.03483188551,265928.1319180259,148113.54865487228,152293.89718928852
2026-01-05,292292.2933687589,296960.65797387104,272598.96039751446,138735.62688392072,225695.51022153985,155926.5747133642,229159.3363674629,145938.7453551944,98489.1672916811,264123.8051987717,149100.0022615014,153503.5633910041
2026-01-06,297009.3754464302,301753.0792223326,276998.22681560187,141945.12691531907,229900.98580606282,160782.52155798418,230962.2967757883,149347.95455382147,100598.69479785576,267294.07682618784,149986.7369594513,154852.32831938643
2026-01-07,297631.32717207226,302384.964488776,277578.27424645756,140660.67251358443,230531.1981201528,158809.25628014695,233687.2932898547,149411.47268195346,99717.92901648978,269150.76762163785,149503.26786951936,155001.37241550206
2026-01-08,293496.83136764064,298184.4343265755,273722.34207299433,139250.4078641293,225024.9799668958,156258.71642633888,230581.38488849247,146913.16061212358,98373.17321051414,265492.7116968271,149488.08920425747,154119.56987186772
2026-01-09,295305.3533278081,300021.84120809723,275409.0140016851,139619.02203898842,225179.80896653718,157298.6082916762,232641.8644148627,146386.4958491537,98230.50190494365,267496.91614199174,150476.7111916383,155654.64371055065
2026-01-12,302546.85160847375,307378.9975304848,282162.6128745072,144076.02348488715,231866.50321607335,164260.03245172778,239109.7131546476,150966.29232042367,101822.11966669149,274495.14499437215,150713.024784725,155783.79706776852
2026-01-13,302478.6476557648,307309.70425408863,282099.00419571117,144800.698703113,230149.64569493057,164261.42355209403,239413.46421143305,149526.04801210976,101882.94091739955,274638.5562284469,150411.6730720368,155552.79463744466
2026-01-14,295930.446168301,300656.9177579033,275991.9909132772,141682.73739000855,226889.31854161626,159398.85797147715,235122.24422955478,146386.03976963097,100610.71969039468,269204.50796548644,149672.37496225288,153891.05378390607
2026-01-15,299169.2035430665,303947.40314820636,279012.53546190483,143346.5112340581,228203.06269186724,161794.27068883946,238635.9940845458,148909.09808772765,100562.99158342331,272689.1816690376,150079.96402882482,154444.97750883503
2026-01-16,294994.5821331891,299706.1065119485,275119.18116484134,143079.3003307228,225841.8506086071,160193.93353753115,235488.54038501438,146893.85913215336,100665.33989404768,268988.3261532701,149954.21124817582,154315.80899099298
2026-01-20,290812.06924559106,295456.79235874116,271218.46708214056,140000.22686908292,223640.6696998599,157026.7669999155,232390.38528570687,144075.72293297513,98974.19194601881,265311.98760397465,146901.6233589149,151037.03596456326
2026-01-21,293526.22802029364,298214.30048970087,273749.7581121243,141769.89610336552,227385.45455071822,157801.46918309858,233549.1517549355,144371.716306639,99313.08555329047,267211.5320400342,148597.0310477536,153078.82334454134
2026-01-22,299074.72728470375,303851.417956387,278924.42458660563,142702.29315990064,231275.94691394505,158700.24421078275,237917.67971193822,145953.80225612328,99809.87200880046,272236.16028133564,149373.19163031635,154191.6131578754
2026-01-23,300989.1460065496,305796.41293632507,280709.85843204166,142375.93175870623,229809.8799690102,157672.22700561502,238944.6220791542,146115.67817016685,99973.62648335804,273695.00788261305,149427.37454320997,154678.45112089696
2026-01-26,305179.05374494847,310053.2400476543,284617.4691339361,142619.31761479736,229585.5182868433,158205.00012804478,241949.65437554923,146275.41792786968,101001.41695059763,277321.0195369964,150186.18807975916,155359.05702130575
2026-01-27,308420.25014980766,313346.2034231725,287640.2883818391,142145.83565230708,229627.98962240916,158825.53035656782,244264.6908358445,146974.08050816273,100643.45202986267,280120.42206951877,150784.5680465816,156767.43352388468
2026-01-28,308397.8933758247,313323.4895765786,287619.437906189,140777.03186651797,227549.00526289543,156381.5223173073,243945.36784521016,145821.5072595258,99051.33546789482,279927.1710989477,150769.38938131972,157286.56361636677
2026-01-29,301457.1121200423,306271.8531998046,281146.2951049664,140130.65675037476,226821.47460315493,155255.30405747614,243355.85120554434,142875.61209972837,97939.90134712945,276438.92550102953,150470.2060493832,156345.16465916
2026-01-30,296453.6696179775,301188.4979035599,276479.96193294926,139203.31711487527,225611.4635561065,153615.41617957794,239760.8721422905,141479.7411092749,93036.67779573634,272102.9745495347,150021.41774852903,154467.32426884669
2026-02-02,296137.0413029161,300866.81253960414,276184.6666019524,139676.5937136787,226293.17537928413,154874.97005245573,239791.65826513327,140005.8568395956,93447.02119624086,271975.13379207306,150767.23430351744,155527.96153507082
2026-02-03,284284.5271696943,288824.9952372039,265130.7212735449,128035.31894934153,214968.91792880135,140678.6550790634,231644.80896281826,140076.13367684363,89626.5923010252,261912.26517609088,149492.42596576086,153138.4349187379
2026-02-04,281633.74452180654,286131.87544882356,262658.53637354024,127733.80124452492,217037.09956269967,142067.7757220907,228803.39923379137,132836.3315498146,88914.17742021053,259084.83907792994,148768.30652123882,150463.25182198486
2026-02-05,269416.96426647966,273719.9741252157,251264.86752711097,122306.89386192449,211108.71940899544,134060.18057637213,220749.8109619161,123713.39305625361,83971.53650297133,248905.78683468813,146910.29688192168,148297.28376951333
2026-02-06,281513.81435473973,286010.02980960876,262546.68655880203,126451.63118083567,216109.15296685862,139186.39340005067,236031.82696801622,131967.99658668533,86771.43867197921,263109.33050629025,149728.7395588476,151431.9853845519
2026-02-09,284833.7893184015,289383.02996059787,265642.97662245476,129190.65211125009,218521.7719200562,145825.8190294294,240391.44223682827,134150.07878994822,88628.5425696743,267090.6677920958,150450.70392556733,152591.9702208956
2026-02-10,281393.6146543287,285887.9103321811,262434.5853706574,127118.5695606691,215016.91190798915,144089.56897133373,237851.1079486069,134489.41070638495,88298.88628198506,264066.4906301516,150053.94345980446,151884.04487575073
2026-02-11,278068.80900292983,282510.0023398242,259333.7900891627,125594.83121992955,212439.5582317015,143733.8556161353,236033.9739144463,124586.6420842049,87062.22571563814,261497.7449928817,150019.26267072672,152291.41084692627
2026-02-12,272205.61343531375,276553.1623782858,253865.6301253178,123775.6063776197,209362.3987811849,140987.79162910773,232254.43481162717,121915.49366907131,84702.55525482899,256647.20976886936,147701.63612974633,149193.9740460727
2026-02-13,272102.18155902554,276448.07853333035,253769.16702113132,123527.45512868992,208942.65904201544,138574.8027181772,230428.56466494163,123984.90392119996,85087.7128415337,255589.63267494197,147805.69179992896,149511.90749532921
2026-02-17,274251.90297957923,278632.1343637137,255774.04993348333,124392.24715337982,210297.2114245144,138635.0964183915,232160.04401484822,122856.44825873966,85003.16558208577,257559.53729542464,148044.17377376737,149357.9058751133
2026-02-18,277277.1819500241,281705.7317660387,258595.49928731663,125143.6855424021,212154.18474556503,140567.1476932793,234104.02348231428,124346.63830530718,86325.95156585747,260058.44021779305,148789.97702580638,150473.18203080958
2026-02-19,271846.10888876324,276187.9159824339,253530.3473694218,123155.8338086442,209445.78559749917,136690.31448897658,229564.30849415387,124353.52534112932,84843.91106294525,254990.0269856953,148397.55332154693,149896.91154586896
2026-02-20,275527.5158380575,279928.12075257045,256963.71776592318,124697.62572609348,211790.82183438123,140341.5162929097,232074.784840231,124157.27837280637,86003.00643619834,258110.85970013982,149470.7554611933,151223.32971423966
2026-02-23,264417.44191773445,268640.6015932641,246602.19038620984,125579.86886552986,211461.24305732336,141369.22829239786,222757.38699688212,121330.19620520179,85989.01920043741,247725.6175348125,147944.45486508813,149385.22531984939
2026-02-24,264912.9764471238,269144.05058331526,247064.33803983335,125497.58215644764,210516.4105878086,141010.54040404884,221954.6224637702,121661.80677847304,86033.48898125772,247511.3720047146,149019.78547663803,150989.8409415536
2026-02-25,267352.9161325603,271622.9599177111,249339.88562275752,126415.79291779715,212776.99643880926,141748.30061639048,222638.1832487602,121808.77207332318,86288.03163922887,249032.3388285157,150277.2600713304,153178.17091466094
2026-02-26,244344.69888772006,248247.26549523266,227881.85801191395,123461.30318729127,194258.6473540321,139718.54820090372,205748.25417570744,123171.5029741961,84953.26943898328,228870.42844590533,149442.55320847186,151330.1363114459
2026-02-27,242183.1228307559,246051.1656913736,225865.91917494574,122506.80225269782,195044.08722205966,139196.70919254696,207157.08320999637,122558.69265805272,85916.75014834868,228641.66362789072,148724.9389062049,150845.7695301624
2026-03-02,242614.6095821858,246489.54396038252,226268.33430026245,122853.96374172412,194132.60132064793,140696.66521544688,206607.9913404815,124845.18797061675,86788.76441584727,228542.32438308,148809.50575552107,151044.4949916499
2026-03-03,242146.62261301777,246014.08250812997,225831.87817682355,122041.06931010635,192848.0736928638,139746.20065962404,204726.14503921,128643.92565462094,85807.7387223726,227281.08780953358,147497.84824793506,149427.46281875877
2026-03-04,245667.4309017949,249591.12360622027,229115.47032432075,122546.94840776663,193647.45876918905,140935.70887882856,203981.62373822145,133759.09124937258,86828.37964898831,228520.14654127072,148538.4847674578,151705.21015316097
2026-03-05,244241.0774259538,248141.98903682292,227785.2180956616,122890.90386400478,194190.97373137876,142358.27626694064,201617.70067288217,132446.1964689897,87197.20373364017,226532.59986027816,147710.30965275312,151248.16281661353
2026-03-06,242170.08658552563,246037.92123693906,225853.7612529687,121153.80681538564,191446.03039765122,139950.700793327,197963.2466740574,128530.54887948689,85776.03696665683,223519.15559356037,145774.2516093243,148972.90182457355
2026-03-09,245155.9876880285,249071.51184524668,228638.48584153384,122692.3495819607,193877.22024632554,141517.7825760915,200696.17444817722,130571.8790421763,87180.85119687428,226439.99177711926,147051.22832783256,150962.52149681753
2026-03-10,244934.41469214746,248846.39998243388,228431.8414321545,123084.21902170678,194496.4484046933,141547.47820154944,203154.91790002756,127817.4960312666,85040.78992226203,227724.72949300674,146814.90143179643,150965.00783917974
2026-03-11,245716.34664512024,249640.82061039293,229161.09034605956,123266.24350815425,194784.08167253312,141572.6803444128,203393.09454660345,125868.87200499371,83529.11294799554,228221.7162681468,146630.62897675045,150945.13226090616
2026-03-12,242462.48586823588,246334.99059304144,226126.45999424977,121333.2837161196,191729.6379960979,139518.71770977983,198975.83115994273,122123.37225003439,81061.68951177793,224232.37685300803,144404.04782144248,148354.4090013477
2026-03-13,237703.52576291264,241500.02245939564,221688.13710063967,120408.62658205371,190268.50406684773,139510.6760068252,198313.7301113461,121501.04809827494,81114.45789634073,221658.73190116917,143586.7013075469,147475.09280007557
2026-03-16,241079.7674965125,244930.18804855042,224836.9029337124,121569.86865936227,192103.48715054244,140389.40414289336,200912.5039962213,123165.41628121375,82012.25980651767,224685.2535474455,145047.96378405057,149129.38978715165
2026-03-17,242172.531973677,245795.47549371142,225631.20497899095,120000.87678193193,189624.18192228896,136900.49529972233,198297.42188008383,125520.70169093531,81361.23835076357,223619.882291369,145429.51897865275,149857.17554994597
2026-03-18,239208.3470731987,245795.47549371142,225631.20497899095,118756.52364493116,187657.8675756447,135363.13520533478,196231.47874231226,122673.50103907945,80840.5062298152,222455.0008801308,143400.2471687998,147768.2083075824
2026-03-19,238650.77602818055,245795.47549371142,225631.20497899095,118387.27306061702,187074.3815057709,135216.52799861526,195626.3179852429,121956.0487097554,81190.02733356264,222111.98497460614,143046.86762102027,147301.23076221024
2026-03-20,233225.19067559694,245795.47549371142,225631.20497899095,116452.20484582613,184016.6061208431,134098.01756908503,192462.04664783535,120377.81821215311,80089.3285044406,220315.64541511278,140996.17806263827,144578.8526424475
2026-03-23,238629.34405851306,245721.73685106332,225563.51561749724,117313.7248776971,185377.97143444882,135073.89640123217,193859.90143692098,123299.42561971473,80640.420971688,221082.6760198187,142476.63669512168,146054.2997463097
2026-03-24,234230.7602527365,244362.9421185404,224316.19203596088,116104.47195841193,183467.12209979538,133192.7050149978,192158.08488051375,120842.0660267944,80155.49623549794,219501.00626276093,141998.36905840394,145055.7603966444
2026-03-25,235625.5961681183,244799.49392884172,224716.93053936987,117265.73177878368,185302.13322090055,134798.8547159694,194435.70035432169,122215.54652267117,80928.85196863512,220997.92749493886,142789.6817003298,146009.59106566224
2026-03-26,226363.03592651992,241912.53670114197,222066.81000033102,115717.8460963652,182856.17979031676,132376.95830309705,190778.36591405535,119675.36420882713,79960.73954945832,217616.31171398438,140239.63933043595,142524.64871128253
2026-03-27,220417.0552183934,240006.20874827003,220316.87106338493,114100.88848309082,180301.07958736274,130626.38811236447,187825.70558560977,116530.40852999187,79168.5962026485,215074.8632832017,137848.28784389788,139740.18783558515
2026-03-30,217244.84290858795,238849.96462016934,219255.48148593554,114059.71170196348,180236.0124508146,130721.51443358143,187642.3449624819,117416.0098352893,78907.2416563741,214451.81433556875,137387.4071620419,138672.10670289854
2026-03-31,228239.67996691543,248520.58844617585,228132.75842676443,117375.56527435765,185475.6910090134,134521.7467343256,193097.3345516372,121135.17035769501,82337.03606111647,221910.39332109832,141380.9658739439,143366.7000983697
2026-04-01,230870.55142541233,250812.30467391212,230236.46962362606,118726.94474086609,187611.1272881075,136070.5352399289,195320.52105847653,122576.3233868777,83368.38141044846,224211.01922562104,142446.19954690154,145137.73389147676
2026-04-02,232049.74531421167,251837.14334677404,231177.2338268826,118540.02864107702,187315.76434192655,135856.3145017572,195013.02093637112,122540.20423253051,84532.65875526579,224492.59936041225,142574.46658498657,145304.15206287958
2026-04-06,232964.50215017266,252631.3514959394,231906.287693071,118748.8481582249,187645.73884853398,135693.26182035368,195356.55489140993,121509.02747019529,85044.24705496353,225044.31828491308,143248.39400143406,146178.4955794273
2026-04-07,236652.40634494956,255830.74097309995,234843.20954437382,118575.58945941999,187371.95719040907,134465.2286802041,195071.52288454454,120616.0615554389,83479.92210383998,226305.15458035294,143311.42337567662,146200.8575000631
2026-04-08,239917.9229671669,258654.86450524474,237435.65106221478,121345.72831224017,191749.30282207252,137036.62485582216,199628.74420711875,119736.39379688258,85573.5180385445,230197.69695496507,146961.5132370998,150547.71165917948
2026-04-09,238358.6665816878,257310.04042832,236201.15202861046,121754.66249533954,192395.49651673352,137410.96436941926,200301.491559423,115763.44574185582,85610.89980430792,229987.14582880327,147809.33680806373,151566.1114264942
2026-04-10,241183.49585239805,259698.11861157184,238440.560186391,120840.21856174961,190950.50138444052,136113.7309676421,198797.11809156887,112704.84396419814,84650.85637729822,230190.72943096302,147711.52022114824,151784.69730563113
2026-04-13,243647.71980614433,262351.51047142415,240341.831103675,121172.12212739338,191239.79709433613,135312.5856991456,199343.14054269987,118852.5287263172,84757.91130481818,231682.80823990735,149155.02326020703,153354.53445551262
2026-04-14,249448.05447410254,268597.11195946333,246063.46501110648,121906.40160564915,194091.80170249796,135304.1054030342,200551.12117934885,120724.58210500535,85290.71658437939,235142.5321952831,150972.4589038636,156138.99533121
2026-04-15,254830.30993194296,274392.54008918675,251372.69233830794,121917.64103240891,195222.9750635334,135530.1059055706,200569.61142767375,126235.89867593012,85600.4404847172,237690.1669800215,152163.7779312051,158324.85412257924
2026-04-16,254507.23849180088,274044.6678399455,251054.00443282365,121438.63752265021,193762.01138527415,134174.09031365064,199781.59135927976,127371.4514577656,85163.46468824275,237072.56460903125,152537.6972328535,159087.40319657212
2026-04-17,259589.2404022318,279516.79324494017,256067.05214694614,123085.35860920238,197124.1806644284,136431.78940267552,202490.65139081143,128528.65374762782,86601.56059456884,241046.86256843148,154381.2199602774,161168.9265724732
2026-04-20,257351.62893083395,277107.4099359706,253859.80129000303,123384.89606389635,197293.81738315895,136222.06752382565,202983.42758289695,131951.68396227114,89596.64331110466,240301.2755870492,154072.49841362328,160657.24034645362
2026-04-21,254933.1747860162,274503.3014370131,251474.16148976912,121258.39386345804,193883.42789899453,133932.21819405496,199485.06822792368,129695.35202399561,88064.56913217316,237101.40288894842,153063.80227560253,160046.20655031444
2026-04-22,261131.3142305002,281177.2454684478,257588.20263371436,122716.73244338296,196193.46863741102,134829.45874379735,201884.2157165777,131301.59450327835,89155.22542518862,241409.4764237936,154613.83533343178,162723.86082880554
2026-04-23,258899.58251718697,278774.1932813781,255386.7517564535,122629.16109866835,196100.11685353873,135328.31944744644,201740.15001424888,131896.65972828562,89559.28125161571,240291.75031414547,154013.81910383352,161807.29497397263
2026-04-24,262971.33482443594,283158.5165531994,259403.25725095786,122076.60367042603,195063.72188948287,132565.71827372804,200831.12464486386,129553.56964163153,87968.29733662633,241639.93445744767,155207.31981487616,164902.26059308817
2026-04-27,265116.32208060194,285468.165283115,261519.1406470806,122908.31622768575,196375.4082678989,132497.76055815822,201492.132064375,130157.39058112555,88474.48985486632,243023.09274567975,155474.70909775406,164989.19161202083
2026-04-28,261697.14605468052,281786.5137754306,258146.35707418458,122969.96473946272,196473.90649845707,133459.49302214294,201859.46425472203,130038.36863395886,88843.25145155641,241677.49451224168,154718.17036555175,163329.93710084446
2026-04-29,261115.96595258891,281160.71896905615,257573.06260605305,122232.47641179102,195295.59264725228,132970.31582000304,199622.29967021383,129482.20801657127,89892.76430024317,240069.90481877062,154694.2649654855,164328.47645050977
2026-04-30,261300.0469704832,281358.9310973375,257754.64595494443,124246.39232692364,198513.30461491738,134219.99724840836,202188.00728436277,133179.4302299394,91093.29566591511,241697.31333408994,156233.41621070806,165861.04878620632
2026-05-01,263093.9026982018,283290.4934370518,259524.162085359,124662.60889187804,199178.31004644057,135043.9367841672,203962.0016602721,136182.17507841665,92600.89201624632,243587.27785642605,156666.04142804502,167453.2478567236
2026-05-04,261492.51997498676,281566.17942905455,257944.50742533788,123431.86442998447,197703.33745615033,133520.08469664873,201952.348550396,136390.095981323,92139.7594045818,241645.91033310824,156092.1122822141,167137.78558920516
2026-05-05,263881.1767804423,284138.2031746809,260300.75418585842,124772.87307474135,199680.90397884225,134505.4531390416,204146.43227817322,137343.61217940578,93744.68280586104,244062.25678831656,157344.3189089453,169306.2399840389
2026-05-06,269426.94213888614,290109.6931589313,265771.2728600336,126704.19200791333,202873.68806919275,136655.9844252454,207306.3488536469,139304.49382220797,94471.07374267819,248515.7611630358,159531.31048684803,172823.47446787916
2026-05-07,269123.89771588997,289783.3853150646,265472.34023884346,125466.43197714767,201619.07933196644,135682.7396211722,205281.19476309413,139174.03602352212,93012.81821283967,247162.1368583103,159042.17434047302,172617.30513992914
2026-05-08,273013.38833413454,293971.45544957183,269309.0570281212,127021.87932493594,201351.20924472006,138141.59635380088,207826.1311649137,138347.6233874381,93999.19786370832,250480.25580659043,160355.2419606951,176663.59992507618
2026-05-11,271469.26952254557,292308.8012581432,267785.8893050077,126860.55416475127,202835.52684415726,138509.63768365557,207562.17991431875,136436.89024555488,96022.94574412236,249612.85601369495,160720.4611334379,177175.2861510958
2026-05-12,271025.9284933859,291831.42683926283,267348.56366602203,127246.56821372733,204003.25409919556,139222.31277785238,208193.7546225529,136893.4564006473,97131.64080462615,249788.7962466352,160476.97725062622,175672.51960249754
2026-05-13,276074.0442056458,297267.06474796,272328.18496054143,129830.74131282138,207489.00808255668,141479.38786344405,212421.83485801617,135601.91247885113,101036.85527016383,254651.47751705372,161374.81991132253,177528.0132327992
2026-05-14,281347.21413035545,302945.0333159432,277529.8068613494,130815.52051512928,211104.87643501075,143586.67058251039,214033.07579347555,137581.27161554684,99804.97081421551,258049.24943389188,162648.7635573683,178789.8319816247
2026-05-15,276257.0030030326,297464.06850767776,272508.66131556523,129362.27877027824,207237.6717739205,141088.27478089268,211655.36251222948,136448.92903201075,99004.99622348622,254281.5539432373,160692.20566891885,176092.30212486003
2026-05-18,274165.5341787229,295212.04659014,270445.5701964249,128113.56623296521,206025.65155539845,139950.2290696635,210539.7185243255,136317.937032231,98454.45471055423,252648.84050754417,160579.1572049439,175334.71057496744
2026-05-19,270845.40441551583,291637.04470203887,267170.4889954768,127012.19364003399,205478.42158683445,138077.47876984018,210552.26764912327,134631.57516109443,96920.2769050228,251126.58813317114,159509.57346753348,174254.2128910939
2026-05-20,273266.6771795252,294244.18819349684,269558.9091709928,127946.46994575883,206423.6152184682,139330.67859992728,211427.00414271606,137137.92815370098,98424.05778403218,252770.7354804806,161144.38622186924,177140.52283989722
2026-05-21,272341.90300160076,293248.4230674514,268646.6826192459,127722.51827535045,206629.118179877,139232.9188093595,212799.68842877343,138795.99697205148,98395.97722600817,253163.58270466316,161463.94967228183,177478.3318674273
2026-05-22,271593.5351379807,292442.6062120127,267908.4688455865,127584.19438044298,206845.4401387151,139293.98052260943,214374.5400913581,141085.63107520924,98341.92017907345,253752.5337557968,162098.75311455302,178230.95073259546
2026-05-26,273296.2446140762,294276.02539321047,269588.0754253156,127976.49121468222,207449.03879864892,140489.46155476855,215041.38692396347,139904.97047090903,98496.20995640116,254942.63217142818,163174.86860011733,181395.47329535647
2026-05-27,275134.83059854514,296255.75173967815,271401.7148983236,127289.06655796328,206192.61713093947,139984.49253489161,215653.76856601497,142622.03010953148,98643.93454153684,256163.19366440517,163146.5998326489,181189.30396740648
2026-05-28,276653.8571919917,297891.3874909753,272900.13086238265,127785.01000913477,206687.67044214293,141024.33617088565,218599.9849235784,146067.10110456406,99068.73601226299,258620.15930422276,164046.6108740969,182716.9036183786
2026-05-29,276714.78899057844,297956.99676245835,272960.23591920984,128178.00880882199,206410.74809983344,141418.54930933757,218028.310737902,144183.18991637384,98604.87978164195,258310.47258682887,164455.3173884182,183390.05049170073
2026-06-01,277476.2300473358,298776.8903840124,273711.3455048205,128711.9305422367,208649.62758016557,144168.0487804003,218843.54997927108,146415.23145813574,99546.19976664407,259148.80139292934,164903.14787691578,184490.42375384786
2026-06-02,279258.6635971805,300696.15371423675,275469.5944370541,127794.48933375727,207968.2901721511,141892.64530824378,217283.66279464815,144224.4963698454,98233.76488744137,259057.56412376135,165127.076424114,185339.91900739755
2026-06-03,277729.9185642906,299050.05348057376,273961.59189638705,126622.32616290155,206524.67359543493,139848.98687923708,215290.68243622794,143366.60735327052,97993.74338135663,257160.41448294936,163968.34962279486,184855.5673867382
2026-06-04,273628.8708158983,294634.1858822141,269916.1884504757,129758.13007266125,205910.3775135629,143484.14256004407,220622.35959124894,145789.62723347213,100671.774422946,258446.04937330307,164587.934490956,183961.34829191692
2026-06-05,261690.24176777218,281779.0794760226,258139.54646680717,128254.95482734048,200963.50416443034,141034.9942740919,218066.57314984355,144685.65745045716,100006.4219292536,251310.97733774842,160340.02338658503,175131.02758937964
2026-06-08,261705.8464119041,281795.88202177035,258154.93938223177,128320.4694474308,201955.2321464538,140296.79827892562,218225.35753610777,142335.68395288257,98477.05456789988,251409.9657904013,160703.06087562675,177865.8222603293
2026-06-09,258658.61804339278,278514.73099820904,255149.05676423814,127417.84555204697,200939.67778436065,138605.5058071577,217468.659264531,136239.29447825515,95992.72068162634,249510.40966693786,160231.3249870629,175819.07735625093
2026-06-10,254880.26734430762,274446.3325178767,251421.9719128285,124819.59275070192,196784.7639173968,136775.64350967016,214419.73491744764,130893.08690458103,94415.57928291344,245938.97459837885,157705.1880172353,172306.81555713512
2026-06-11,260144.29993706598,280114.46232011646,256614.5804598717,128078.93770627177,199886.52461348294,141301.5848973336,219538.51783439913,135193.88016544437,96436.52091606626,251414.27529906225,160385.67910891524,178126.63047775143
2026-06-12,259574.83234955627,279501.279147844,256052.83958724968,127196.05858761077,199624.50230179506,139411.13553448595,218322.94722195974,135312.30091138868,94974.92357757578,250443.06440111544,161253.0846213914,179174.85119278863
2026-06-15,266955.1474874954,287448.1494314403,263333.01629395457,130597.85344316812,204115.7658004348,143057.96173000542,222421.04706847193,142858.30660435057,97281.71634670712,256353.91361429414,164096.6166608799,184803.3996790041
2026-06-16,266442.64131965174,286896.3003627658,262827.46397058596,129105.9002192025,201533.4520314552,143533.87332138623,218188.72556292638,138658.11030469992,96870.55793671767,253668.83156557093,163118.34436812985,181291.1378798883
2026-06-17,261387.62817207188,281453.2355322159,257841.03882731296,128480.86898182363,201529.22586494812,141085.33047470154,218860.85733712744,134890.18330304467,94783.8532722925,251653.2131044425,161081.34354467728,179465.46519730907
2026-06-18,266017.4717963429,286438.49239831924,262408.0632807588,130753.97255052194,206283.5555622442,141661.93200936881,221552.96466803382,137272.8338624394,96913.84231772937,255429.6597713466,162756.10505605198,183963.83463427913
2026-06-22,261136.31623709475,281182.6314576397,257593.13677151426,129120.69157963783,200706.2368515265,138936.11008699698,218407.46085241777,134205.07734836807,95648.78083447224,251272.985367146,162243.9148983721,183300.63313040585
2026-06-23,258848.02066314692,278718.6732449056,255335.88950982576,129253.54719953361,199691.2472467792,141501.8362570037,220258.40114220013,137027.14502004895,97680.67108261718,251236.78604125607,159887.81622773586,177264.71867301484
2026-06-24,256708.09709791493,276414.47692376334,253225.0010988898,128976.2431468934,199182.45696381782,141425.62062427748,219519.16919247623,137242.652931294,98196.31634592875,249776.68484153473,159813.70549664565,176512.0846472225
2026-06-25,252609.193963547,272000.91857225046,249181.71316820694,127814.62070830843,196645.9868161576,142877.79337145202,221768.53060786528,136659.2551193219,97898.82449083167,249062.27235000333,160044.7378188218,177942.82307043724
2026-06-26,255026.9868305209,274604.31502989976,251566.70066302223,133619.11889648373,202430.88642181255,152645.86843439023,231280.52833847998,143389.40740660534,101632.82404825522,255595.5289117069,158887.39452423996,175493.68487990776
2026-06-29,261670.5105494805,281757.83357671206,258120.08296787555,134858.13312595958,205968.4839043887,154891.68692302436,238804.01888257175,144679.2007395924,102229.75815210267,263081.92144794425,161505.0424829689,179855.44193257327
2026-06-30,266712.07609996304,287186.4184958,263093.24297526764,136655.40467448998,209437.02576846574,157270.5857586282,240474.21155002026,148372.74196734704,103592.18718386386,266536.29696649034,162762.65010715526,182915.6290798661
2026-07-01,272203.7971476285,293099.71541928063,268510.45062882855,137084.93872848694,210344.4290796669,156145.93721162897,242663.06341927356,149010.7690766101,103917.7972263608,270493.38530282833,162542.5129005352,180126.18035882013
2026-07-02,269374.9891148823,290053.75192405423,265720.02475095884,137297.24816230047,210448.76326275227,153951.5878160862,241369.42929525924,146503.58216712982,104078.73925906632,268366.8701622532,162328.92074501837,177003.8952949685
2026-07-06,275179.9012121405,296304.2822310123,271446.1739796935,138782.3373061463,213600.84663479868,157533.58263774123,241380.5395250853,145180.38968618083,105041.8968603432,271264.6404124243,163745.6316439918,179542.46600741704
2026-07-07,272880.9506319185,293828.851072862,269178.41628219874,140655.356889716,214821.9277656137,157949.25975556765,244638.23417412242,143853.63511473278,104127.0582766735,271962.0265157141,162967.5288308171,176216.49795797764
2026-07-08,274196.54672212224,295245.4398335114,270476.16195190576,139730.07542376008,215251.8908849875,157824.72051010438,243028.91598709475,144820.8929840651,103232.4927327168,271723.0774775321,162464.0521049922,176715.76763281028
2026-07-09,281525.93724736455,303137.47624026367,277706.1050070356,139318.17359714353,216122.870515352,157860.54575677833,242312.5057646559,146268.45149700105,102968.84023071271,274954.21629512374,163839.35092249303,179656.73163170993
2026-07-10,284930.18726857967,306803.05593786464,281064.16509594,139595.84875432175,215638.935670466,160025.69796563813,242795.4590031832,147554.3755189006,102274.76159159407,276890.6139610422,164545.52468827865,180210.64019601475
2026-07-13,280474.4217248503,302005.2403800831,276668.8567770252,140233.83138255047,213598.9629166211,160917.57532558226,239974.49321845468,143905.03922589053,102036.62351778628,273117.0395442718,163285.73538039118,176790.282100556
2026-07-14,287072.9643811257,309110.3248609119,283177.8683363648,140859.68464319667,219330.79861630677,163537.41106899,242220.84922956952,148132.88877936662,102309.72702429364,277608.0632267259,163865.50452100736,178764.99887925087
2026-07-15,292263.80113475776,314699.6398933262,288298.2741883908,140797.08321716878,223475.20436601122,162183.99572541701,243600.04734645635,148469.95946407653,101699.68037815925,280908.2556219091,164515.00772236212,178280.63209796735
2026-07-16,287458.25717066287,309525.1949257303,283557.93335245474,143022.4507633035,219034.65421898718,164294.70868410065,240643.28539907144,144756.02083548342,103135.67833821701,276894.04010347096,163623.56378032573,175349.6134685166
2026-07-17,284805.2581699788,306668.5365680718,280940.9310745433,143007.0932057328,217441.3747859207,164699.06489707078,239145.24113748074,143299.6974725109,103342.86424371396,274754.43443841854,162004.1558413916,172714.18152831067
2026-07-20,283125.5640282413,304859.8995097589,279284.02754989505,141373.91799104295,216456.01925969234,162450.7277592013,238739.06299190197,141923.9806606494,101865.00422537662,273710.8962746022,161742.61985624832,172895.50259326267
2026-07-21,284426.58022392634,306260.7891399074,280567.39114966633,142244.93315924561,218991.80526678968,164537.7820979384,241257.8684879655,143315.1168583798,102573.11877474106,275783.660378415,163091.76507523484,176102.23233368472
2026-07-22,284311.34541551385,306136.70824939077,280453.71988328727,143164.36301404212,221072.71881914776,165880.03788998345,244468.2398515816,142482.1146001992,102829.08568165262,277562.69347278634,162902.13153158186,175203.05571476318
2026-07-23,278565.03493993223,299949.27815931616,274785.37715104106,139955.28613370415,218405.7176417314,162610.42807110926,240844.41073538706,137493.00336523153,100098.98625496312,272700.538579175,160890.40631198342,171877.10282594792
2026-07-24,277217.03864618303,298497.8019704301,273455.6708939153,138945.96548021448,217966.6921681141,159668.39994960744,240413.54000370618,134320.77790624404,98794.4613762147,271796.7991151691,161053.87295417266,169957.02493672524
2026-07-27,274063.60669974075,295102.29457567097,270345.02570145554,139288.7712379447,217940.3298266316,159611.51563240335,237677.3234194945,134975.3375220822,99373.84065906832,268704.2123133638,161088.75328749136,169432.92215951873
2026-07-28,274652.3584918994,295736.2423182908,270925.7891245878,140293.3345691812,219376.06934845986,159992.22669773258,238047.3081861749,133368.54131883464,101134.56331756884,269201.9732735646,161474.5255170524,167786.0841995293
2026-07-29,269356.2184644747,290033.5403313052,265701.508786625,140922.50241824324,217210.75841429984,161984.36047116556,232450.9699228417,130623.00684440228,102771.84443645069,263442.0711880222,158989.8405375456,164368.21244643276
2026-07-30,270058.69148578675,290789.9391941932,266394.45043359546,141572.032172829,216773.83997550517,166473.43253760703,236534.54590983083,131588.60631155514,103835.25141587494,266099.601389207,161655.43232590097,169788.1204229602
2026-07-31,270129.7388457968,290866.4405553735,266464.533800735,139295.96017462824,219698.3813226191,167858.66205515643,239330.83503170335,133514.71158974883,101857.99128268185,267707.50649962487,162819.3206715861,170890.98002746954
2026-08-03,276719.3938477819,297961.9551148033,272964.77829626616,140736.5599984815,222398.65618901915,167757.11082465007,241805.99625215147,139460.3506383513,102020.01519698674,272357.10601944814,165138.35732520258,173891.55560056577
2026-08-04,285852.5485026352,307796.2228886874,281974.0114433976,144841.30113284566,226601.76687911557,169082.59627727655,248858.54194008658,143215.83874114757,103471.05697000625,280823.49614647246,168115.63721792758,179798.30154011474
2026-08-05,287668.51174599293,309751.5898432173,283765.3351277433,147168.11282065065,228345.35633043863,174332.98300636382,252856.34477303133,141108.87995962516,105656.52797317354,283971.1563630166,167779.97719874475,178171.33915839889
2026-08-06,287781.0869961168,309872.80701255996,283876.38292155496,147501.0382925583,227955.56220091056,175206.64228107026,253428.3594322871,138602.38121279498,105670.38167244202,284347.9220124444,167511.8961624982,177513.11033925004
2026-08-07,291263.81193395215,313622.88580962224,287311.8531547907,149168.02499450097,229616.30537859583,176791.42402956684,256292.48642392788,143056.5855756551,106775.18822107652,287675.2930143706,168536.2897808073,179594.63371515114
2026-08-10,291562.21314585203,313944.19400298735,287606.2055654295,150693.9303614747,234042.64554519742,177144.0120272102,260821.21476626061,144880.2851985614,107340.2718840822,290364.2891155957,168486.16426747973,179058.09922613352
2026-08-11,290264.04621208954,312546.3723603813,286325.6525679011,148627.1800661837,230912.57467877763,174168.44775466702,257123.6286242709,144441.05232837694,106359.9167343786,287659.6676618599,167947.80720833616,178456.99563881906
2026-08-12,290014.7308867661,312277.91816662025,286079.72003112995,147860.4235408158,231170.92464663743,173722.98059375986,257852.70051467093,144602.88848068722,106368.20435183246,287943.9567697448,168368.4597712159,179761.05188655396
