Date,V7-price top5,V7-price + V2,V7-price + voltgt20,"V7-price + min(V2, voltgt20)",B dip sleeve (price-only gates),"B + min(V2, voltgt20)",CONTROL universe equal weight,CONTROL SPY buy&hold,CONTROL QQQ buy&hold
2008-01-02,100000.0,100000.0,100000.0,100000.0,100000.0,100000.0,100000.0,100000.0,100000.0
2008-01-03,100000.0,100000.0,100000.0,100000.0,100000.0,100000.0,100000.0,99951.67961024409,100416.58219620772
2008-01-04,100000.0,100000.0,100000.0,100000.0,100000.0,100000.0,100000.0,97502.24677248177,96012.69921123321
2008-01-07,99513.77354572441,100000.0,99513.77354572441,100000.0,98264.57045521543,100000.0,99828.66155663384,97419.46355350717,95556.43387175731
2008-01-08,98488.05563933408,100000.0,98488.05563933408,100000.0,96127.9002467347,100000.0,98510.79693671777,95846.27937433298,93076.7671314604
2008-01-09,99080.95028055293,99970.0,99080.95028055292,99970.0,96947.11753608641,99970.0,99958.56543641316,96853.66120444742,95060.50052369793
2008-01-10,102086.70987209369,100879.8190485118,102086.70987209368,100879.8190485118,100431.41709377407,101047.88277455195,101189.2315187546,97488.46311893406,95199.36882310951
2008-01-11,101018.1551749781,100563.04244373087,101018.15517497808,100563.04244373087,97866.38462851263,100273.6496490132,99661.82415966498,96701.84146655118,93334.65459130713
2008-01-14,101342.14866841339,100659.80258959392,101342.14866841336,100659.80258959392,99859.10501037305,100886.17052483055,100982.1043850446,97481.5454247139,94961.31536755452
2008-01-15,99678.25626527844,100163.99581117865,99678.25626527841,100163.99581117865,96623.24482287232,99905.42807985231,98551.46928847392,95335.68554645347,92342.78789518838
2008-01-16,99496.54048819895,100109.21542371147,99496.54048819892,100109.21542371147,94903.80624796942,99372.0742874054,96565.56791848477,94514.57889275502,91350.9211990696
2008-01-17,97330.67524834607,99455.45479401136,97330.67524834604,99455.45479401136,92596.48037596486,98647.28641949099,94273.51770666761,92065.10171079898,90081.33303881237
2008-01-18,96509.67597304683,99154.0504309532,96509.6759730468,99154.0504309532,91654.91971133635,98297.03642080486,93468.81142092332,91119.84609608499,89962.30631103486
2008-01-22,92915.00642049285,96199.51935412237,92915.00642049282,96199.51935412237,89351.70663139591,96320.93719368806,92262.20587042686,90195.27704774095,87641.34187444129
2008-01-23,91247.58447899992,94818.42757563216,91247.5844789999,94818.42757563216,84543.70686214745,92174.52691224574,92063.0379153989,92361.8234923713,87304.1032627429
2008-01-24,92281.56463405858,95677.98236171756,92281.56463405855,95677.98236171756,86099.40445577375,93531.41740151502,93608.85664278457,93141.5200598351,89089.4663426936
2008-01-25,92138.85303395185,95559.61108778461,92138.85303395182,95559.61108778461,85592.90975142649,93091.2455522122,92497.40699126877,91796.0137526126,87264.43525415941
2008-01-28,92672.8926457734,96002.7042319316,92672.89264577338,96002.7042319316,84895.1839122904,92484.1656657331,92786.4910040556,93314.01897340234,87938.90491021387
2008-01-29,92471.02222291662,95835.40520029116,92471.02222291658,95835.40520029116,84613.04303540936,92238.27597073697,93034.68530189211,93776.32197432172,88097.59964657485
2008-01-30,91681.2313399107,95180.58445773329,91681.23133991065,95180.58445773329,84156.586347818,91840.20232716294,92717.08181894575,93086.28936655796,88018.24849472317
2008-01-31,92746.01081198532,96064.9210312238,92746.01081198528,96064.9210312238,85857.79037289016,93325.42342409932,94283.8885671238,94783.68902303826,89525.89011053542
2008-02-01,93571.07778941585,96748.59458947966,93571.07778941581,96748.59458947966,86038.08660980157,93482.20568069784,95219.73254777776,96308.56759385449,90438.40565480251
2008-02-04,92915.78113363365,96206.55504492043,92915.78113363359,96206.55504492043,84689.66106468115,92310.13132041383,94474.64671640554,95094.18706745934,89168.81749454528
2008-02-05,93794.76576682617,96934.64736650576,93794.76576682611,96934.64736650576,86648.64462151617,94018.335387948,93111.06016764794,92548.1282315831,86629.63360668844
2008-02-06,92778.54901023084,96094.45879399295,92778.5490102308,96094.45879399295,84079.00102833392,91787.7766598655,91646.20299948283,91802.95361892963,84923.62924593173
2008-02-07,91937.38860745553,95397.47998131748,91937.38860745549,95397.47998131748,83783.5694832886,91529.76213216424,92700.27689636928,92410.10692863245,85518.74775013453
2008-02-08,93541.56247124246,96729.1179264462,93541.56247124243,96729.1179264462,84070.56019892485,91780.58163864579,92829.02796785394,91816.74466317627,86490.77287461919
2008-02-11,93028.65846239186,96304.81240024924,93028.65846239183,96304.81240024924,85158.16874208752,92730.46320908316,93609.34025830087,92285.95057691797,87423.12999052039
2008-02-12,92971.11085789886,96257.15301144254,92971.11085789884,96257.15301144254,85558.18297128218,93078.93011776729,94144.26989895973,93141.5200598351,86927.19664246101
2008-02-13,94823.08817666199,97791.1010303567,94823.08817666197,97791.1010303567,87210.83793002756,94517.27160723509,96019.13535602532,94093.68597807031,88831.5788828469
2008-02-14,92461.31697658313,95842.54431929743,92461.31697658311,95842.54431929743,87242.3678876013,94544.60881104595,93910.38311048703,93265.7207557433,87224.75967823357
2008-02-15,92714.68515181048,96052.6512168185,92714.68515181047,96052.6512168185,87317.82915189383,94610.03074660934,93490.08396544617,93245.01940797546,86927.19664246101
2008-02-19,92806.09970917845,96128.41578922149,92806.09970917845,96128.41578922149,87302.90781981187,94597.09677698808,92797.98456442314,93507.2118440385,86768.50190610002
2008-02-20,94520.72527872735,97549.22101809268,94520.72527872735,97549.22101809268,87797.31579237974,95025.66952441451,93866.3405481289,93783.21749644507,87165.24253067364
2008-02-21,92899.65906778371,96210.81617085951,92899.65906778371,96210.81617085951,87662.17490238612,94908.65589195097,92698.70774328905,93003.47658478757,86332.07813825822
2008-02-22,92802.85693017852,96130.61426045824,92802.85693017852,96130.61426045824,87602.36686401651,94856.85429757333,92857.99615927562,93576.20401876645,86649.47517832254
2008-02-25,95582.34957432258,98433.94279194965,95582.34957432258,98433.94279194965,89847.23100506532,96801.46614648246,94252.84645302381,94756.11432524395,87085.89894616434
2008-02-26,95514.96250087066,98378.42479840692,95514.96250087066,98378.42479840692,88911.06721171188,95994.56735406665,94901.73112993292,95466.7522016892,87423.12999052039
2008-02-27,95324.14184691504,98221.19175458942,95324.14184691504,98221.19175458942,88529.40944816814,95664.91595711319,94635.46413649415,95370.14837567217,87859.55375836219
2008-02-28,94587.78902712326,97614.20636674968,94587.78902712326,97614.20636674968,87867.2236430559,95092.46935624757,93628.91598993835,94438.69119590377,87522.3151466638
2008-02-29,93186.9476070756,96457.67633368666,93186.94760707559,96457.67633368666,86466.478372956,93879.72748367871,91461.92648506022,92334.21923178117,85201.35071007021
2008-03-03,92757.88068394653,96102.37508638165,92757.88068394651,96102.37508638165,86804.04824119943,94172.93676277714,90948.94084712428,92113.42949125383,84645.90021445091
2008-03-04,93935.81546098639,97078.70036622364,93935.81546098639,97078.70036622364,85466.85467321477,93012.36927433466,91010.33087614641,91761.58048618973,85121.99955821855
2008-03-05,93988.71327109021,97122.43448941741,93988.7132710902,97122.43448941741,86197.04482730765,93648.09376905394,91131.91324073478,92341.13692600136,85538.58175442627
2008-03-06,91305.15805431108,94904.01139013635,91305.15805431106,94904.01139013635,84048.69411726344,91780.84693574444,88905.43934109616,90429.87261391283,83654.03351833216
2008-03-07,90441.14576757283,94185.55706708004,90441.14576757283,94185.55706708004,83113.57339457177,90963.92838330565,88542.70622433732,89498.39326204757,83455.66320604534
2008-03-10,88474.15671638155,92546.81657604374,88474.15671638155,92546.81657604374,78855.21375592475,87235.46762408582,86866.94639795872,88318.5051276669,81848.8364340897
2008-03-11,87693.1102936487,91893.21681127854,87693.1102936487,91893.21681127854,81716.20735815467,89767.50174456953,88766.89686277056,91492.45557450858,84963.30482185757
2008-03-12,86183.18976841691,90627.4256563903,86183.18976841691,90627.4256563903,80600.08063860191,88786.62502026946,88106.77497428156,90636.83435669878,84725.25136630257
2008-03-13,87320.69395529648,91584.35543731181,87320.69395529648,91584.35543731181,82435.32299967812,90403.94325661026,88739.32948745678,90836.93753085614,85379.88701806529
2008-03-14,86459.12515221837,90861.44571297821,86459.12515221839,90861.44571297821,81490.0818389049,89574.6528490243,86812.64303878645,89429.36413382486,83812.73582203548
2008-03-17,85857.91572035883,90355.98829079067,85857.91572035884,90355.98829079067,80992.57551310054,89137.16199940443,85970.0260228458,88525.48904254971,82285.26020193151
2008-03-18,88636.28521979736,92695.13030095927,88636.28521979737,92695.13030095927,84535.51386137525,92256.53404064033,89161.51679510833,92203.15257654546,85955.17151797634
2008-03-19,87216.08749701254,91506.94500966271,87216.08749701256,91506.94500966271,84562.58868822588,92280.17219763159,87392.79438968237,89919.2713953344,83832.56982632722
2008-03-20,91731.5135602118,95297.00582361083,91731.51356021182,95297.00582361083,87201.56715609561,94584.03153986356,89859.1020935198,91584.8467021223,85479.07217420869
2008-03-24,90617.84722123342,94371.44326852211,90617.84722123345,94371.44326852211,88212.13633129837,95460.93052099762,91342.05464018791,93415.38240954523,88434.83825827324
2008-03-25,91277.80864073765,94921.28207904342,91277.80864073768,94921.28207904342,89308.59519223568,96410.17843627279,91573.81474246204,93505.56371817194,88930.77160633262
2008-03-26,91147.92636829267,94813.2287240963,91147.9263682927,94813.2287240963,89865.30089742063,96890.95721245078,91220.82947857956,92361.43917602574,88672.88414648589
2008-03-27,90018.29969693303,93873.18713472039,90018.29969693306,93873.18713472039,87819.51019325381,95126.37295041782,90232.12105428378,92070.20129307668,86708.9847585401
2008-03-28,91267.07902765767,94914.99215612387,91267.0790276577,94914.99215612387,90421.49711558971,97381.1573630528,89868.43583626048,91189.59951280511,86272.56855804064
2008-03-31,90961.4077668721,94660.68108905424,90961.40776687213,94660.68108905424,89945.14189909234,96970.74148826019,90546.4099927238,91508.5525168286,86728.8263301742
2008-04-01,93718.11924991944,96955.73955798279,93700.57269249519,96955.73955798279,91614.73511724094,98394.46314080745,93742.24178465236,94725.90114792334,90438.40565480251
2008-04-02,93615.00567944573,96870.39894241127,93614.88502014401,96868.52064336186,91625.52251296287,98401.26618900617,93309.71009179816,94788.35994477669,90240.0353425157
2008-04-03,93475.04111748419,96754.53356073139,93505.62285115903,96755.46100899302,92138.93098754817,98746.87039671451,93021.30979903678,95024.0862878884,90438.40565480251
2008-04-04,95690.0188718363,98588.68425514302,95235.27585371568,98545.2290309049,94878.01329129278,100586.5684480812,94005.71145334585,94920.0917629182,90974.01457878773
2008-04-07,95437.99732083348,98380.959575723,95038.19573030024,98341.29928191939,95434.22133452551,100957.2963969025,94504.58359626925,94968.61909224479,90775.63669915857
2008-04-08,94961.83299917982,97988.281571615,94673.6365126375,97964.06961278833,95892.38039070703,101259.54736923511,94273.20542548929,94871.59399638741,90081.33303881237
2008-04-09,94490.8985300817,97599.52699178153,94310.03497068725,97587.83090390365,94954.55650630553,100639.60768089551,93476.58767222907,94185.10892412116,89069.63233840186
2008-04-10,95013.05739301206,98030.99676361651,94723.53860350589,98015.7060776346,95406.61093957657,100946.25440673243,94110.77360167823,94316.84074226266,90339.22049865911
2008-04-11,93869.23029517266,97086.8695995985,93816.03903321575,97076.66587222734,93591.93362375618,99698.67504183094,91972.73909410946,92486.28286274288,87839.71218672812
2008-04-14,92765.6167748032,96173.71514757165,92938.7650720477,96168.90178322583,92809.94463489318,99151.62432435827,91196.8151810517,92174.21799014375,87442.97156215447
2008-04-15,93036.22610493601,96398.15610349736,93154.88936651753,96392.53759366214,93171.58547089311,99408.50400166045,91465.04591383036,92389.17646919703,87561.99072258963
2008-04-16,94863.05642888235,97912.4314099248,94608.1998174217,97897.00867886958,94842.14536286509,100601.25235098331,93658.12648338614,94892.3692511448,90001.98188696071
2008-04-17,93511.23709684264,96796.2125351836,93519.68005862058,96780.71746408522,92509.65712380825,98920.55734426207,93278.92514802546,95031.05571700126,89803.6115746739
2008-04-18,94936.87711203654,97976.78982786948,94653.48462772777,97957.1201892279,93656.19538917148,99749.32309884773,95922.5781046706,96022.5697164632,92660.18493525268
2008-04-21,94771.38199327957,97840.15436261099,94515.90436183619,97820.51215465205,92496.26220188837,98908.20808043728,96083.35927570562,96071.14138998352,93314.82058701539
2008-04-22,93416.27335896468,96720.96386293987,93386.53963605459,96701.54634159026,90723.46221559614,97523.231892469,94434.66957821957,95648.18647029084,91926.20569898066
2008-04-23,94978.93815047537,98015.32031193934,94696.28440671517,97995.64293798925,93075.54901608727,99374.05493113684,95977.88599565113,95495.64244389717,92937.90639939114
2008-04-24,95405.60691815463,98367.56746690272,95049.60592925853,98347.81937646698,93767.7379750639,99908.6712696346,95763.28220058304,95911.66488797177,93771.07835914895
2008-04-25,94090.48322837483,97282.80507223369,93968.68831300801,97263.27475668475,93022.37724759619,99341.1283702288,96107.6397018511,96799.23609735619,93533.03247093629
2008-04-28,93649.10955600896,96917.72611878786,93604.79467533424,96898.26909581263,91507.417949325,98185.07907856589,95763.8934926652,96820.01874281254,93711.56877893137
2008-04-29,93481.9441429849,96779.32615498416,93467.32737126642,96759.89691692904,92659.38108940073,99067.11243421091,96201.08829502805,96438.65128612942,94425.70644356929
2008-04-30,93790.42282426727,97034.8138573967,93721.28219966873,97015.33332810421,93587.16455610274,99775.39918683203,96056.8742660836,95870.02569006952,93652.05163137145
2008-05-01,93813.13675643204,97053.61357799254,93739.91580186418,97034.129274503,93958.2435377877,100056.56920241872,97609.57809806794,97853.17933087566,96607.81771543599
2008-05-02,94039.60938627367,97241.0499039707,93926.92098655111,97221.52797111195,93369.49891348612,99606.5938772465,97743.79882525164,98123.63456836839,96746.67844750523
2008-05-05,94359.42516371021,97505.6126530229,94191.73180775823,97486.03760703724,94397.46846349163,100400.1219287051,97813.4374503107,97652.10058445646,96468.95698336675
2008-05-06,93348.28509853983,96669.72937915681,93350.02497708208,96650.32214354718,94076.79045176432,100145.95928413238,97800.80549540455,98498.05476803551,97064.07548756954
2008-05-07,92569.01959672464,96024.13521450372,92697.87267571727,96004.85758718144,92700.9020928911,99056.55726475925,96239.06896961898,96743.7467296157,95298.55397925292
2008-05-08,93339.84831782464,96663.81498352007,93347.4208198769,96644.40893527356,93056.33991640397,99338.49320741232,96689.26518409156,96494.13326317095,96012.69921123321
2008-05-09,93119.49444970276,96481.25419369314,93162.02798465549,96461.88479601225,93114.53654295256,99384.45465584223,96496.36784619145,96313.83716220809,95635.78502360897
2008-05-12,93498.08044877292,96795.05703144535,93478.35151488341,96775.62463528867,94643.91874319797,100591.83549966368,97641.75642951301,97395.54725169468,97381.47252763386
2008-05-13,93164.39367037216,96518.69430321896,93192.56094389665,96499.31738913113,93295.91728526821,99520.91835233441,97494.05422950858,97409.4048122319,97639.3599874806
2008-05-14,93992.47179432245,97205.00817190598,93914.44458735759,97185.49347471855,93651.427917695,99801.84031136369,97855.13579659803,97610.51312144693,97421.14810355968
2008-05-15,93856.06758396316,97072.71411189756,93795.45814473137,97065.99296636162,93986.75226208514,100065.15487387251,99129.16827375042,98830.85794189727,99127.16003165873
2008-05-16,94438.4394821973,97675.04513043839,94299.88220454646,97588.00568649275,94074.49742833362,100133.95659107587,99736.89197760473,98921.0244691261,99206.50361616805
2008-05-19,93626.42115569145,96835.19721339236,93584.99693441098,96848.19322675027,93472.21840652493,99661.41077199756,99774.23664971323,99191.4797066188,98492.36595153011
2008-05-20,93408.63069559452,96609.9426122407,93390.90839685519,96647.33705531208,92517.05704868115,98910.46252996627,99088.2967464783,98387.14254884512,97738.545143624
2008-05-21,91747.78091686452,94892.17198852224,91914.03383742784,95118.96565617279,87736.51110018321,95147.35680559107,96324.868058661,96722.96408415935,95576.2754433914
2008-05-22,92787.13873360436,95967.15080237565,92873.68900769085,96112.08284808572,87237.7279696332,94738.5756801801,96423.64830296443,96736.85120749238,95913.50648774744
2008-05-23,91547.82894185414,94685.3672351809,91743.89581567772,94942.89512622214,87275.01392964786,94766.69781128991,95166.64031014254,95440.15307615671,95615.95101931723
2008-05-27,92736.68654591218,95820.28414395454,92821.60102174246,95972.6893181475,88702.9195983924,95778.18622037588,96307.93463015022,96147.4060124814,97302.12137578218
2008-05-28,92795.83443418951,95724.4638598106,92874.76819274233,95886.12796352143,89802.19373057374,95711.52803421875,96373.9172678357,96591.22487531888,97698.86956769816
2008-05-29,92686.8131945036,95516.27745429255,92776.27625027251,95698.03974834879,90844.20231884623,96417.83791363394,97080.16156803083,97076.5942476712,98571.70953603942
2008-05-30,92673.41824854509,95420.76117683825,92763.58163955895,95611.03688831515,90452.52285069205,96350.68759289352,97222.64845552598,97319.2678477989,99206.50361616805
2008-06-02,91385.429493729,94094.58944718276,91591.47923213607,94402.95582317868,89521.94408404942,95660.277152957,96081.09152000396,96313.83716220809,97996.43260347073
2008-06-03,89774.36270609182,92435.76189891246,90121.07852133551,92887.41994027994,90126.97125591637,96109.88838328281,95592.4330183886,95752.19577665896,97460.82367948552
2008-06-04,89949.58943739702,92616.18330124843,90284.71848419697,93056.08296782822,91346.81584017354,97029.39100748769,96691.91122522656,95703.68322873028,98710.57026810867
2008-06-05,91574.01872375705,94196.15330190242,91792.05821594257,94525.4993660744,93641.91078396609,98690.08415831171,98681.47425189453,97617.48255055975,100277.72146413848
2008-06-06,89909.1051403266,94196.15330190242,90211.55472009217,94525.4993660744,91727.696060889,98690.08415831171,96394.90445546048,94504.06192814466,97262.44579985637
2008-06-09,90384.25207965577,94196.15330190242,90658.05446464951,94525.4993660744,90776.87813981605,98690.08415831171,95481.58595106937,94732.87057703618,96746.67844750523
2008-06-10,89689.69614096751,94196.15330190242,90005.93434752715,94525.4993660744,91383.98176118638,98690.08415831171,95265.86687912636,94261.33659312426,96290.42067537169
2008-06-11,87468.43110316328,94196.15330190242,87907.6625650895,94525.4993660744,89333.53137336389,98690.08415831171,92661.01701351511,92874.57540434513,93969.44867143576
2008-06-12,88123.91312617088,94196.15330190242,88526.72801638057,94525.4993660744,88580.27485246488,98690.08415831171,92874.3559225783,93228.1612236632,94068.63382757916
2008-06-13,89911.75787947593,94196.15330190242,90171.52184357417,94525.4993660744,89280.61181855181,98690.08415831171,94211.89899384993,94406.97770669566,95953.18206367329
2008-06-16,91277.56687297342,94196.15330190242,91487.78883256413,94525.4993660744,89846.9305734945,98690.08415831171,94659.03289728731,94462.46707443614,96806.1880277228
2008-06-17,91138.19278455674,94196.15330190242,91350.25932375457,94525.4993660744,89385.78566404313,98690.08415831171,94187.26903235534,94004.79804176041,96290.42067537169
2008-06-18,90222.89326582683,94196.15330190242,90432.83002391603,94525.4993660744,89147.87489661807,98690.08415831171,93244.69363179528,93089.54127409736,95258.8784033271
2008-06-19,91571.76720037592,94196.15330190242,91784.84260998294,94525.4993660744,90195.26854361758,98690.08415831171,93703.46267478664,93207.363796809,96746.67844750523
2008-06-20,90118.15032321656,94196.15330190242,90327.84335831032,94525.4993660744,88987.47625814595,98690.08415831171,92175.29049038612,91694.46554899588,94068.63382757916
2008-06-23,89767.09378839517,94167.89445591185,89975.96996129178,94497.14171626458,88810.75300210282,98660.47713306421,91219.01538220461,91603.87775192676,93334.65459130713
2008-06-24,90063.2665222637,94261.10220576747,90272.83185000042,94590.6753563449,89549.74797840363,98906.763515612,90812.09300327582,91422.7095484874,92858.56281488185
2008-06-25,91708.0994006411,94777.55169526655,91921.49203727457,95108.9305523484,91005.16933332353,99389.01283182902,91632.06647698919,91854.7550278925,94366.19686335174
2008-06-26,90304.06466019197,94342.24344202211,90514.19029339665,94672.1002936411,90157.06391784099,99111.14171536507,90049.63361146132,89359.97286135342,90557.43238258001
2008-06-27,91031.44084388176,94523.0431251164,91243.25898541095,94853.53212212502,90260.63311490284,99095.74274052308,89403.25406049633,88872.17194904556,90557.43238258001
2008-06-30,91204.2540385179,94666.59641965071,91416.47429352986,94997.58733431622,90069.83105294683,98928.15985178456,88493.86962481476,89185.75930562902,89605.23369504474
2008-07-01,92455.75895341221,95705.80856557078,92670.89129509147,96040.43296651043,90914.74840673605,99670.57153889493,89013.94987306476,89464.49951664827,90874.82942264432
2008-07-02,91869.38046895694,95220.21564964633,92083.1483853381,95553.14223055783,90717.52071613402,99497.59369325296,87105.75472897683,87931.35814440242,88692.71815077763
2008-07-03,91870.02376040934,95220.74905349,92083.79317364478,95553.67749938698,89699.92968211608,98604.73102725986,85505.00066677824,88021.95333217052,88534.02341441665
2008-07-07,89899.15188451429,93586.54552437711,90108.33533916142,93913.76016475758,88152.51424780526,97243.9051427502,84553.80534047536,87123.00783709716,89069.63233840186
2008-07-08,92514.409526623,95764.56765918518,92729.67834044095,96099.3975045675,91175.76361047523,99911.94089197382,86038.13318026676,88670.043723375,91192.22646270863
2008-07-09,91265.138986796,94730.04035691482,91477.50091304236,95061.25309604239,88887.06741467859,97905.54735071612,84498.67817206045,86962.70357680265,88772.0693026293
2008-07-10,91473.603250082,94903.14328136806,91686.45024513992,95234.96125504999,88254.72300403299,97348.34570202546,85288.41522640699,87318.12228946114,89823.44557896565
2008-07-11,88399.97759376581,92352.05334336977,88605.67266781443,92674.95172319381,86226.64641045552,95558.70866394654,83093.74967322711,86300.66693667353,88395.1626823474
2008-07-14,87861.42760388891,91901.95189541021,88065.86954323023,92223.27654705993,85730.81879818697,95119.11697556966,83070.45780067852,85520.20912721756,87740.5270305847
2008-07-15,87897.3212308102,91931.98732246515,88101.84668988138,92253.41698954637,85720.92862784727,95110.33838898773,83427.374294717,84314.579188383,87760.36860221879
2008-07-16,89109.41177466355,92946.16969754436,89316.75760836554,93271.14533717198,87439.93250698755,96636.17384834743,85904.57859350574,86384.31486742564,89942.47230674313
2008-07-17,89300.54743223039,93105.66196135494,89508.33801336681,93431.19524742044,88594.32204102674,97656.81313295537,87525.12340651003,87248.42799833264,90537.59081094591
2008-07-18,89605.94084930337,93360.38699561566,89814.44204059207,93686.81089859639,88466.40996689185,97544.01596732705,86606.45651335407,87791.98434354334,88454.67226256499
2008-07-21,88848.44432251286,92728.99877989071,89055.18291941624,93053.21510627172,86363.49776773519,95689.06106447348,85848.50277324609,87840.78512873118,88831.5788828469
2008-07-22,90188.88359517058,93848.18633687352,90398.7412172474,94176.31577439593,88251.15779710733,97362.25328561613,87576.91102648656,88837.31741278234,88831.5788828469
2008-07-23,89924.00301692638,93627.68411200364,90133.24429687687,93955.04258874521,86872.95946263094,96145.86588702722,88786.03729176758,89318.14889597736,90001.98188696071
2008-07-24,88714.71139516763,92620.40534181804,88921.1388132094,92944.24198367722,86151.05671924473,95506.6983966742,88235.82059989499,87464.48030083101,88653.04257485177
2008-07-25,89421.65181937217,93210.8563063773,89629.72419442484,93536.757392425,85941.34599812489,95320.71085938546,90670.27958803123,87443.5794041914,89803.6115746739
2008-07-28,88586.86436878567,92514.72733519558,88792.99430368011,92838.19448600519,85003.804356575,94488.82129847718,88878.0824145558,86161.30791721234,88117.43365086659
2008-07-29,89105.00668460844,92947.62036429852,89312.34226824761,93272.60107601636,86563.79859158433,95876.07230555097,91016.17567149622,88001.05243553093,89942.47230674313
2008-07-30,89284.3793131429,93097.30675882206,89492.1322732013,93422.81083187863,87303.80712442241,96531.7654498489,90111.15027743603,89569.01878124417,90398.73007887667
2008-07-31,90121.18859061437,93795.34321807913,90330.88869535517,94123.28789568743,87274.90242474263,96506.19752302609,90003.73065217279,88384.32669254395,90180.51819495577
2008-08-01,90485.11199003107,94098.35138463529,90695.65889646378,94427.35549560229,86457.89266691737,95783.45590658108,90223.13543916454,87917.44884897252,89029.95676247604
2008-08-04,89934.30452727043,93640.10959845646,90143.56977747513,93967.51151948865,85329.09088142813,94783.0101847385,89789.71969444513,87102.0847683607,88137.27522250067
2008-08-05,91277.71906803722,94759.12628953825,91490.11026647135,95090.44072429878,86363.30425644972,95702.04828389348,92735.78975748972,89450.56065842256,91112.87531085697
2008-08-06,92633.05125259818,95884.74682390202,92848.59613004504,96219.99686197277,87293.57364960367,96526.73823430376,93127.63109291164,89847.7442108655,92501.4901988917
2008-08-07,89885.88251641585,93609.86480121582,90095.03509499575,93937.16097477762,83886.4941871884,93512.77737865467,91313.20811905616,88509.76902587632,91787.34496691142
2008-08-08,91074.20916227627,94599.91212383837,91283.14094467831,94930.66988449922,85188.00607801009,94673.46950561849,93832.23108668251,90154.36213833613,93870.26351529235
2008-08-11,90952.41012885001,94498.70078890721,91164.6715176892,94829.10467572458,87434.78671756184,96671.03257260357,94815.34852237965,91088.21390456537,94723.26947934188
2008-08-12,91511.7419435285,94963.6131950514,91704.04456284209,95295.64259486245,88166.91453080098,97318.34706686993,94781.11933013161,90140.4602336052,94822.45463548528
2008-08-13,90760.82450562186,94340.21924275364,90980.07793253934,94670.06901699166,87713.04010061458,96918.67939277907,95075.6916782021,89596.88910699662,94624.08432319846
2008-08-14,91919.92186428019,95304.06680174315,92097.93360431465,95637.28655860665,88784.03714205165,97859.50756105638,96238.29342094414,90272.8572146525,95715.13617546063
2008-08-15,92916.89024404557,96131.00519888126,93058.56702057252,96467.11625116249,88447.33705674592,97564.1258750936,96453.60491018374,90711.8942952673,95536.59986746557
2008-08-18,91916.34320302677,95302.87939700151,92101.13744462209,95636.0950022403,87109.93196282972,96393.17694872088,94867.80444354322,89471.44677366427,94425.70644356929
2008-08-19,90633.64643345811,94238.91456747727,90862.00159847985,94568.41014151798,86034.45687251099,95441.10676935929,93467.33853264767,88495.8449490485,93255.30343945547
2008-08-20,90739.20057211033,94326.71690443382,90963.98734153151,94656.51946929196,86625.89072623689,95965.98578767273,93636.01610513733,88906.99692251295,93414.0057431588
2008-08-21,90120.84312110751,93812.4727598195,90365.87226199602,94140.47732890907,86127.06049812157,95523.89408339867,93444.3408716568,89060.33175369458,92977.58197531699
2008-08-22,90643.35298597204,94247.60355324514,90874.93050533399,94577.12950732964,87261.60281926846,96530.55470682243,95028.0014906051,90349.5135441949,94207.50212699074
2008-08-25,89722.65013030282,93481.75335134553,89979.44170053578,93808.6015978921,85437.53124216589,94916.29473016493,93260.70919934801,88516.75323638706,92223.76873475322
2008-08-26,88916.33667355742,92809.67694185136,89196.15442514486,93134.17535018767,84767.40156035998,94320.71360359484,92931.64410291548,88774.59994146567,92104.74200697572
2008-08-27,89433.37773507056,93241.42134950397,89695.45372427782,93567.42930272511,85026.44339421902,94551.30234571047,93489.76005145907,89638.71307237264,92699.86051117851
2008-08-28,90105.31867442511,93801.86291917329,90347.12347280914,94129.83039216991,85672.8065554428,95126.31855236182,94870.96493625618,90725.82576279403,93453.68131908463
2008-08-29,88942.50272689205,92833.44681486016,89201.84412096396,93158.02833183568,84053.32486235065,93687.77264617996,92848.57346004483,89750.21654747931,91489.78193113884
2008-09-02,89740.51432361998,93499.78441365666,89984.98229039721,93826.69570374796,83993.06151154624,93634.03591066538,92733.00181798184,89192.71395334398,90359.05450295085
2008-09-03,90059.92956664902,93766.02096544596,90300.36135527132,94093.86312115542,82791.49963904262,92562.45132504172,92873.24109110357,89116.03545170472,89506.04853890132
2008-09-04,88838.94229497638,92749.03488815197,89076.11443022091,93073.32126849127,80498.69517582403,90511.73256816657,89707.56348447202,86433.07130841976,86609.7996023967
2008-09-05,88205.07195264354,92219.61964770133,88440.09406178562,92542.05498827263,81226.73881171767,91166.61514211172,89657.93994576334,86704.87904382093,86193.21740618898
2008-09-08,89717.32733705461,93484.48674228702,89948.13164579494,93811.34454582204,82330.50643203934,92157.68541596764,91164.3057329115,88495.8449490485,86034.51510248565
2008-09-09,87007.39753440194,91225.51265798898,87231.23035286943,91544.4722173001,79657.15786447117,89763.72840562866,88935.5841063372,85868.65102006425,84209.48401395146
2008-09-10,87040.40841647575,91253.20165663335,87263.13804912832,91572.25802735773,79284.91996424497,89428.1556819818,88803.84150857355,86217.06335011513,84903.78767429765
2008-09-11,88169.12114197508,92199.87598251255,88378.1952559373,92522.24229161924,80838.65851791354,90830.1672960868,89562.80008406918,87464.48030083101,86490.77287461919
2008-09-12,87246.82352050327,91428.30675086069,87453.46922536383,91747.97535649678,79634.42249856507,89747.70540365293,90034.16108560548,87868.67762658047,86153.54183026314
2008-09-15,84383.4150166277,89027.7921603545,84612.71527078697,89339.0676415937,77047.13308024788,87415.01276925048,87482.66023200618,83687.39708451707,83475.50477767942
2008-09-16,85765.82431697939,90194.58871958831,85980.88444848917,90509.94377139387,78728.19958277236,88940.8367049038,87289.062864515,85088.14147571563,84130.1328620998
2008-09-17,81817.91204493942,86873.16948050648,82213.66677312623,87176.91157025879,74453.88593963995,85077.25802661414,83492.73171310265,81262.2944277086,79765.91788570877
2008-09-18,86189.99570723783,90586.94564990255,86372.04894524072,90903.67253278848,78369.1130894748,88622.98438635161,87388.71287711189,83673.46561699032,82463.79650992657
2008-09-19,85250.82664001129,89797.28131310042,85547.61887362086,90109.46186970956,77942.24828379533,88265.70763662647,88829.31877871885,86996.45689892184,85102.16555392681
2008-09-22,81580.07452468979,86704.06968504585,82672.55760821131,87081.08741721633,74932.71705330857,85960.1072215624,85557.3166526509,85026.94648838328,81095.02319352592
2008-09-23,81754.98869740912,86852.79002597439,82808.99185809115,87224.79704933865,74146.93877674598,85343.70092041514,84858.5233743246,83092.41625599015,80480.06311768905
2008-09-24,83089.01067229839,87986.55355352059,83821.89915031072,88291.717814961,75645.51949020203,86484.98893334082,85138.43968080283,83358.76965556385,81035.50604596599
2008-09-25,84101.35492710618,88844.16570963635,84588.83433780384,89099.54996673652,75107.58140257855,86077.70478138568,85627.91202871298,84662.44460671133,82324.93577785733
2008-09-26,83766.98298684004,88561.5829037312,84338.3133717209,88835.66992263895,75044.31522849858,86030.18799393006,85309.72410833932,84704.51246515285,81491.7713854419
2008-09-29,79211.34999537031,84708.4746315481,80918.24109878852,85233.22164731377,70164.26738054733,82365.96145450945,77684.02191714976,78066.91095390273,75024.79628903585
2008-09-30,83145.07970340204,88073.85338799801,83911.76715303467,88386.37804596899,73274.51243681995,84753.0445787375,80995.75916184357,81298.11714553468,77187.06598926845
2008-10-01,81608.89701833899,86772.05629728321,82836.56990282373,87253.84569853537,70681.74746683743,82936.1274854816,79895.76248657881,81347.16182378799,76373.73560114476
2008-10-02,78122.71820566454,83806.66487308292,80518.13328655233,84811.77801013048,66984.4661423532,80410.96579011594,76605.3160059872,78396.36614113869,72902.20216472908
2008-10-03,77169.33782517946,82988.4687644064,79862.96968226889,84121.67768243095,65061.52733277777,79056.12968639674,75518.18879305752,77337.9737068494,71771.47473654109
2008-10-06,73602.65784000405,79919.96182748892,77492.01302360707,81624.28931041746,61149.53668522549,76360.20549993886,70841.62176792989,73398.90854157858,69152.94726417493
2008-10-07,70616.78995678447,77326.24628240561,75474.96395648213,79499.68071935972,58243.555134614144,74320.56708552169,67649.03193737917,70111.64389838676,64768.89828349217
2008-10-08,69893.07834532195,76692.2678493487,74987.48615977424,78986.20807671761,57876.27037606242,74067.57955074288,66683.85443547637,68345.36292766279,64253.123363798695
2008-10-09,65502.18195953596,72837.83408062946,72109.92838016474,75955.2039829314,52747.33425952018,70630.05102825891,62547.440757582415,63572.19086923487,62527.27743140791
2008-10-10,63890.79306294743,71404.35417412387,71024.5258243042,74811.9221299895,51782.826224468554,69950.47995069569,61582.46047341973,62030.188048944154,62130.52923949193
2008-10-13,71199.68635911046,77939.08984442208,75703.40112197096,79740.29934000949,58136.01850531491,74102.56679035565,71922.7487926396,71036.8263747439,69688.55618816015
2008-10-14,69682.84460303395,76610.75516260514,74772.09209700685,78759.32808471489,60594.06714067418,75619.50990805148,69716.29344824264,69985.49205795489,66673.28052387803
2008-10-15,64358.84120776145,71928.0999360722,72093.93006442332,75938.3525539698,53955.64576715025,72248.08046625498,63814.18790568212,63095.56469374421,60702.24255920253
2008-10-16,69340.32359030553,76381.98451096355,74699.18801404201,78682.53637770347,57233.37716310573,74000.86026841203,67213.5069692559,65723.99286945364,63995.23590395196
2008-10-17,68760.89253872755,75871.36568122405,74420.50158971497,78388.98894696082,55913.90680837396,73368.69417852128,68069.6123357413,65331.47284805018,64074.587055803626
2008-10-20,70001.42545820237,76966.41751429977,74977.48196412226,78975.67040543571,58568.073283128135,74616.91167537704,70322.3428462889,69256.53263880471,65859.95013575433
2008-10-21,67985.75978472224,75193.44143812604,74081.14171731954,78031.53264502795,55541.5701003395,73236.98705056682,67460.23729378404,67188.8441833721,62447.92627955624
2008-10-22,65257.90109887392,72779.79383903676,72850.83654622521,76735.62121742169,51746.30021469637,71480.3247098606,64115.43995310106,63530.15257358918,60722.08034716544
2008-10-23,65403.49350972841,72909.69302939491,72917.42335337635,76805.75877868888,51709.28075333153,71462.13932101353,63803.8528589254,64266.08142185222,60484.03067528163
2008-10-24,63786.207829763174,71467.37493732464,72183.02161164845,76032.19492484228,48342.72939194955,69881.92248749846,61834.14228646428,61006.853395139275,58539.972858969944
2008-10-27,61696.78967142486,69594.55338541364,71219.94740251618,75017.76460091113,46259.89610448123,68857.49640652588,59742.495676751954,58841.07927854952,56913.31208272256
2008-10-28,67122.41628216208,74490.67926581948,73766.55872541503,77700.17445543584,52114.472610660836,71765.43086737342,65138.21468497001,65716.95692405022,63201.74708746235
2008-10-29,66629.23453957557,74052.8232404662,73545.38343178271,77467.2049473362,52850.66925188366,72099.28320391635,65774.13010711277,65240.34552995745,63043.0485674302
2008-10-30,67311.67424777013,74659.60298131032,73829.18482226171,77766.14010077066,56750.8465316244,73700.13308053275,68112.37355255049,67497.30239488208,65145.80490377406
2008-10-31,68138.59101624107,75393.35121529871,74171.9194139694,78127.15107956294,59061.17597208889,74601.87209888597,69299.74702325306,67868.75153357003,65244.99005991746
2008-11-03,67974.04308208967,75247.69724733483,74104.06760719793,78055.68106233081,58346.37554993014,74337.98458067392,68652.35460948033,68065.01154427175,65106.12932784822
2008-11-04,70420.89931707847,77414.64555677508,75116.111158648,79121.69202804336,58513.16270023711,74399.74386814826,70926.6378511013,70377.98251656255,66951.0019880165
2008-11-05,66593.82336833078,74048.92054088555,73563.29543101782,77486.07210732662,56428.24875899606,73627.40955392655,66912.31448992608,67420.15827920877,63459.63076363792
2008-11-06,65500.50098347579,73076.34574872907,73109.05568303191,77007.60993865645,55761.076297798914,73372.65959460595,63751.41755674306,63684.33733515045,60622.89140735087
2008-11-07,67033.75414733066,74444.81819263246,73740.64211682034,77672.87583877413,56699.28608010931,73732.75515064751,66512.96532921524,65787.079875718,61872.64556331637
2008-11-10,66836.82357018763,74269.85605663438,73660.66524814501,77588.63418841326,57522.83081501974,74045.08290522239,66020.52226838746,64924.94006143148,61039.47738722976
2008-11-11,66571.58729094981,74034.06914483654,73553.20821636991,77475.44699004511,57074.573572028865,73876.90266559186,64712.677743112436,62920.36078436009,59710.37586308377
2008-11-12,63828.541298144155,71593.64235060928,72437.64016550576,76300.39106135922,54854.14097023118,73041.02063186668,60945.48827676038,60151.75691695514,56952.98387497721
2008-11-13,66173.18032847845,73697.54439524414,73417.07769562483,77332.05728347124,57262.21433549248,73973.78327885404,65107.85297105535,63901.61649367503,60424.51731139288
2008-11-14,64167.43082535798,71910.49033717168,72604.64548220442,76476.3019682347,54947.958369466825,73107.78032996555,62215.980249583044,60712.47446513511,57488.592798962425
2008-11-17,63538.8401038712,71346.93631704536,72348.04848879683,76206.02189150338,54898.8089994833,73088.93199354886,60882.22126423011,59906.44483730115,56278.51800259393
2008-11-18,62904.720782837394,70777.3008532409,72088.81495772532,75932.96468323734,54486.27270020131,72932.29070689822,60760.29823841193,61034.88631626869,56219.004638705184
2008-11-19,61483.34546593597,69497.89152207796,71503.63010657986,75316.5747389547,53590.65472870556,72589.89977344633,57541.6294788198,57123.86146282625,53283.08012627472
2008-11-20,59691.4415385834,67877.50416264085,70754.91134467834,74527.93040711925,50754.47840655224,71491.7766284885,54700.630697460954,52883.385117497324,50704.22444616324
2008-11-21,60411.79826969866,68532.82111602026,71061.00400013609,74850.34551146382,51488.08698102839,71786.85347705301,57349.55253966189,55736.039708747325,52906.16972232167
2008-11-24,61526.77036114449,69544.70535162976,71529.92263061661,75344.26931682073,51409.98200982227,71755.98359941789,61241.98145751497,59598.05314208174,56139.653486853524
2008-11-25,61230.86615227924,69277.13309458391,71406.94619217093,75214.73513647886,49745.39813284273,71098.5443163393,61775.200718785614,60039.59566964166,55881.76981067796
2008-11-26,64215.2829322034,71978.40912041483,72645.61257896495,76519.45364319728,54780.72467929926,73135.79211875,64397.083044094135,62359.628454782214,58222.57581890563
2008-11-28,65947.28771520172,73531.52162792538,73343.49229329146,77254.54792560682,56574.898202594835,73811.26531098376,65189.55682559336,63144.62415339542,57766.31804677208
2008-12-01,61744.15254073576,69782.30996880698,71708.5208216644,75532.391290268,51715.2484934465,72103.16033350346,60070.807025039554,57551.39492052042,53421.940858343965
2008-12-02,63082.166250664115,70992.07230070888,72248.20089853361,76100.84990955851,51715.2484934465,72102.71209758183,62306.64351324606,59766.24697350878,55207.300154623495
2008-12-03,62898.65676827815,70826.85643428295,72176.68393382647,76025.51928914888,47178.82303520479,70444.3347677413,63674.721859737954,61203.12449188944,56774.45135065332
2008-12-04,63024.99966167015,70940.67088351335,72225.82960240456,76077.28565982182,50807.96426705265,71866.63390299666,62730.35044999179,59787.303074826385,55167.62457869767
2008-12-05,64453.697434559996,72227.1797805246,72784.10200364806,76665.32804270895,44456.97035602324,69556.93136196188,65094.894332391144,61630.6727309815,57409.245430781935
2008-12-08,68427.64871366961,75789.76569754467,74314.022108272,78276.83142698165,48096.66340008509,70985.15488080539,68069.38227853534,63782.471035850795,59670.70028715793
2008-12-09,65730.99679684108,73400.3383735169,73317.58713171144,77227.26136637398,46060.17630182259,70261.74624867243,66764.47090400463,62731.11454696493,59531.83955508871
2008-12-10,65472.839130968816,73169.71524650353,73222.09295640267,77126.67494606138,45390.37554756227,70021.78462497756,67653.73324235488,63158.67387210542,59333.46545913071
2008-12-11,64218.8666526513,72048.60535869912,72758.4303021192,76638.28739282876,45212.439444430085,69957.40000284169,66192.71686360019,61637.70498103546,57706.80468288333
2008-12-12,65157.53381559484,72891.09496975859,73110.60042151541,77009.23705061249,45150.549588277965,69934.79117633359,67609.53856207794,62373.633829298495,58877.207686997164
2008-12-15,65147.68716835024,72882.28269148579,73106.46669382458,77004.8828911088,43661.46415414117,69389.11441042872,66272.1004747086,61504.49132775384,57845.66541495257
2008-12-16,66625.21092971673,74204.63575284346,73670.9056692656,77599.42068193169,44084.43109762054,69549.77873772524,70190.82044139924,64399.24703559064,60622.89140735087
2008-12-17,66812.9753502692,74371.93567117782,73741.45893948294,77673.73621866012,44044.529072744444,69534.72555442993,69202.59475500348,63775.47204394213,59888.912171078846
2008-12-18,66416.67141987887,74019.02349790362,73591.67352470609,77515.96346824129,44220.09706890042,69600.98974004645,68148.81805203795,62583.921386613365,58837.532111071334
2008-12-19,65061.1117315065,72810.444961444,73077.29091498925,76974.15130833542,44483.45591287543,69700.04884126826,67730.15598497022,62314.69300514687,59234.280302987296
2008-12-22,65188.363214940204,72924.37153766418,73126.33666665391,77025.81243400658,44682.97060374991,69774.91560039666,67030.46850904541,61516.2425390894,57944.85057109597
2008-12-23,65326.07973198687,73047.61918446116,73179.33487998994,77081.63678711711,44124.333122496624,69566.08606300711,66569.28184126902,60880.291370915525,57647.29131899458
2008-12-24,65086.10157567414,72832.94433427158,73086.69804240894,76984.06007260835,44244.03919712488,69611.07736854965,66554.48265907896,61233.60373437236,57805.98983902675
2008-12-26,65404.25637239625,73117.76275219327,73210.83622687124,77114.81794929344,44172.21737894554,69583.61918800783,66873.50439288635,61586.905011780764,57786.15205106382
2008-12-29,64092.09201376633,71944.23029314459,72689.01821970461,76565.17389795903,43980.6849196439,69510.03888933404,65777.15491443453,61410.26730679974,57310.05649096736
2008-12-30,64007.449128571505,71868.22007679746,72654.64885240098,76528.97177762758,43932.80066319498,69491.43041921497,66520.19004230516,62865.84698888142,58500.29728304411
2008-12-31,64131.53461270023,71979.6796397466,72705.1679849864,76582.18485253646,44738.83252527763,69805.06830739361,67466.07327587325,63763.218265077754,58996.230631103484
2009-01-02,65876.57436516308,73546.55188878241,73415.06351133759,77329.93569242506,45632.65066868527,70148.60629449233,70177.66609570092,65685.16213715363,61555.248523252056
2009-01-05,66845.35063880711,74411.80822810851,73807.7753600559,77743.58897493362,46664.39193967239,70542.66794745378,70458.46715357188,65607.41937486512,61535.410735289144
2009-01-06,65742.97140496313,73430.07913120613,73362.47335436178,77274.54115535752,45661.62773781989,70164.16739488082,70950.21368946649,66045.53261811075,62150.367027454835
2009-01-07,65143.48885059968,72894.41668134781,73117.2444260261,77016.23534792344,44255.96613755411,69625.57851572003,68921.25227032171,64067.04989904304,60384.84551913822
2009-01-08,65024.26001726935,72787.68470968881,73066.8791855046,76963.18437140198,44730.487842686525,69816.1191080621,69082.49160026142,64328.50326521079,61019.639599266855
2009-01-09,62945.56064259178,70926.17991563104,72182.90597585132,76032.07312274443,42196.7169422614,68807.54727406972,67412.54557059193,62950.65525936918,59650.86249919503
2009-01-12,62311.542997530516,70354.65812309501,71876.438976602,75709.26371265465,39340.624707707895,67551.80353679531,66272.90595055844,61438.53673029565,58559.810646932856
2009-01-13,62106.35660170927,70169.32079347585,71775.49999697228,75602.94214279836,38776.571765327106,67290.76422700523,66413.21524001253,61551.55160333823,58579.64843489577
2009-01-14,61063.98969370998,69227.16695346274,71239.25627310053,75038.10312068043,37353.0032345321,66607.09529629724,64625.5733463462,59615.524754407066,56794.28535494506
2009-01-15,61961.8936095917,70041.51720610356,71736.49756774105,75561.85990163358,39045.16889247002,67456.45554700987,65473.12894697498,59636.684325510025,57726.642470846244
2009-01-16,62412.59935957154,70449.09822344311,71983.62651029335,75822.1670419026,39747.999692602905,67797.29464601749,66265.2385329619,60103.05221085367,58361.43655097487
2009-01-20,61193.022694408355,69347.80678989638,71316.07980905964,75119.02328626013,37084.40269199141,66520.59451440562,62793.476240030745,56930.43948052255,55465.18383079907
2009-01-21,63190.88974746453,71159.09431630778,72429.19517160078,76291.49573655317,37281.37551241518,66620.5459681017,65477.745346029915,59389.395233886054,57825.82762698966
2009-01-22,61125.680769775085,69298.5932090932,71279.73045241035,75080.73559327576,36887.433286965424,66421.2268898368,64265.14920923109,58470.794174946706,57052.172814791804
2009-01-23,60459.41890866036,68694.31678579385,70907.49182976688,74688.64727550413,36614.35857334075,66281.75384543736,64382.44686151307,58725.200509662594,57329.89427893028
2009-01-26,58828.217578562806,67211.61300949172,69996.00673322887,73728.55706337754,35985.4174740097,65954.16691217289,64493.70594809231,59127.94925841726,57746.480258809155
2009-01-27,59554.765910160575,67875.68188400182,70409.0054394035,74163.57900386263,37054.98496455381,66520.27380206133,65590.91695890864,59728.56549489598,58163.06245501688
2009-01-28,59813.09978618037,68111.2242486889,70571.32072283409,74334.54978055682,38102.65821163909,67111.52442375915,67302.83211042915,61749.42648176123,60206.309211143154
2009-01-29,59910.75239059697,68200.18453948358,70632.37490454684,74398.85968808514,36851.63206785187,66421.20009528418,65889.25444870503,59742.67064384812,58678.83359103917
2009-01-30,59208.34435688496,67560.5082795848,70192.32276207914,73935.34168168737,36350.18089460106,66130.16769751068,65004.047661030636,58527.31454519116,57647.29131899458
2009-02-02,59844.82853375881,68141.52360732057,70594.26984835058,74358.72267254257,37292.76754748798,66686.72298749253,66424.76135746442,58350.695316957506,58341.59876301195
2009-02-03,61364.711643302064,69525.99947033869,71547.31715256794,75362.59140495313,38047.57848509965,67124.63669857736,67724.91197156414,59170.35708901061,59254.11809095022
2009-02-04,60192.1270255011,68463.17211783626,70804.06020129375,74579.70013583224,37075.279608851604,66570.98659406281,67740.17444126488,58880.652776094335,59333.46545913071
2009-02-05,60875.339896955265,69084.84704740532,71254.73729159967,75054.40966742618,36844.997974983926,66437.37290730202,69291.75970828054,59756.81274629503,60642.72919531379
2009-02-06,61228.42004619624,69405.40362282094,71485.87565336908,75297.87352616031,37024.107268074265,66541.43545648037,70823.37195796239,61459.714778146,62229.71817930651
2009-02-09,61192.81700246193,69373.11739209715,71462.38764099052,75273.13301106838,37766.12451045463,66972.6298723897,71071.1150382637,61544.48979048846,62487.60185548208
2009-02-10,59815.33704538684,68123.81940650402,70555.39360287215,74317.77334390314,35783.14567226463,65833.44628668136,68546.76956652805,58725.200509662594,60186.471423180235
2009-02-11,59925.093251382656,68223.82067474503,70627.59377299467,74393.82360178644,36525.16291464501,66273.82508471393,68260.35350046286,59071.42888817279,59908.74995904176
2009-02-12,61105.17999873026,69298.62953712193,71426.64114022469,75235.48032137174,37714.949729529435,66966.09430953671,70811.57800829789,59113.840414115635,60642.72919531379
2009-02-13,59871.95185111725,68179.75849492275,70575.32212001631,74338.76455300242,37049.692218389,66583.3575647336,70527.61680263425,58477.90772268915,60365.00773117531
2009-02-17,59643.14441682975,67971.31316946742,70414.5812808537,74169.45217811532,36723.4224231588,66393.71220998753,68913.28235312125,55976.53305268386,57964.688359058884
2009-02-18,59394.158073956496,67744.31066848483,70240.5637899975,73986.15517156586,36259.6857011107,66122.74765818461,68436.4548753065,55842.28100619931,58004.36393498472
2009-02-19,59769.52147387278,68086.81889625828,70503.26531693245,74262.86530723228,36535.01495843853,66285.00301681893,67572.24063594933,55241.67216041955,57111.68617868054
2009-02-20,59571.570990466455,67906.42168534863,70362.97495693968,74115.09393719415,36343.360931487325,66172.33039744994,66931.79632196433,54704.667669830866,57270.384698712696
2009-02-23,57448.63012371205,65970.44698716307,68839.84192315796,72510.73954560312,35372.5135177224,65593.94669952766,64540.30452061788,52747.407342807215,55266.813518512245
2009-02-24,57861.18124144781,66349.44549882086,69140.17439704828,72827.08730560605,35177.84754350454,65475.53401727485,66963.24447988924,54747.071805074745,57091.84839071763
2009-02-25,57143.018097702894,65690.63106962587,68626.40676277409,72285.92291482489,35527.97938341393,65688.57183053611,66252.63296495803,54316.035156076774,56714.93798676457
2009-02-26,56917.3418783117,65483.08426845597,68462.31063585215,72113.07633082254,37494.237165674334,66880.996828805,65950.11625038502,53432.791200929445,55127.95278644301
2009-02-27,56994.06005653753,65553.69533726414,68519.41295839006,72173.2236455363,38270.320595283905,67367.81623275658,66201.1436447479,52238.64271291864,54612.181650420716
2009-03-02,55595.5236888128,64266.83524164062,67441.70125864515,71038.04276507055,38287.24090351244,67377.21808848203,63398.01567949898,49885.66958254376,52846.656358432934
2009-03-03,55995.54649235762,64636.76717720021,67781.16453307384,71395.60798296968,39315.450789065726,68029.4492065442,63591.216320637504,49511.18286658605,52806.98456617826
2009-03-04,56700.26867051165,65287.546979628496,68378.02124106392,72024.29218807617,38685.75290360543,67635.57493580882,64940.36544299168,50684.105267203326,54215.43345850473
2009-03-05,55954.62068966579,64600.6856476284,67749.84705420524,71362.6204936027,37614.421542043376,66928.13621352834,62449.23123777368,48613.80419969076,52588.77268225737
2009-03-06,54641.97213853085,63388.30325100042,66644.8354849138,70198.68397287087,37038.26318845128,66517.97864534218,61917.9792697471,48698.58660273219,52172.186702378465
2009-03-09,53953.67309093835,62749.52529993298,66048.70531388027,69570.76504744194,37261.790307912815,66697.63546867021,61361.40243682155,48126.25087579782,51061.29706215338
2009-03-10,56519.82047760142,65137.122230972185,68514.58439523772,72169.46439825352,39405.28027482559,68594.20244295825,65516.0088161801,50995.03566751314,54215.43345850473
2009-03-11,55507.74665890838,64204.01840328256,67505.21745935088,71132.2754288489,36839.05931534426,66342.11484896835,65691.28084617364,51327.1441156733,55048.60163459135
2009-03-12,57452.241103619934,66003.32555773077,69287.36316161873,73010.17588927466,38546.17888587689,67821.36745042348,68286.30850776317,53347.98293044169,56873.63650679672
2009-03-13,57924.331358888405,66437.20978870332,69715.30688517884,73461.1130458086,39219.90905869376,68365.66881979769,68522.6342255192,53764.88856304118,57012.49723886596
2009-03-16,56926.13813316915,65521.29523340692,68837.5069214964,72536.14885580816,38584.107441164495,67869.08217712917,67499.14298249056,53602.37817910915,56060.30611867304
2009-03-17,58523.446125557166,66992.08094949547,70244.04271136798,74018.25786858075,38916.49709591125,68132.61537739844,69990.71344055646,55241.67216041955,58182.900242979784
2009-03-18,58397.01901110863,66876.30355023328,70130.9700466148,73899.10980513603,38421.747093373306,67742.47958767196,71025.08371777995,56478.21739297528,58916.883262922995
2009-03-19,57341.461741796236,65909.2436618679,69220.42224740352,72939.63823712528,37927.423308488454,67350.38179269896,70083.58212186044,55778.66926030928,58877.207686997164
2009-03-20,56930.15168871507,65531.03028975441,68863.52426457117,72563.56411174205,37773.58635059159,67227.58863786572,68519.64071425429,54590.924812941405,57885.3409908784
2009-03-23,59304.29043039294,67717.28489372817,70931.72056206797,74742.88467704585,38852.57525818309,68090.16946818877,73251.28832799033,58512.14883093923,61297.36106340533
2009-03-24,58710.09424968262,67174.49310905412,70417.57983396422,74201.119147549,38861.52412608268,68096.94752912191,72372.54066564154,57359.26261518404,60166.63363521731
2009-03-25,59436.33084179455,67839.24523491372,71014.41964607198,74830.02718606195,39087.378468349074,68273.23021087107,73280.25928839529,57964.176543104026,60444.35509935579
2009-03-26,60287.20416441593,68616.1788467923,71709.72946576818,75562.69602951535,38920.75779314652,68143.55316146887,75693.51889020024,59145.51694982897,62309.065547487
2009-03-27,59383.47583663449,67793.31256294409,70976.95020467143,74790.54451011214,39121.89676628381,68300.35070245921,74063.8672477915,58078.045041875695,61138.66254337317
2009-03-30,59508.54582104853,67907.53839329393,71078.89944900124,74897.9714913199,39262.74634899669,68409.82253394615,71148.7358530463,56071.18942952672,59631.02471123211
2009-03-31,59874.11092900241,68241.26695293012,71375.92193862508,75210.953010907,40191.6650529164,69129.99414892573,72774.98803050685,56590.67426824689,60146.795847254405
2009-04-01,60411.36224676793,68731.13090284227,71810.64594959718,75669.03475996028,39902.83652502325,68907.9738508325,73319.73390102593,57686.62253926678,61039.47738722976
2009-04-02,60150.41681553389,68493.62492481933,71595.40219270029,75442.2259476022,39586.16723371882,68663.90130266322,75414.54379504241,59373.23547062492,63003.37299150438
2009-04-03,60030.320326384935,68384.2212755275,71495.62330632147,75337.08593776287,39498.177493099276,68595.30136222615,75499.87364827906,59963.91860771056,64173.772211947035
2009-04-06,61009.348634771246,69276.43825003886,72311.74399895871,76197.0568270769,40427.72419080599,69322.0845036537,75616.6073020165,59494.24338458536,64015.07747558605
2009-04-07,59846.786850029595,68220.36220274787,71345.25814600979,75178.64165151738,39398.49347671894,68519.70247973222,74055.01036127376,58106.51770959282,62328.90333544992
2009-04-08,60473.90300783156,68792.25043508562,71864.48637841188,75725.76803711713,40034.39739205323,69018.9158951712,74906.29282820485,58732.753803992746,63380.28339545743
2009-04-09,61819.64593682999,70016.93321543689,72995.75094877278,76917.81549700815,41400.02680125283,70112.0513039175,76908.2454689643,61066.98412182236,65344.17521606087
2009-04-13,60953.51173176318,69232.14630994425,72272.17618474185,76155.36303265745,40870.25991402999,69672.01800101613,76954.09307427186,61081.20382660828,65244.99005991746
2009-04-14,60339.02697246215,68673.79162221601,71763.67279307147,75619.53773390062,40761.11569017552,69581.2797752841,75474.19001202214,60027.981186236735,64451.501243427854
2009-04-15,59804.12703168428,68186.762130163,71318.61374804573,75150.56564901052,40307.428624850916,69198.89665021465,76154.0968871792,60668.44068077205,64272.964935432785
2009-04-16,62364.863849798785,70522.49862142175,73460.8497565716,77407.90408190749,42203.098745509415,70843.13618372423,79032.13413469504,61558.0110742233,65939.30128760601
2009-04-17,64466.41533025015,72423.6545253605,75194.99256982302,79235.22245621592,44185.625543063186,72526.76712109432,80117.97025397424,61970.763134011104,66078.16201967525
2009-04-20,65670.52058028858,73505.83912885323,76144.23922312133,80235.4721692546,43973.21174203843,72342.49742140179,78609.93021041971,59373.23547062492,63955.56789536848
2009-04-21,66239.42430096897,74015.26399715176,76588.31115235596,80703.4041005836,44425.09445186442,72722.34915180677,79396.85476514313,60533.224148074136,64848.24186800149
2009-04-22,64271.662772521406,72256.25850399135,75021.52782157312,79052.43744027049,43094.47489269123,71607.22326409683,78298.94836059521,60163.19032823572,65046.61974763065
2009-04-23,65821.51331979712,73650.17173984913,76270.26988315614,80368.27446157332,43410.54971124471,71876.00175731225,78605.66961000464,60753.86237927293,65681.41382775927
2009-04-24,66177.03612773985,73968.41803400766,76552.99751481214,80666.19305991591,43854.416791362135,72248.65871566051,80113.70701795159,61671.91283114026,66831.975260239
2009-04-27,65693.85708053461,73536.36496133801,76172.41362527368,80265.16038313451,44108.363928796716,72462.73194982501,79695.29541638929,61088.31737435072,66911.32641209068
2009-04-28,65642.99920037118,73490.82154156562,76132.16237657801,80222.74643327502,43576.92810508165,72010.8752499417,79119.93166032014,60896.207241111195,66415.39306403129
2009-04-29,65465.97710435539,73332.27303615685,75992.4498903883,80075.52718974795,44672.2131079117,72963.6035004835,80676.40776169689,62191.386583812,67327.9086082984
2009-04-30,66997.62222182105,74704.82131746574,77205.5695417631,81353.82780735138,45799.31609561172,73933.3536415456,81182.69532160224,62212.74570378669,68002.37826435284
2009-05-01,68729.59800218148,76249.79484825308,78569.41796661358,82790.95586131379,47133.549000765524,75068.45548638233,81791.74311309913,62547.241347708725,68180.91457234792
2009-05-04,69830.32674765051,77211.47876889583,79431.14246926142,83698.98085513066,48516.98346508394,76226.31983473018,83575.7633383877,64675.06792052337,69529.85388445682
2009-05-05,69536.78770057441,76886.9122809992,79202.99774289485,83458.57790370965,48415.75146244369,76142.16052810622,84164.9983673488,64454.448166071954,69470.34430423925
2009-05-06,69374.67755950658,76707.66689724904,79077.1985844985,83326.01955162147,47988.17585344552,75790.14347266915,84442.44123887419,65571.73708031914,69490.17830853099
2009-05-07,67909.12694065143,75087.20576291412,77940.31938032644,82128.05578342541,46346.78176767472,74434.08708158968,83403.69799858796,64660.83343433954,67863.5175322836
2009-05-08,66135.08079042721,73125.64073747641,76555.02272590788,80668.3270856829,45497.716937238074,73719.10546829154,83676.61057870027,66169.51159305037,67903.19310820944
2009-05-11,66510.42083946668,73540.6546945535,76850.09958150188,80979.25843224778,45455.63328839882,73682.30910728534,83145.85168137209,64931.23693693959,68141.23899642208
2009-05-12,65772.65154559659,72724.90227260294,76279.91337256525,80378.43609604487,44237.763699937546,72624.57967092896,82391.27287309145,64739.108326952686,67308.07460400664
2009-05-13,63496.79834858771,70208.48857405345,74502.16709873329,78505.17144551664,41918.71109184065,70559.47332982827,79737.1912088505,63109.43703567933,65502.877519764195
2009-05-14,64325.77244762224,71125.08626203037,75160.66956375966,79199.05527369682,42775.42971154105,71334.29687419329,80284.8346324577,63650.28099437419,66236.85675603623
2009-05-15,64432.22456495739,71242.7905000075,75242.42633878117,79285.20484343203,42794.67449570397,71350.80584051697,79702.92737541079,63130.796155654025,66197.18118011039
2009-05-18,67769.86407683138,74933.22264191293,77801.82512529455,81982.12022666384,45072.35123161605,73306.7886298131,82485.76128139105,64924.12708454663,67923.03467984353
2009-05-19,69175.38893668618,76487.31322018,78859.30480573693,83096.41833162044,45697.47839080485,73829.35507859568,82846.82460844603,64845.85219193349,68240.43171990784
2009-05-20,70100.780843182,77510.52019727914,79514.90497499901,83787.24392357166,45878.318270596596,73974.5606026141,83088.9367147156,64411.78166101524,68002.37826435284
2009-05-21,69072.47387748558,76373.5199117628,78770.53465413167,83002.87855630384,44658.31661159637,72982.493327636,81470.17257798417,63486.60657535704,66752.63167572969
2009-05-22,69062.59480009839,76362.59660366068,78763.2764162429,82995.23033300994,44112.61142244837,72531.66913911118,81258.3471721279,63351.38634730963,66534.41979180879
2009-05-26,71726.41191781161,79307.98248982159,80694.94885556342,85030.69160790776,45400.88648467512,73586.81956105444,83817.58580417163,64973.940395491074,69014.08653210569
2009-05-27,70760.89096608126,78240.40477770727,80002.34339565685,84300.87242960106,45168.970282298214,73392.7970185871,82713.2201913439,63813.97019478925,68537.98718833805
2009-05-28,70822.17731663778,78308.16917142001,80044.80141253867,84345.61171738751,44989.70610835972,73243.36024690319,82958.69737745113,64703.50733009521,69331.48357217001
2009-05-29,70582.9612521095,78043.66767260488,79875.26315603363,84166.96416374166,44964.08364240721,73221.6985721032,83509.35479504951,65849.29477950587,70184.48953621954
2009-06-01,72662.6504510865,80343.18259558378,81350.9599216218,85721.95017415617,46597.52130943156,74595.04163457737,86171.1235353498,67443.38724601862,72188.0569327488
2009-06-02,72221.39305462845,79855.28374582814,81040.70716064301,85395.0275202177,47010.10061907883,74937.67575701859,86304.39712877691,67500.29562795811,72287.24208889219
2009-06-03,71270.8761545827,78804.29603224383,80375.59790597735,84694.18191933294,46868.39056680124,74820.47732044154,85925.07739708871,66646.35209881068,72069.03777231365
2009-06-04,72555.30590550418,80224.49159858849,81290.7956223343,85658.55324471912,47265.780828396186,75150.69993194788,86359.8969157718,67272.61775600641,72882.36816043734
2009-06-05,73759.72828943579,81556.22292016429,82141.12437171164,86554.57019099737,48364.915191068096,76058.07976611158,86675.16137590849,67286.83746079233,72961.71174494668
2009-06-08,74586.01717759842,82469.85156715455,82743.60270425315,87189.41970786713,47781.57709600178,75556.51238698639,86098.19209223827,67009.28715230456,72743.49986102576
2009-06-09,77034.49192785748,85177.13313092248,84537.33419167304,89079.52845813346,48523.25149436221,76241.91870273663,86940.25307253687,67350.90743001747,73298.95035664506
2009-06-10,77238.28278111265,85402.46492975924,84687.18001305216,89237.42550134526,48494.796512535024,76214.94657342511,86868.74180661779,67180.10837720944,73041.06289679832
2009-06-11,77809.74387835985,86034.33017273316,85101.51597843796,89674.02375432693,47942.54634138742,75691.36281114288,87917.60212844206,67478.98824287609,73041.06289679832
2009-06-12,77738.39909715687,85955.44415979736,85048.49989750053,89618.15911729098,47395.693277683495,75166.75736508188,87562.89864902874,67664.00700047004,72703.83185244228
2009-06-15,76458.79176194686,84540.5807444774,84098.40911891912,88617.01992408482,46674.629288274715,74474.96530484279,85493.41359257112,66112.58842971297,71216.03180826413
2009-06-16,75348.13924757796,83312.53088380992,83268.92052258328,87742.96287308456,46101.262916042455,73921.02775701623,84533.73980032634,65215.911879218234,70521.72058057558
2009-06-17,76232.15023282856,84289.98292503846,83933.03900845889,88442.76447113349,46273.26247451192,74087.5528500313,85123.09361111777,65151.87147278892,71196.19023663003
2009-06-18,78055.14937117306,86305.67533006845,85288.47285378305,89871.02582988312,45999.91438448912,73823.46262810993,85743.3359999269,65628.71936924818,71057.3295045608
2009-06-19,78228.79731846895,86497.6780804544,85420.91035729276,90010.57920562677,46764.699903977336,74571.72948623274,86235.16079024046,65870.60955528685,71731.79916061525
2009-06-22,73501.60809157952,81270.81909771584,81826.01639237501,86222.53144762915,44859.29452253031,72721.72636692652,82972.48307172325,63895.30483676901,69589.37103201674
2009-06-23,75688.385930102,83688.74206206817,83518.42010197515,88005.86807461763,44665.24582640731,72529.34254644858,83554.96549548155,63945.413775671586,69430.66872831341
2009-06-24,76635.23988957258,84735.67965772201,84180.14111442846,88703.14338290368,45428.461482409024,73255.2689137597,84520.62089994301,64496.47907101869,70601.07173242726
2009-06-25,68035.99725256972,75227.48642392951,78234.26400316104,82437.7940623205,46715.82234446304,74470.21203029595,83060.84582138679,65899.23373233252,71989.68662046199
2009-06-26,68895.72254458943,76178.08574407513,78845.87804206998,83082.27014741748,47375.63763306409,75083.35212250843,83041.1084885869,65727.41476306897,72148.38135682297
2009-06-29,69575.21497396461,76929.40136477846,79236.73014313844,83494.12274713522,47377.74612271566,75085.2745385944,84231.69956441045,66342.93434398677,72307.0836605263
2009-06-30,68295.75846916063,75514.70472282522,78504.88524327839,82722.95579223444,47196.53156965629,74918.45373360736,83611.49480472182,65806.16266041511,72168.22292845706
2009-07-01,69164.13340068988,76474.86796008902,79005.9747223144,83250.9688285416,47138.85934015419,74865.18080977752,83717.79597551608,66078.11081909637,72207.89850438289
2009-07-02,67586.96092695647,74730.98640257285,78106.19631379568,82302.8452910058,45699.569860083575,73535.55390447377,81486.15335418581,64274.65463263791,70620.905736719
2009-07-06,67166.19581384778,74265.74589589605,77862.98601209663,82046.56729030152,45525.92526107317,73371.62283935549,81132.18966755748,64267.47087325541,70243.9991164371
2009-07-07,65632.97646565657,72570.46336372734,76976.37650500811,81112.32021978385,43946.83192675771,71889.07494144877,79654.24008475471,63022.18244383807,68498.31161241223
2009-07-08,65895.49361944389,72860.72890579431,77129.86167572053,81274.05215471072,44327.71068044596,72252.74120754088,79696.09247326084,62979.257264317996,68855.38422840237
2009-07-09,66116.66171078822,73105.27473830775,77258.56478705467,81409.6704892414,44705.14461991916,72610.06718286284,80176.10431530971,63100.93773188317,68974.41095617987
2009-07-10,65970.86774934636,72944.07017457744,77173.45497846033,81319.9877273086,44534.82502508702,72448.88668688943,79641.87006845408,62950.62569657337,69271.96642461009
2009-07-13,67054.80921027611,74142.58559037591,77807.50563500443,81988.10595038219,44605.02523651141,72515.27935776729,80640.87666990753,64482.178068544286,70601.07173242726
2009-07-14,67586.37034284484,74730.3333929892,78115.5713923613,82312.72409290876,45457.619454702464,73322.67134006738,81095.8078869915,64847.1751270461,70858.959192274
2009-07-15,69501.96900258993,76848.41320351523,79246.16430528436,83504.06380718158,47021.60909277668,74852.41412421298,83482.44821935786,66743.71716681989,73239.43320908514
2009-07-16,70790.7023063069,78273.36721351575,80007.39483954782,84306.19528776949,48220.161978303586,76052.68964718712,84910.1856399386,66636.33031103016,74112.28074476875
2009-07-17,70979.85561970645,78482.51426640573,80117.36001430143,84422.06889565567,48265.95699157599,76096.69302512155,84851.42839776247,67366.3244280338,74509.02893668473
2009-07-20,71944.32486314332,79548.92910335744,80675.55299278111,85010.25360466095,48872.71283097396,76678.84763527766,85464.7247196989,68082.01754256303,75223.16660132266
2009-07-21,71598.52597435808,79166.57884375984,80473.48642974845,84797.32999730784,48655.73120042786,76466.96863680084,85476.39373619258,68396.87609936646,75738.94152101614
2009-07-22,72555.58316834392,80224.7981684538,81036.32792201336,85390.4129849255,50737.816374074166,78499.28130593046,86555.26128979036,68382.59726898892,76373.73560114476
2009-07-23,73978.73822913365,81798.38248172941,81867.66410189822,86266.41689021098,51397.50975084955,79131.95719055666,88241.14259276507,69892.66487910294,78059.90595760969
2009-07-24,72590.92799865383,80263.8789911016,81064.8051049839,85420.4202480488,51437.76544953702,79169.13158843567,87939.39488815474,70178.92143095756,77464.78745340693
2009-07-27,72985.8249835358,80700.51707636076,81294.04331017622,85661.97543095559,50596.245214981296,78387.86714268231,88110.61712339873,70386.46703896079,78059.90595760969
2009-07-28,73345.86439880168,81098.61310372474,81501.2199775404,85880.28370874542,50847.022965292315,78624.1987394623,88703.97494783599,70057.26313548924,77524.30460096685
2009-07-29,72258.07195392398,79895.83965020561,80871.51172599534,85216.741208261,50504.61204262916,78299.98642118004,87372.17805030456,69885.52546391416,78040.07195331798
2009-07-30,72280.23021207914,79920.34006369051,80884.51326181076,85230.44131710337,51068.463354036176,78841.41750163176,87772.56465833308,70615.48262742303,78496.32972545152
2009-07-31,72055.66885503518,79672.04229309048,80752.61065851194,85091.45158177982,50703.56649261466,78486.54844587272,87422.70744452681,70715.67094243236,78258.28383723888
2009-08-03,73108.15902271649,80835.78197499209,81371.891691954,85744.00660932549,51175.72708224983,78945.8787492004,88182.09607620352,71882.2188652025,79428.68684135271
2009-08-04,73218.86635881392,80958.19121362473,81436.37827638653,85811.95806045714,51315.722956360005,79080.37933255718,88304.9123909046,72068.2871020478,79428.68684135271
2009-08-05,73430.26069869542,81191.93019704105,81559.89404235677,85942.110333355,51080.461720080515,78845.82214932804,87604.63837640274,71860.76366614143,78813.72676551584
2009-08-06,72286.7754419495,79927.57713246436,80882.07748183259,85227.87466257186,50307.623262662404,78068.38852175105,86633.31474009265,71488.63458314979,78119.42310516964
2009-08-07,72445.46338241338,80103.03858476836,80976.76395985181,85327.64864875164,51019.07700749105,78786.64280562596,87722.05432982086,72426.15952675875,79111.2898012884
2009-08-10,72098.67171604396,79719.59060976638,80769.37229897549,85109.11382583986,51019.57405980092,78783.20874931631,87387.53633429507,72275.8696635458,78555.83930566908
2009-08-11,71351.85803648173,78893.83779935469,80314.26234776818,84629.55079918665,50511.72484139043,78226.56151872319,86434.6015950479,71374.08614007443,77881.36964961464
2009-08-12,72769.3026169441,80461.10802745997,81182.87404743301,85544.83303938514,51114.93853004727,78894.02568344292,87656.13462586826,72139.90297490414,79091.44822965431
2009-08-13,74008.18509589392,81830.9419187758,81931.9888314062,86334.19778994669,51104.2341283563,78878.08218308967,88039.81976884566,72690.95348885334,79527.87199749611
2009-08-14,73296.09165344351,81043.57931753923,81488.19344058713,85866.55725545311,50693.836802443686,78393.45119824818,87120.16867896773,72132.71182482269,78615.35645322902
2009-08-17,71149.15895110735,78669.71316961585,80141.81100286478,84447.8336367891,49657.101240610566,77162.20563684651,85214.63403364514,70357.85764331304,76334.06002521892
2009-08-18,72401.8135716063,80054.7749348992,80937.6166040111,85286.3979039533,50096.70898632956,77684.60940904412,86062.27549281703,70916.08452594577,77425.11187748112
2009-08-19,72162.46632988492,79790.1283932992,80788.0919043684,85128.83923636135,50619.870220825695,78311.55491815024,86470.32742925793,71538.7213499555,77960.7208014663
2009-08-20,73471.7561052519,81237.81171946209,81601.24970478486,85985.68803713992,50864.32839049353,78604.10426730878,87482.57410302445,72275.8696635458,78873.23634573341
2009-08-21,74392.44525137366,82255.81884859133,82182.94932482633,86598.64240047579,51820.49468692314,79777.75838994124,88375.08790066012,73692.932718033,79924.62018941209
2009-08-24,73724.69327482025,81517.48466111344,81763.92818283536,86157.10723616704,52261.730245262625,80317.63066435109,88511.66507406875,73685.7341772526,79845.26903756043
2009-08-25,74454.26108498476,82324.16869237328,82222.29670824671,86640.10392034346,52706.25504499167,80856.79661562263,88915.35483854053,73828.87723457781,80083.31492577307
2009-08-26,74533.60375183151,82411.89797737067,82271.27396956492,86691.71273182439,53082.36125564014,81309.32635014737,88990.3561119472,73836.06099396032,79944.45419370383
2009-08-27,75136.99889375207,83079.07273308984,82652.92506944429,87093.86996019995,53302.677593563436,81585.8408270656,89553.8659576178,74000.65185964767,80142.83207333299
2009-08-28,76360.51440962142,84431.91535429582,83424.72730555286,87907.14116058584,53940.90068987706,82386.92244307687,89595.3900508954,73986.29173158163,80222.1756578423
2009-08-31,75912.3630279706,83936.3938165744,83143.13715629232,87610.42116161223,53379.03996253717,81682.4138706955,88741.77883626921,73327.91348743433,79408.84526971864
2009-09-01,74327.86617915976,82184.41368846399,82144.05523083647,86557.65852529745,52437.01827328256,80500.86199898402,87124.86863740312,71710.48858432639,77921.0452255405
2009-09-02,74193.32405913217,82035.65029972068,82057.87981445238,86466.85290042673,52519.14016509713,80604.79779066745,86813.08955453595,71438.51086284932,77861.5356453229
2009-09-03,74688.92303833268,82583.63470481605,82371.68858555717,86797.5226290541,52664.59853991445,80787.92306236943,86560.75891128507,72032.53829121127,78377.30299767402
2009-09-04,76263.72637248666,84324.89670176507,83388.44177942052,87868.90601171783,53218.09753053985,81491.1719882291,87814.15309443075,73041.61259138599,80063.48092148133
2009-09-08,77296.87298554715,85467.24819136568,84048.95528613187,88564.90893493126,52671.33235897115,80797.42075246408,88339.82361406286,73671.40361198239,80817.30172938744
2009-09-09,77920.94326658291,86157.28347401046,84442.93475736311,88980.05693853274,53710.773926405,82122.62730397968,89250.90755524918,74236.79208190076,81511.60538973364
2009-09-10,78807.85859144587,87137.94684714537,84999.17822767813,89566.18739222357,54974.40211455459,83730.16517912033,90204.19652067935,74995.42515734797,82285.26020193151
2009-09-11,78496.10297516975,86793.2382761233,84803.6237124016,89360.12572520676,55305.43040678144,84149.03863995813,90287.1189431847,74981.1019827767,82364.61135378317
2009-09-14,78329.3685010753,86608.87976161843,84698.60528226831,89249.46465072248,55214.86696143406,84035.25441932015,90051.03274491052,75346.09165057956,82682.00839384749
2009-09-15,79223.50884819347,87597.53185080906,85262.30496400317,89843.45193836381,54777.883124194486,83486.1863691699,90188.0711264365,75660.97977017882,82939.89585369421
2009-09-16,80071.38142167809,88535.02560539098,85799.98943555012,90410.0262175582,56397.49248355719,85527.7014050076,92192.4835365858,76806.06510318893,84149.96686639154
2009-09-17,79210.73890363766,87583.41210729828,85253.8323777811,89834.52411975327,55268.34961917279,84104.29005102284,91598.46288335582,76691.5610043073,84130.1328620998
2009-09-18,79364.91375912592,87753.88343595536,85358.03580644845,89944.32640271101,54648.09941456023,83281.42389928969,91465.79670328862,76740.47264997945,84189.64244231734
2009-09-21,79472.78822475154,87873.16036619882,85432.34370471706,90022.62686725458,53692.08456531209,82038.3527049513,91571.90377956326,76546.28942568356,84447.5299021641
2009-09-22,79858.42285852216,88299.55705836286,85669.90850015914,90272.9560284303,53708.89098706355,82059.57896202101,91525.92620150698,76992.14812143212,84606.23220586743
2009-09-23,79530.05707963524,87936.48260997052,85321.82815990316,89906.17331790329,52115.82207660272,79965.33847847518,90264.15642550777,76352.15793628035,84209.48401395146
2009-09-24,78412.94062890639,86701.28556686436,84133.04789115264,88653.51983890278,50714.34349803728,78102.85581741239,89011.79564594918,75510.83033024598,83455.66320604534
2009-09-25,77863.33846298026,86093.58977132417,83547.13388127013,88036.12464639517,49562.13523536428,76623.93396036413,88242.4078987436,75108.14070708294,82721.68396977331
2009-09-28,79033.11881927546,87387.01736003866,84802.30477386602,89358.73592005218,50305.93839854144,77553.56766543414,89780.97529917269,76452.84142811953,84130.1328620998
2009-09-29,78541.10005814301,86842.9916064952,84274.37008573326,88802.43528051542,51799.94038359739,79380.4178454683,90483.87327706482,76222.71723481432,83753.2262418179
2009-09-30,78864.10461428072,87200.1381442539,84620.95302744371,89167.64013721459,51349.13429979867,78814.32010025866,89923.91430702622,75927.90964427087,83812.73582203548
2009-10-01,76531.52483191979,84621.00179002545,82118.10175992058,86530.31057337602,50318.42361676995,77551.3743138865,88181.61179973441,74043.90222992167,81333.06908173858
2009-10-02,77074.04776282361,85220.87006663394,82700.22727414357,87143.71371420442,49493.92643552638,76492.0762107015,87932.08123207343,73698.7565888081,81095.02319352592
2009-10-05,77868.69381152432,86099.51118684188,83552.88015455643,88042.17966716948,49570.22317672773,76587.9517244416,88291.25615454621,74798.91386288183,81749.6512779463
2009-10-06,78959.59211265673,87305.71878946839,84723.41083323896,89275.60300491519,50353.98394071594,77568.84312103468,90364.69950679757,75870.3804436193,83197.77574619859
2009-10-07,79511.40392158268,87915.8577900101,85315.50328634537,89899.50860864233,50582.868661024615,77854.37591479775,90826.55198429037,76078.91640528227,83435.8292017536
2009-10-08,79122.5593856803,87485.91190508356,84898.27423938533,89459.86182870048,50977.95644706565,78343.65201824105,92261.00048106592,76661.3773897825,83792.90181774374
2009-10-09,79728.33107699436,88155.71441441047,85548.26548808785,90144.77713257149,51165.10222296355,78575.2246427594,92827.13996294221,77128.78736367855,84268.99359416903
2009-10-12,79708.14053241242,88133.38970426047,85526.60109294861,90121.94870863561,51459.97052050691,78956.44150605614,93436.34738053732,77430.7787136045,84447.5299021641
2009-10-13,79826.19865392073,88263.92671542577,85653.27711118941,90255.43103428194,51400.936751025285,78878.07321836615,93095.27742576871,77272.5881932106,84467.3714737982
2009-10-14,81115.14211835148,89689.1131003878,87036.30966943738,91712.77398587824,52014.56173266396,79691.14713872157,94519.02970161886,78602.87705128848,85617.93290627793
2009-10-15,80741.41228199027,89275.87955746331,86635.29865076984,91290.2166295222,51894.04221071769,79530.58373978993,94563.40308295719,78890.50088244944,85419.56259399113
2009-10-16,81065.74156319704,89634.49084537153,86983.30301859541,91656.91928561714,52033.43794825723,79710.03750908608,94296.1838664709,78300.86352926568,84864.11209837184
2009-10-19,80473.80283430807,88979.98345973002,86348.1544980178,90987.64421023267,52460.033149472685,80319.1669032451,95086.3722631362,78948.05964589682,85717.11806242134
2009-10-20,79812.8123782602,88249.12549384918,85638.91367665323,90240.29585184738,52760.911253476945,80751.820289042,94840.06305957935,78530.98033187194,85736.95963405543
2009-10-21,79775.41316472029,88207.77313711961,85598.78443017662,90198.01045939092,52822.119385732236,80838.65180637465,93884.04014927031,77826.27718668609,85578.2573303521
2009-10-22,80438.73732190455,88941.21147923723,86310.52930601832,90947.99741519814,53086.00792409114,81221.70675943625,94788.71687426844,78617.26674215033,85915.4959420505
2009-10-23,79596.54054349114,88009.99345829495,85406.85463203893,89995.76826570634,55398.39691857885,84580.70533782686,95201.55092364458,77718.40993546441,85558.42332606037
2009-10-26,78538.45942418688,86840.0718542595,84271.53669324047,88799.44964973337,55980.765313948796,85420.6458923359,94629.32007347036,76877.089720129,85280.70186192189
2009-10-27,76925.24080940918,85056.33403394796,82540.55784942079,86975.46524505777,55183.81519535487,84348.3532177285,93678.5013267515,76524.73814753607,83991.27213003056
2009-10-28,72234.1709280496,79869.41225629514,77507.05362058939,81671.51063750299,54319.82242639407,83183.43725719566,90931.23672991565,75079.37610675716,82106.72389393643
2009-10-29,73842.71451621645,81647.98089389308,79224.24046833217,83480.96200161404,54601.50951266466,83559.98176894522,92459.36716666729,76690.10503661352,83495.33878197116
2009-10-30,71610.0763333579,79179.35009001086,77098.7126124985,81241.22945110573,53438.13484567378,82020.05670964661,90232.05341723337,74468.1431312322,81253.7179298869
2009-11-02,72207.56323432212,79839.99209638734,77656.11063737697,81828.57649362176,53497.39624544753,82098.10862945195,90722.1106519758,75014.65575602415,81590.95654158531
2009-11-03,72710.69978136398,80396.31079958008,78113.99438563257,82311.06235354692,53247.673864602766,81769.08241758845,90517.61468726491,75251.97849010976,81848.8364340897
2009-11-04,72495.94308858734,80158.85405840339,77919.11873480746,82105.71602639502,53840.69751833139,82555.06373694658,90968.46524270049,75446.11737021193,81987.70473350128
2009-11-05,73517.70433939352,81288.6167388588,78845.41899677824,83081.78643760431,54829.73571628536,83862.47983461955,92645.59838203114,76833.92803824242,84011.10613432228
2009-11-06,73741.788605217,81536.3869891055,79048.48523743935,83295.76343530386,55144.31250677727,84277.07155423761,93554.86142383967,77035.2950219208,84507.03948238166
2009-11-09,75753.96834027459,83761.25661421902,80888.40371923243,85234.54080895419,56352.91372088274,85859.35707061847,95886.988261943,78789.84695340607,86312.23656662412
2009-11-10,75583.43235525819,83572.69476437963,80729.64619908937,85067.25324105595,56898.87843911523,86570.57464267724,95323.52550337477,78804.2070814721,86530.44845054504
2009-11-11,75746.81623282173,83753.34852015061,80874.1336353178,85219.50399287372,57233.08587198908,86999.25938145978,96067.19175714286,79206.918876732,87085.89894616434
2009-11-12,74665.53463245579,82557.77411547175,79866.35825312452,84157.5808000516,56975.53505398932,86662.24447015472,95101.76241848762,78401.55441180382,86589.96559810496
2009-11-13,75601.42085838341,83592.58467456372,80748.84429729993,85087.48285383286,58034.031762367995,88049.40509926148,96184.7701493461,78825.79531311434,87304.1032627429
2009-11-16,75526.14243802555,83509.34923194263,80678.04538688275,85012.87991519495,58537.29648781892,88707.12469631399,97185.61267727704,79969.12905047255,88196.78480271825
2009-11-17,74843.08189946806,82754.08834849737,80035.14755007482,84335.43915251656,58399.2946805844,88527.9196249068,96845.0968347922,80062.61400153134,88474.50626685671
2009-11-18,74365.50312702692,82226.02890833365,79582.76182157027,83858.7467211583,58378.20372565918,88500.3099514371,96508.27142589293,80012.29073235914,87978.57291879733
2009-11-19,72660.34991025964,80340.63888474234,77966.32461186213,82155.45827706676,57538.143176782585,87402.16015719225,95005.4739719479,78969.6109240443,86609.7996023967
2009-11-20,71282.62867236532,78817.29080571141,76652.68151985761,80771.23309044415,57293.69492255704,87080.83728004264,94396.02255142479,78689.18563366374,86173.37583455487
2009-11-23,72068.91340084244,79686.68680379273,77386.61175640293,81544.5974272517,57878.709628707744,87841.7674972905,95217.19924875522,79688.69636939303,87561.99072258963
2009-11-24,71956.81162032351,79562.73572623625,77282.72002068313,81435.12358451575,57532.08862227816,87391.85323810407,95517.33074032847,79810.93853007865,87264.43525415941
2009-11-25,71863.1479337558,79459.17167199698,77195.64383819055,81343.36879533838,58107.12359266705,88139.4922133443,95820.48637415639,80091.37121115817,87641.34187444129
2009-11-27,70630.62890908214,78096.37385995535,76048.22093672809,80134.2948165849,57517.980815245544,87370.90311281427,94479.75893493053,78789.84695340607,86312.23656662412
2009-11-30,71075.83011622378,78588.63338606819,76469.47413383161,80578.18196441453,57882.97412333213,87852.47661314507,94914.64041466173,79055.93428781745,86411.42929010988
2009-12-01,71348.2807913795,78889.88243501475,76724.64848383452,80847.06684220512,59055.8193550746,89391.25548928732,96171.38956066007,80033.8420105066,87304.1032627429
2009-12-02,70810.16303417347,78294.88496441967,76219.48353481607,80314.75936075424,59345.11539205821,89768.68870966606,96494.71997657993,79997.90843219624,87423.12999052039
2009-12-03,70366.19760909484,77803.99184406441,75794.88370037965,79867.34576063715,58785.699931947274,89044.96756125648,95738.62557718472,79372.29315650839,87066.05737453025
2009-12-04,70062.43948426339,77468.1261092375,75502.13961607928,79558.87252525859,59153.51640356851,89523.24892826073,96399.00998068007,79825.33561163946,87522.3151466638
2009-12-07,69214.82471082876,76530.91740449014,74682.56196614572,78695.25893619773,60360.59996236793,91103.97758905316,96945.85644545974,79703.09345095383,87105.73295045608
2009-12-08,68797.17946568188,76069.12653968263,74275.2752021695,78266.0886384926,59580.94766108514,90064.20274844578,95778.20713411566,78818.6189444308,86570.12402647086
2009-12-09,68633.86803810157,75888.55289194785,74116.6726177426,78098.96433101257,60661.04402309904,91484.81644167248,96401.57707568003,79113.4191442753,87442.97156215447
2009-12-10,69459.7273533186,76801.70655960012,74917.58645696548,78942.91130208461,60319.131149201996,91038.92478239043,96949.14365396091,79559.27044932492,87879.38776265393
2009-12-11,69130.18583277182,76437.33209219834,74595.48987467542,78603.50845785344,59937.29566309575,90542.4586476105,97068.25614521168,79897.20276826019,87542.15671829789
2009-12-14,68813.08950408144,76086.7182888454,74285.81814792218,78277.19805713215,60352.15768897682,91094.64544881483,97752.34996978674,80443.75973724585,88375.32111071332
2009-12-15,68607.99760885205,75859.94792628643,74084.94984010982,78065.53708729912,59924.27608806406,90514.03016386733,97111.60020914748,80069.79776091383,87879.38776265393
2009-12-16,68711.63144063363,75974.53598243657,74186.47400737321,78172.51615203307,60778.97147051785,91679.47148712746,97730.65290901528,80192.06948439527,87998.41449043143
2009-12-17,67886.25047166218,75061.91122282046,73377.12542743926,77319.68124130226,59993.31892181694,90594.12124497413,96844.65996470492,79228.49232697634,86927.19664246101
2009-12-18,68566.9138751324,75814.52159103092,74046.0580981337,78024.55569050828,60780.23927125867,91671.78879566547,97475.3314990358,79676.73821848679,88196.78480271825
2009-12-21,69375.18328244981,76708.22607573369,74836.8633418374,78857.85093082927,61708.06040070948,92987.93614416,98925.9124374894,80486.41146090467,89188.65149883702
2009-12-22,69500.02767884145,76846.26667944221,74958.31723962986,78985.83055129168,62083.34652987824,93539.97541666409,99842.67211962833,80775.59472954475,89724.26042282223
2009-12-23,70340.94792336403,77776.07323528042,75772.85012533293,79844.12832074298,62859.192159361104,94708.92949477627,100175.22113690292,80934.64257101722,90378.89607458493
2009-12-24,70576.51516680792,78036.54022810352,76003.18313166893,80086.83712850162,63489.578491948385,95658.722399784,100760.17491790988,81317.85770243862,91212.06046700037
2009-12-28,70645.18086316813,78112.46397361066,76069.91267447866,80157.15205225162,63471.31439481837,95631.20417964863,100851.41137522725,81491.31740686978,91688.159810768
2009-12-29,70991.78876782635,78495.70876306096,76404.49700131157,80509.71360802745,63359.219352825836,95462.3123904912,101256.58423632156,81375.6529682525,91311.2456231438
2009-12-30,70500.05335577927,77951.9963089521,75909.29075665126,79987.89991250867,63389.6319502493,95508.13455979034,100861.2982974531,81346.75533534556,91588.96708728226
2009-12-31,69815.29721808207,77194.86059943809,75218.1559661476,79259.63042272931,62810.00481871138,94634.81972311677,99885.29440964555,80565.94277233985,90755.80269486683
2010-01-04,70104.57824656571,77514.71899090354,75511.0082555649,79568.21767708997,63598.63041776865,95823.02917495853,100852.86013399453,81932.34258550298,92084.90043534164
2010-01-05,69938.54042711368,77331.13076829958,75340.95201135805,79389.02430424289,63575.88974843648,95788.76617579392,100426.7127712541,82149.237427682,92084.90043534164
2010-01-06,69293.67986276696,76618.10764364937,74679.58686089865,78692.12397842958,63529.88257727708,95719.44791413788,100461.75745141161,82207.03269349587,91529.45750706468
2010-01-07,68703.54548184115,75965.59532778538,74073.70750100451,78053.69069687475,63633.86473000333,95876.11614408108,100329.04845394907,82554.06296284251,91588.96708728226
2010-01-08,69534.35956029798,76884.22748328834,74928.55432192379,78954.4684708553,63905.51243592818,96285.4033548144,100970.99021452054,82828.80480572808,92342.78789518838
2010-01-11,68918.66333061986,76203.45139960089,74295.69866935074,78287.60945936278,63694.126563702295,95966.91167553735,101371.74993063911,82944.47663504432,91965.88127490648
2010-01-12,67896.51478740576,75073.26048945039,73254.36646391888,77190.32643387941,62637.03391835845,94374.20726146373,101104.53563930685,82170.87000351796,90815.31227508442
2010-01-13,68507.31243041091,75748.6201997867,73885.21179722341,77855.06711157064,63238.29268648002,95280.11413557333,102194.85833159887,82864.92315151227,91946.03970327238
2010-01-14,68597.68365379049,75848.54377340118,73977.62573843118,77952.44645744732,63659.455503044774,95914.67334846822,102525.06058115418,83089.07566006332,92025.39085512406
2010-01-15,68045.46073937613,75237.95021301179,73413.54568469545,77358.05836040266,63053.17678905592,95001.20300300494,101142.26651658682,82156.46553125822,90954.17300715361
2010-01-19,68769.13020592742,76038.11243843347,74153.2516235014,78137.50872817881,64319.5331954094,96909.20174566345,102408.43934313848,83183.0336158551,92422.13904704004
2010-01-20,68230.0003690087,75441.99591004664,73601.86857838926,77556.49985052677,63825.22286408275,96164.43235379046,101755.21004485022,82337.15333926558,91093.03373922287
2010-01-21,67082.6424216522,74173.36080666556,72438.17438257327,76330.2803201389,62714.79938695672,94491.37523689572,99967.11661801113,80753.93998161193,90240.0353425157
2010-01-22,65544.81281962672,72472.98071112254,70870.20571250851,74678.06463221798,61216.84206838118,92234.42714072093,97528.36057895682,78953.75787478972,87601.66629851545
2010-01-25,65569.65643918674,72500.45033203858,70894.49694049195,74703.66102882932,61570.26063467714,92766.91718597336,97924.10092652087,79358.61297274605,87899.22933428803
2010-01-26,65220.99213642631,72114.93178065983,70544.82008206927,74335.1960191522,61566.58857974606,92761.38456012149,97902.34548256558,79026.05369194974,87978.57291879733
2010-01-27,65780.1862754599,72733.23343274447,71108.01538704133,74928.65182984759,61987.11909234014,93394.99109083704,99273.51345684705,79401.98898490227,88672.88414648589
2010-01-28,65817.40607379124,72774.38740985571,71148.24978196027,74971.04802037626,60622.54551098345,91339.01011705199,98092.89306535997,78491.07794822371,86391.5877184758
2010-01-29,65083.09649128487,71962.46039504485,70354.46520869898,74134.61337100425,59173.42552072433,89155.64443460768,97211.79438237601,77637.99174015484,84883.95367000591
2010-02-01,64500.91229835244,71318.73861189136,69725.12733519747,73471.46114899011,60501.83642235186,91157.13968296169,98167.47692562506,78845.30675835074,85816.30321856475
2010-02-02,65181.75748482446,72071.54997779203,70461.11719380185,74246.99577143039,61012.66298482649,91926.79381352727,98858.30723742035,79799.59380718552,86589.96559810496
2010-02-03,65280.640831376986,72180.88541654099,70568.0095412746,74359.63144890593,61353.043637105744,92439.63984432534,98823.137948547,79401.98898490227,87066.05737453025
2010-02-04,63416.38563332196,70119.57613519393,68552.76004420646,72236.10251768488,59201.13816376056,89197.39862624246,96297.11668182543,76951.18147713464,84546.71505830751
2010-02-05,63583.64368878546,70304.51357426701,68733.56507160029,72426.6222062592,59863.03808704435,90194.6517574319,96268.07137264892,77110.24410000502,85260.86029028779
2010-02-08,63003.156210967085,69662.6678511165,68106.06133769716,71765.4026722357,59331.66465062774,89394.20576640472,95815.61511437988,76553.54709205558,84645.90021445091
2010-02-09,63795.089617125006,70538.30959910528,68962.13694372807,72667.47525399987,59824.392380958285,90136.59188301465,96124.1580732456,77515.09919796133,85518.74775013453
2010-02-10,63612.545205113485,70336.4700166651,68764.80744995349,72459.54323882105,59805.0315126388,90107.42112813091,95931.85955832042,77363.26467866718,85340.21144213945
2010-02-11,64203.234827427295,70989.59626361947,69403.3396452952,73132.38379394679,61056.30973006938,91992.7048648788,97247.48304227773,78172.96748388087,86629.63360668844
2010-02-12,63611.58161732375,70335.40457645261,68763.76581691383,72458.44563879751,60858.162346144985,91694.158917872,97451.29855556635,78107.91455169498,86808.16991468352
2010-02-16,63815.580194053786,70560.9660553928,68984.28714338606,72690.81558475025,60999.6203869295,91907.29180870972,99003.28285111883,79336.92127131845,87919.06333857977
2010-02-17,64267.51705167839,71060.67319858668,69472.82837206802,73205.60615272196,61366.06147150382,92459.40356739025,99518.8677904688,79712.89351776575,88414.99668663915
2010-02-18,64741.275436055745,71584.50843093677,69984.95854976276,73745.25310485782,61881.24904985888,93235.62962912238,100264.09233852084,80182.80154790798,88970.43961491609
2010-02-19,64556.07255653705,71379.7293776814,69784.75526740367,73534.29289232162,61490.41037000968,92646.75834810163,99645.3464345635,80349.04793016084,88930.77160633262
2010-02-22,64871.19845834399,71728.16447758897,70125.4046140125,73893.24534162272,61682.60030355507,92936.32828629157,99659.45795950225,80363.51152801221,88752.23529833756
2010-02-23,64441.803521593494,71253.38196422349,69661.2310763805,73404.1317416924,60854.39093118925,91688.47657865957,98743.45152501581,79387.51799635193,87601.66629851545
2010-02-24,65436.18356542804,72352.86921021907,70736.1503714013,74536.80649239957,61700.069514128125,92962.64890638101,99706.5957110718,80117.73383432417,88494.34783849082
2010-02-25,65092.646601889006,71973.01996416756,70364.78882512875,74145.49167574782,61101.28314610131,92060.465694285,99260.94219414236,80009.27532718623,88474.50626685671
2010-02-26,65233.49479025581,72128.75598048352,70517.04493312581,74305.92851037165,61150.35703967579,92134.40465699215,99263.44241918082,80059.87205221971,88791.90330692104
2010-03-01,66368.97775654795,73384.26090259472,71744.49570227857,75599.33025727072,62582.234729510965,94291.79514301983,100736.13433796357,80891.29612165681,90081.33303881237
2010-03-02,66398.65463303639,73417.07466168245,71776.57624065137,75633.13448422273,62867.21583820501,94721.17227275563,101623.71893587775,81115.39689531518,90359.05450295085
2010-03-03,66336.34945034738,73348.18374401898,71709.22468480763,75562.16412665408,62926.115340804135,94809.91534588342,101202.93803212875,81187.6927124752,90458.23965909424
2010-03-04,66615.82770143329,73657.20319237512,72011.33911931743,75880.51118152466,63492.18442848122,95662.80388018936,101288.54035573814,81433.507359658,90755.80269486683
2010-03-05,67358.10962706838,74477.94523685706,72813.7417511457,76726.02693808691,64656.07066963916,97416.41532432166,103229.93995223267,82597.43897499873,92124.57601126745
2010-03-08,67200.38039467021,74303.54382924865,72643.23732847063,76546.36130612502,64573.44101378287,97291.91835459191,103237.38239476673,82611.91735424801,92303.11231926255
2010-03-09,67162.84431522015,74262.04013971274,72602.66103542205,76503.60484726682,65016.143265831444,97958.93176886096,103800.70472909753,82749.2734942929,92818.88723895601
2010-03-10,67503.50329558465,74638.70719620382,72970.91149789498,76891.64142146494,65518.9479426084,98716.50068253941,104281.45312405299,83117.97329297024,93572.70047951979
2010-03-11,68250.49172621111,75464.65322908366,73778.40183543364,77742.51824636402,65463.043103651595,98632.26962806842,105216.78011310448,83464.99617161792,93929.77309550991
2010-03-12,67777.76504223332,74941.95874914312,73267.38692013083,77204.04647971193,65566.83884936999,98788.65725523284,105157.2681460604,83472.20210309728,93949.61466714401
2010-03-15,67689.37351650106,74844.22412966912,73171.83617259214,77103.3617867777,65149.7500114467,98160.23522089858,104099.07588457776,83493.91597662173,93711.56877893137
2010-03-16,68164.21525980128,75369.25723332196,73685.1374552551,77644.24276739745,66085.59581958958,99570.26127075536,105469.443472277,84159.03453821434,94306.68728313416
2010-03-17,68139.68692593137,75342.13622418397,73658.62246280836,77616.30312337138,66678.39083087014,100463.4173877758,106431.99792868244,84657.86237336036,94564.56717563854
2010-03-18,68602.18290486198,75853.51860088325,74158.57804287506,78143.12133627335,66252.25407229726,99821.36297543446,106627.21897171046,84614.48636120414,94881.9717830452
2010-03-19,68507.9339883284,75749.30745714591,74056.69548846851,78035.76462824104,65884.47145944752,99267.22995449202,106168.11149890108,84186.18796616832,94207.50212699074
2010-03-22,68518.31669260708,75760.78762612572,74067.91913402823,78047.59132071486,65864.19540780425,99236.68030544036,106543.1508518709,84636.25196962125,95060.50052369793
2010-03-23,68879.52811412439,76160.17954225339,74458.38667104111,78459.03869373532,66339.79288411155,99953.25650314774,107522.94058941698,85231.53581680525,95715.13617546063
2010-03-24,68763.83977588113,76032.2628033792,74333.32822104746,78327.26084834122,66406.78440320434,100054.19170659516,107290.97688758001,84817.76014521244,95258.8784033271
2010-03-25,69737.51285834983,77108.85433654723,75385.86340603768,79436.348789912,67210.4224296136,101265.02210411674,107657.04361995962,84679.81274925132,95120.01767125785
2010-03-26,69713.23075414104,77082.00558385048,75359.61458648466,79408.68962025963,67366.8848283042,101500.76185532067,107289.91745617281,84629.00908464714,95219.20282740126
2010-03-29,69784.99188838695,77161.35195886149,75437.18797335197,79490.4310282318,67784.26884058022,102129.6286248057,106943.81111466158,85166.18725666123,95675.46059953481
2010-03-30,69843.15148420807,77225.65909599085,75500.058172856,79556.67924600965,68188.8986979028,102739.27888386587,106950.63887318042,85224.25597833637,95992.85763959911
2010-03-31,69339.73362577069,76669.02934643968,74955.86626871678,78983.24788961574,68136.27644722369,102659.9936601527,107037.8585844884,84933.90497926169,95536.59986746557
2010-04-01,69438.14741939871,76777.84559993849,75062.25103209057,79095.34871047887,67370.26989970017,101505.8620959879,106858.99891111768,85514.65132160478,95536.59986746557
2010-04-05,69400.54717589542,76736.27096412945,75021.60537805741,79052.5191638677,67808.56377839495,102166.23347455804,107998.46526935227,86211.54249799711,96429.28140744093
2010-04-06,70104.633639971,77514.78023946042,75782.71892844533,79854.52737503187,67981.7330534916,102427.14524741263,107792.85281700206,86414.8015006075,96707.0028715794
2010-04-07,69838.96992106784,77221.03553644789,75495.53792636612,79551.91612649937,67513.97023910232,101722.37342741372,107457.97437096025,85921.17671752452,96468.95698336675
2010-04-08,70774.24258331214,78255.16767741533,76506.56247073955,80617.26305911245,67955.50876790987,102387.63347582871,107151.23311096258,86218.77799227227,96687.16886728766
2010-04-09,71108.64527365759,78624.917146284,76868.04991850957,80998.17324156362,68002.32346998643,102458.16854567661,107518.76647113966,86785.03117396818,97262.44579985637
2010-04-12,71272.70330300031,78806.31631251215,77045.39573547059,81185.04785619356,67436.95696934522,101606.33858962604,107029.02080347083,86922.94900713349,97341.79695170802
2010-04-13,71393.18400741558,78939.53197659801,77175.63470663322,81322.2845723613,68030.86332933058,102501.16916050478,107560.25530047608,86988.27539518067,97837.7302997674
2010-04-14,72046.84731120797,79662.28830115538,77882.2411012909,82066.85695618989,69727.52522828152,105057.50638454783,108514.64258721432,87975.53974274454,99008.13330388123
2010-04-15,72195.77163763485,79826.95411332657,78043.22746959826,82236.49312835131,70252.63106564856,105848.67615116642,108758.44630197698,88048.14596926059,99444.55707172304
2010-04-16,71521.49935638031,79081.41041686533,77314.34288496476,81468.44554652975,68550.76132442134,103284.4923425587,107232.94446225923,86647.1059501039,98254.31249597514
2010-04-19,71874.37062901654,79471.58062004604,77695.79476743873,81870.39285354094,68178.06151119246,102722.95064321365,106777.78637223781,86973.76745313556,98194.80291575755
2010-04-20,72560.29125001596,80230.00390018952,78437.27114252937,82651.70878321248,68453.5387247229,103138.00838439293,107612.3034241241,87750.51513171702,98690.73626381693
2010-04-21,72754.79093603746,80445.06244390902,78647.52422099398,82873.2587677913,66818.73929238907,100674.87849074508,106817.90202756283,87590.80951803773,99246.1791920939
2010-04-22,73000.42828422389,80716.66396401764,78913.05682774776,83153.05845187238,66468.98726403204,100147.91190428112,107397.54812786671,87852.12246092534,99801.62968771318
2010-04-23,72222.43816546902,79856.43932617898,78072.05383782425,82266.86833846747,67017.73253261822,100974.69887785065,107280.0698825255,88425.62591829435,100218.2118839209
2010-04-26,72707.07476959354,80392.30261957608,78595.94331054328,82818.90641300836,66775.83741777697,100610.23882439792,107456.81770504008,88091.69196749273,100000.0
2010-04-27,71333.76312143166,78873.83022937355,77111.40105948053,81254.59964883942,65391.90978795893,98525.09403646288,105545.69506408926,86008.30566748357,97877.40587569324
2010-04-28,71107.99320277665,78624.19615070337,76867.34503351514,80997.43048307094,65680.15095447811,98959.3830506325,105345.3401089482,86661.6434549448,97936.91545591081
2010-04-29,72502.17229739961,80165.741702302,78374.44487810353,82585.50686114632,66582.42204469179,100318.82253325262,107231.89960631567,87736.00718967193,99642.92738400986
2010-04-30,71773.2589795601,79359.78134401648,77586.49363692426,81755.21896901685,65018.72506084093,97962.82172400865,105834.30414079168,86247.81604845932,97679.03556340642
2010-05-03,72682.3188725812,80364.92999358966,78569.18232360564,82790.7075571978,65405.32905777139,98545.31266632794,106837.4710586145,87365.76273491335,99047.80887980707
2010-05-04,70580.56801336262,78041.02146555853,76297.20133815808,80396.6529447039,63366.68251348243,95473.71186533458,103872.90548787174,85311.37753759648,96072.20879145079
2010-05-05,69781.32066682685,77157.29268463571,75433.2194032708,79486.24922672525,63197.16851287946,95218.30744445039,103240.0637728232,84803.23742176945,95576.2754433914
2010-05-06,67754.38409360869,74916.10640529187,73242.11224475059,77177.4137950368,61271.25883156604,92316.5657294213,99684.59136582515,81986.61987861515,92382.4634711142
2010-05-07,66405.75232237413,73424.9225855736,71784.24880333652,75641.21929400049,60507.38901138946,91165.65354305827,98332.23648977476,80767.05847225383,90081.33303881237
2010-05-10,68787.27255425132,76058.17245544434,74358.65892409428,78353.95257105166,62009.668339770724,93429.1172127652,101057.03317802452,84324.15753422631,94762.9450552677
2010-05-11,69108.51219220628,76413.36752098256,74705.91718546455,78719.86903236235,61961.592910098574,93356.682621932,100664.7126290267,84084.57324626103,94663.7598991243
2010-05-12,69657.75115770908,77020.66172536486,75299.64145140976,79345.4941262958,62821.96087682754,94652.98724283699,101643.1000068669,85260.53691949754,96449.11541173267
2010-05-13,68799.94694211174,76072.1865417987,74372.35986685577,78368.38966600261,61933.25143562469,93313.98091086828,100190.7174881597,84200.73286170818,94921.63979162867
2010-05-14,67735.95128503557,74895.72522602376,73222.18648123641,77156.41741947111,59938.113154545565,90307.93341360947,98638.82820620894,82676.23860723755,93096.60870309449
2010-05-17,68073.60839260454,75269.07310804703,73587.19193591867,77541.03463148329,60193.76630452813,90690.11663739056,98766.83825353792,82719.7846054697,93394.17173886705
2010-05-18,67095.6367943558,74187.72870065736,72530.0100792856,76427.05035242088,58794.87624662476,88652.58777063327,97465.5653252108,81594.59503404154,92104.74200697572
2010-05-19,66422.17710273401,73443.08348555943,71802.00389952413,75659.92837219944,58931.293752020756,88849.49235167816,97033.89401443936,81130.03047924247,91370.7627707037
2010-05-20,64025.56978506001,70793.15180623799,69211.28472295903,72930.00975313569,57175.72508083642,86350.51760545127,94326.37022151302,78066.57837244983,87978.57291879733
2010-05-21,64567.97048065369,71392.88492711264,69797.61685717807,73547.84553581677,57785.3544704574,87223.75022864756,94665.49651696788,79206.3350115147,88950.60561062436
2010-05-24,63785.89453900082,70456.74970490832,68952.19711543384,72583.45351280757,57279.35912295409,86437.75667181726,93961.14736957898,78190.03260776377,88593.53299463422
2010-05-25,64119.89014369828,70386.29295520342,69313.24450588325,72510.87005929476,57690.411943683226,86358.35057419614,93773.57754625572,78269.84476575918,88672.88414648589
2010-05-26,63579.12965205904,69722.29793494349,68728.68542301346,71826.83266205993,57918.310269922775,86592.41252207883,92850.44063366202,77797.99298179227,87681.01745036713
2010-05-27,65799.11409379773,69701.38124556301,71128.47625335715,71805.28461226131,60325.63341306897,86566.4347983222,96181.33019702476,80404.08646526518,90993.84858307947
2010-05-28,65087.612845247066,69475.27203209596,70358.20217159957,71572.35039867298,59813.9491363856,86346.15687796517,95245.75406520136,79395.06389998314,90458.23965909424
2010-06-01,64360.624120548935,69242.47317588615,69584.6636881444,71332.52461862621,59400.85815764665,86167.25804765854,93789.67546477723,78059.35026887362,89625.07526667882
2010-06-02,66382.77707982717,69895.13405644924,71725.32729624746,72004.88576049534,61428.8718388531,87049.81286393203,96353.608332537,80091.95507637547,91747.66939098558
2010-06-03,67154.51265360249,70138.90464164317,72539.31585386302,72256.0144459984,62021.90182807832,87301.924687116,96690.27896929061,80367.7759613082,92620.50935932684
2010-06-04,64747.36095169654,69384.66649588144,70112.54284690894,71479.00997701893,59925.03112332314,86416.45918404617,93493.37161660957,77543.92292387875,89446.53895868376
2010-06-07,64129.17954398708,69185.92954269562,69488.36522347522,71274.27424249731,59518.16628923348,86240.4401599283,92539.96879026752,76578.4537475278,87819.87818243637
2010-06-08,64011.22358163388,69147.75241509845,69375.89413030821,71234.94475628332,59704.74143952966,86321.54307734476,92599.78056362628,77398.73264294349,87661.17587873302
2010-06-09,63649.19657185837,69030.42914284006,69030.1254975672,71114.08013630577,59454.970488719635,86213.20688810766,91763.19365080431,76984.98653414649,86927.19664246101
2010-06-10,65495.85281322603,69631.26377871956,70797.12503596178,71733.05068270332,61322.52771096262,87025.62725861558,94302.3041153402,79235.36567700279,89406.86338275792
2010-06-11,65839.13967184785,69740.75238041452,71122.18534174075,71845.84414627627,61951.22282275643,87293.29032715134,94941.7069488818,79620.0959017096,90259.86934680743
2010-06-14,65853.36025696866,69745.27136855997,71135.2076011211,71850.49953795066,61637.07410819008,87160.4935539948,94998.55127039413,79496.65644779358,90240.0353425157
2010-06-15,67704.02319207988,70333.28231341108,72837.67071869627,72456.25931624552,62802.274600081844,87654.80376306336,97268.37207953412,81304.24403496686,92660.18493525268
2010-06-16,67618.16872565149,70306.52573614812,72756.98056178167,72428.695104299,63784.27429563984,88065.98468520823,97960.7643506993,81275.20597877982,93037.09912287691
2010-06-17,67745.85075516299,70346.3532561612,72870.71035734066,72469.7247992467,64298.279073709586,88278.88827663488,98215.19890243186,81405.85875487415,93334.65459130713
2010-06-18,68275.11398823577,70511.22713970186,73341.92004501385,72639.57532331391,64610.84721865384,88407.63123248323,98901.92309493198,81494.13326317095,93235.46943516373
2010-06-21,67719.78118381648,70339.17090182893,72847.51492306085,72462.3256489315,64389.031363234855,88316.5774147812,98620.12173506255,81260.74238092844,92441.97305133176
2010-06-22,66834.34152769938,70063.2644080122,72059.73324619171,72178.0910475384,63596.602943679296,87990.50681993151,98197.85077466158,79918.67274871918,91727.83538669384
2010-06-23,66220.2128350385,69870.12480347246,71509.08400559482,71979.12161499565,63422.586219382996,87918.2773970194,97629.21200621033,79670.68523604413,91350.9211990696
2010-06-24,65460.30983410198,69629.58865035152,70830.89834597538,71731.32499137441,62278.00381565822,87442.28113477457,95361.88143808045,78350.51424483315,89962.30631103486
2010-06-25,65514.3788222738,69646.84247063447,70878.88625381024,71749.09961009682,62366.84647716706,87479.70336015969,95166.77815695525,78678.69823184916,89803.6115746739
2010-06-28,65214.37398239448,69551.16397898525,70612.36174506186,71650.53310823742,62810.52949998445,87666.40476361872,95162.66822069586,78430.72550057204,89486.21453460958
2010-06-29,62675.33647144865,68738.7985287537,68352.4615450859,70813.64678947802,60673.65273226943,86771.65524404084,92453.50854336412,76009.14081646528,86034.51510248565
2010-06-30,62064.30834148314,68537.75610017304,67802.1862651696,70606.53598987256,60206.271719145996,86571.12953488015,91104.81687412984,75287.09170083632,84725.25136630257
2010-07-01,62129.01492296165,68559.1927874638,67857.3790561945,70628.61973347349,59694.952711844686,86350.56050070435,90549.49769634794,74951.57614045874,84487.20547808993
2010-07-02,61831.81265946478,68460.80422953214,67602.6667376315,70527.2613632572,59609.56460894675,86313.50555613848,90996.2581350426,74543.10699071431,84249.1595898773
2010-07-06,62499.693916048505,68682.64968087306,68175.14634223178,70755.80311506768,60038.1154620521,86499.66557936593,91205.47723200962,75031.79478689657,84507.03948238166
2010-07-07,64408.90536888843,69312.07533002064,69821.18678810887,71404.22768100377,61682.94664112597,87210.600686986,92919.81842706111,77394.97077717634,87204.91810659949
2010-07-08,65000.536359745296,69503.07611587929,70324.37090029218,71600.99373563084,61883.90100443394,87295.83664776162,93929.27515021291,78160.84673759766,87681.01745036713
2010-07-09,65289.15519716078,69595.65949202719,70562.08987228984,71696.37169738517,62136.83385385417,87402.87572099778,94894.19090271665,78744.34981065028,88514.18184278256
2010-07-12,65142.72524594021,69548.83292951244,70441.78117960574,71648.13169713411,62003.00523978919,87346.40194370227,95017.93089667219,78795.41214971781,88772.0693026293
2010-07-13,65663.16371508503,69715.52485714052,70870.16001512503,71819.8551420933,62575.29084703177,87588.26323002292,96565.7737779734,79984.28737402553,89922.63830245139
2010-07-14,65823.00608582953,69766.43693999058,71001.49254407694,71872.30398218689,62843.82033097415,87701.02354231007,97010.95248801754,79977.0149262556,90378.89607458493
2010-07-15,66378.15771820278,69942.96010562175,71457.10172129869,72054.15541643821,63809.32068546937,88105.24166052953,97391.3213979373,79998.8766137591,90458.23965909424
2010-07-16,65048.52292475073,69522.64747639089,70367.08241527088,71621.15584844224,62286.07159788431,87474.2700679981,94771.6313302723,77796.15269775293,87958.73891450561
2010-07-19,65333.22639832048,69613.9332043598,70601.24402865155,71715.19699311844,62355.59947447978,87503.5634562238,95310.08225167933,78255.65462376906,88712.55972241172
2010-07-20,65617.05066733962,69704.6594310954,70832.63493941515,71808.66174828011,62246.97448883658,87457.83344927526,96158.48033250663,79123.62569952964,89783.7700030398
2010-07-21,64575.800316548426,69372.82494442041,69984.79103928688,71466.8109939039,61507.112485434605,87145.97863994354,94843.93909977998,78095.19515879655,88553.85741870839
2010-07-22,65744.27503057494,69749.40746321595,70941.0696463197,71854.76047867593,63083.59767919556,87816.06868060776,96701.56510703459,79838.4319301845,90795.47827079265
2010-07-23,65467.22982338822,69661.2306339811,70716.04300381846,71763.92207337792,62928.89434018516,87751.46184360041,96344.74259616292,80531.35430123897,91370.7627707037
2010-07-26,65645.34636164,69718.08877789992,70860.40791224758,71822.49645359332,63039.651656115995,87797.79564535257,97473.50124908784,81370.11733473657,92124.57601126745
2010-07-27,65334.88316650258,69619.17132921306,70608.28009716005,71720.59322830349,62429.42497540316,87542.829654886,96876.28552528562,81362.8670590635,92084.90043534164
2010-07-28,66006.49736182233,69833.86777373844,71159.80987209413,71941.77018389456,62702.5240123664,87657.71712572785,96577.19930184813,80837.68399145042,91350.9211990696
2010-07-29,65622.26039844837,69711.91271916124,70844.26840354966,71816.13397343025,62412.21834298562,87535.96349947085,95628.59324290848,80443.8632070312,90676.45154301515
2010-07-30,66005.2503157692,69833.97020175848,71158.43032589983,71941.87570365614,62715.4016955507,87663.53201532428,95877.22468889783,80429.214841706,90874.82942264432
2010-08-02,67116.4318229989,70186.66130993576,72094.15712552489,72305.21262683219,63785.554595805195,88112.28964341777,97111.69455134023,82245.38303036394,92580.83378340102
2010-08-03,67528.8066657012,70316.03296735855,72439.91136496495,72438.48930680609,63704.67429505765,88078.77163829384,96849.95513471976,81851.517901751,92184.0931588274
2010-08-04,68198.21395839912,70525.14401604755,73011.14569550405,72653.91227401792,64532.24703640368,88422.03494497751,97654.26393564041,82398.57004756652,93116.44270738622
2010-08-05,68686.47126130223,70627.25142288888,73430.21233467569,72770.59388838903,65105.66423021478,88612.58398093093,98473.7691042079,82311.08634405772,92898.23839080767
2010-08-06,68561.15086793686,70498.3900216828,73317.35972869878,72658.75502945503,65025.18092036912,88523.6197853209,97879.10814111146,81975.53383018538,92759.3700913961
2010-08-09,68707.87778957598,70649.2628063057,73449.15626763913,72789.36764933159,65393.12473725028,88928.42527307362,98761.72001478638,82413.13711520325,93394.17173886705
2010-08-10,68693.00499907508,70633.96977559998,73435.41004962083,72775.74491262545,64812.76897448277,88285.68450798106,98177.12462428382,81968.21703822173,92580.83378340102
2010-08-11,66725.80886144115,68611.18925333016,71652.42122768376,71008.77255419953,62055.303051739014,85204.3569332601,94862.48830941127,79721.69584021899,90061.49903452063
2010-08-12,66727.98936727892,68613.43137075452,71652.59452472148,71008.94429452211,62061.37230947868,85206.6721072778,94385.51817279214,79233.03760683254,89347.35380254034
2010-08-13,66484.81426565019,68363.3852011503,71435.3865220795,70793.68745613076,61602.30428049646,84704.16332852183,93795.78691671851,78999.62455249317,88712.55972241172
2010-08-16,66501.27859083944,68311.95135117344,71449.98419955366,70749.13951451879,61555.439686022066,84583.18936774333,93812.31443461191,78963.15145315921,88871.2544587727
2010-08-17,67287.69967315471,68311.95135117344,72155.77744551613,70749.13951451879,62102.49324772639,84583.18936774333,94647.96687109323,79933.225034958,90001.98188696071
2010-08-18,67378.10132883037,68311.95135117344,72241.3718416361,70749.13951451879,62577.276880400204,84583.18936774333,94919.88327049711,80079.11004159485,90359.05450295085
2010-08-19,66259.73214880684,68311.95135117344,71182.89815197141,70749.13951451879,61458.77198468898,84583.18936774333,93706.12618682686,78686.00763311387,88990.2811865502
2010-08-20,66159.8280980096,68311.95135117344,71086.78014140451,70749.13951451879,61253.96047669925,84583.18936774333,93316.57220726597,78430.72550057204,89109.30034698534
2010-08-23,65711.5981712552,68311.95135117344,70663.6484538923,70749.13951451879,60764.01465405745,84583.18936774333,92804.91176692779,78131.6534767326,88236.46037864409
2010-08-24,64825.040079569786,68311.95135117344,69820.5544716974,70749.13951451879,59733.19143165028,84583.18936774333,91536.56850672168,76971.95673189203,86589.96559810496
2010-08-25,65080.60786489157,68291.4577657681,70075.1930278451,70727.91477266443,59810.29946509998,84557.814410933,92247.98503512493,77270.98441153776,87423.12999052039
2010-08-26,64626.568716101545,68148.52580936426,69623.6061256869,70579.88338540815,59820.52610864677,84562.15183760438,91769.21653221331,76753.14769868414,86371.75371418406
2010-08-27,65605.82558464145,68458.3128519327,70599.45412133365,70900.72280312284,60303.822165098056,84767.1076805232,92891.98400663864,77942.03031369082,87423.12999052039
2010-08-30,64899.273539161935,68237.13114797013,69860.9856392404,70671.64992609048,59933.10270005651,84610.77521758374,91620.18176771353,76811.50465761847,86510.6144462533
2010-08-31,65204.23306637786,68333.3243506917,70175.76914544072,70771.27504563528,60087.7202244942,84676.2597729406,91620.02115830503,76811.50465761847,86213.05141048072
2010-09-01,67286.45488124563,68987.96806914754,72416.75121850659,71449.27470533228,61650.27005124544,85336.84836513794,93634.64976777439,79109.04385049501,88791.90330692104
2010-09-02,67846.54683127333,69160.24466909247,73018.0402812702,71627.69767471774,62224.71905322817,85575.3955799431,94631.22306635913,79845.73394075023,89783.7700030398
2010-09-03,68696.78832140469,69420.25602810031,73914.01115487576,71896.98554528726,62806.9185824092,85815.59893854808,95652.33501297738,80881.43692925326,91271.57004721795
2010-09-07,68343.03562260294,69313.01257383625,73539.90756873999,71785.91593070778,62323.86109370147,85617.5927221112,94755.87403422596,79969.7055249909,90656.61753872341
2010-09-08,68986.91038950563,69508.9165137523,74232.74320901417,71988.80920051518,62643.93866178736,85749.50498035204,95374.75883512259,80531.35430123897,91747.66939098558
2010-09-09,69760.42394625639,69742.7264739384,75065.07550078911,72230.96087626008,63011.14163283843,85900.29757258482,96051.19791544057,80903.3429609505,92104.74200697572
2010-09-10,70212.28691639892,69878.25097514254,75551.29857758537,72371.32053007874,62713.30784581477,85778.4904908393,96223.79324285402,81311.78993859806,92441.97305133176
2010-09-13,70720.13782726912,70029.88141605096,76097.7669734338,72528.36074055861,63215.45523343987,85984.53979549547,97658.60977266062,82216.2488950905,93731.40278322311
2010-09-14,71185.38187614616,70168.09234114259,76598.38863941096,72671.50266270149,64281.80889843562,86419.67039198636,98113.57896141244,82165.1496025282,94128.15097513908
2010-09-15,71476.17209713864,70254.08272796388,76911.29083608494,72760.56095709644,64013.291472170305,86311.37293799428,97686.57139725739,82478.81825680016,94723.26947934188
2010-09-16,72638.41575792334,70547.61640551755,78161.91265303848,73064.5671330977,65134.72097159916,86704.57383103592,98324.95040816645,82456.90483440399,95100.17609962374
2010-09-17,72302.04093554543,70220.92368115147,77799.95955685581,72726.21888396433,65402.80943294787,87060.86244699484,98214.27924170338,82487.7166583398,95199.36882310951
2010-09-20,73678.31713993975,71557.58562129107,79280.88916348192,74110.56935582447,66596.92577505409,88639.77787867894,100096.56916574604,83748.99116959287,96865.70517528272
2010-09-21,73594.30935611598,71475.99588882735,79190.49334478327,74026.06871939333,66311.87104581748,88262.68353273507,100464.01709137426,83580.33541948129,96845.86360364864
2010-09-22,74115.31553311575,71982.00560195734,79751.11734619408,74550.13150901996,66464.70521721226,88465.20344449954,100305.91400511746,83169.69340424461,96587.97614380189
2010-09-23,74236.07285927297,72099.28709047833,79881.05717873077,74671.59728813652,66500.30184917613,88512.16684597162,100138.01592333149,82495.04823170135,96548.30056787607
2010-09-24,75711.36656804522,73532.11644896536,81468.533678589,76155.54617524959,67844.2681665087,90294.4542425216,102122.94113278679,84196.28366093837,98512.19995582185
2010-09-27,75120.53576641812,72958.29191935745,80832.7755191131,75561.24911742758,67834.83337460484,90281.89740597707,101651.6436751564,83792.96582836431,97976.59103183664
2010-09-28,75715.95712667725,73536.57487452544,81473.47330783452,76160.16366553828,68448.10876794584,91098.11030706085,101978.46269086961,84086.28788841817,97936.91545591081
2010-09-29,75790.9594229763,73609.41833034187,81554.17885284034,76235.60598150702,68389.75042676108,91020.44074542825,101563.22657634286,83939.64163978914,97778.22071954983
2010-09-30,75012.6228300834,72853.48511212881,80716.65677649024,75452.7030829486,68174.60887281592,90734.10720947369,101300.24530980796,83690.30162920567,97341.79695170802
2010-10-01,74862.84773580177,72708.02109301124,80555.49263607374,75302.04929573667,68160.84426155765,90715.78778330823,101414.65146156152,84042.29844824884,97222.77022393052
2010-10-04,74535.15584302321,72389.76137176424,80202.8827280352,74972.43491677384,67691.76923434147,90091.49224993568,100476.7536133877,83411.68706006864,96171.39394759419
2010-10-05,76261.07185156018,74065.99920332964,82060.03909492682,76708.47644185464,69191.71078389985,92087.77590474139,101862.44658236837,85090.89081572622,98512.19995582185
2010-10-06,75939.26679393774,73753.45687258606,81713.76366280539,76384.78343463401,68772.67966459977,91530.08419031426,101807.68736230538,85083.58880516047,97659.19399177234
2010-10-07,75677.29812263057,73499.02861804879,81431.87463492816,76121.27785880648,68948.93826599423,91764.66810799176,101805.11507069974,84980.90982460392,98016.26660776247
2010-10-08,75648.98243757684,73471.52796200354,81401.40579720933,76092.79605272714,69494.52210312562,92490.78980034185,102190.208269976,85457.54339079354,98690.73626381693
2010-10-11,75439.55283206589,73268.12650673525,81176.05095759581,75882.13777622358,69761.9391826149,92846.69723217312,102178.98251658761,85538.20547916857,98730.41183974275
2010-10-12,76182.41541419025,73989.606785991,81975.4015443531,76629.35854688543,70004.57546004487,93169.623705434,103090.29478871005,85802.19385507725,99404.8814957972
2010-10-13,76042.9109032105,73854.11772521306,81825.28897253926,76489.03559791282,70344.84022171937,93622.48467340783,103821.54323416964,86469.45571936628,100218.2118839209
2010-10-14,75798.32192144378,73616.56890916785,81562.10120296486,76243.01167390728,70814.56016255863,94247.63852724287,103816.71718823352,86132.15160984204,100019.83400429174
2010-10-15,77420.7637915389,75192.31096655483,83307.91515570342,77874.97200371641,71575.52252105752,95260.40913729831,104916.54334408687,86308.14632401415,102142.43569594086
2010-10-18,76979.96609168914,74764.20103716057,82833.5987632846,77431.58825426735,71499.93771728936,95159.81274515323,104898.8469310543,86733.46626737183,101765.52150831663
2010-10-19,74842.68695450595,72688.44061275912,80533.79880905098,75281.77023619118,70397.32451777569,93692.33642355244,103234.8578536221,85596.88762885683,100813.3303881237
2010-10-20,76490.98599562977,74289.29557719441,82307.43613764807,76939.73943456919,71201.40238516917,94762.48979342291,104411.41406101915,86432.80524325745,101547.3096243957
2010-10-21,77331.04591188859,75105.1754957128,83211.37503985049,77784.727771758,71037.35326909022,94544.15557292601,104572.09117985549,86623.44093205582,101745.68750402489
2010-10-22,77750.66496084773,75512.71637327095,83662.90233584218,78206.80862048105,71859.9549371524,95638.96241046708,105453.02714668421,86784.79467160167,102439.99116437108
2010-10-25,78189.35907804189,75938.78326881437,84134.95518710211,78648.07644608244,72389.44114330712,96343.65964290453,105755.78877402187,87041.45886484775,102935.92451243046
2010-10-26,77989.21191355595,75744.39707195867,83919.58863449944,78446.75506835832,72738.20501867327,96807.83214614981,106754.30019344302,87056.11462087191,103213.64597656895
2010-10-27,77625.22831936226,75390.89025723608,83527.92736821689,78080.6360736663,73055.81758092574,97230.54512904721,107387.13162336263,86806.78200098738,103531.04301663322
2010-10-28,77984.70626167904,75740.02110922664,83914.74036840259,78442.22298295138,72742.35663237725,96813.35756051065,107988.07530775189,86821.47471050631,103749.25490055415
2010-10-29,77522.0010629007,75290.63425887133,83416.85060919382,77976.80320876963,73186.91483979089,97405.02347131287,107939.32660566158,86887.44408936241,103511.2090123415
2010-11-01,77486.48142151049,75256.13700270855,83378.63001918176,77941.07518254797,72621.97996269313,96653.14733219802,107139.41053961098,86916.76299210968,103590.56016419317
2010-11-02,78111.50493078971,75863.17004874868,84051.18093357928,78569.76554806595,73586.75015482839,97937.16734335806,108577.09044647962,87606.07870207498,104701.4460207471
2010-11-03,78614.21567504382,76351.41093862109,84592.11829946403,79075.42557022958,74326.37179916652,98921.53543407962,109145.01055041657,87958.01639552655,105177.54536451472
2010-11-04,79671.29787940445,77378.06644981592,85729.58207895601,80138.70941087815,75349.79621009124,100283.6187926343,110951.66643684723,89651.94981419781,106466.96752906371
2010-11-05,79582.70613228856,77292.02469729402,85634.25372786795,80049.59791819142,75653.45592631368,100687.76182627202,111389.81560005415,89989.28348651787,106466.96752906371
2010-11-08,79750.5956934671,77455.0817826796,85814.90977713981,80218.47244533633,75752.24579259416,100819.24201319944,110885.67009061854,89820.60556430942,106605.83582847529
2010-11-09,79020.4972871254,76745.99827952989,85029.29396670169,79484.09073467653,75181.68459259698,100059.87775800163,110292.36182518073,89175.30885730924,106030.55132856424
2010-11-10,79201.58150712721,76921.87023318528,85224.148009689,79666.23733040021,75692.34803385244,100739.52362899254,110428.59064304137,89534.62985901501,106566.16025254945
2010-11-11,78586.35278429792,76324.35004380695,84562.13668697955,79047.39921488876,75404.30038988293,100356.15882145659,109931.017098039,89197.29618669493,105891.690596495
2010-11-12,77022.31203555432,74805.32810983909,82879.16473455566,77474.18263116926,74545.83600533313,99213.62202086313,109557.94949038787,88141.37224585602,104165.83709676187
2010-11-15,75985.20672971425,73798.07448894012,81763.1969166833,76430.9928884968,73570.55802448856,97915.61711352182,108902.61229012135,88016.73549870958,103769.09647218823
2010-11-16,74855.13352465993,72700.52892508841,80547.19182869568,75294.28982725197,72302.41183535285,96227.83167280174,107184.50190423142,86645.4652149363,102063.08454408919
2010-11-17,74863.70951577587,72708.85806780486,80556.41994664847,75302.91613155784,72123.01053078457,95989.06510748729,107287.05863241215,86689.46943650354,102360.64001251939
2010-11-18,76192.19206790031,73999.10203183947,81985.92162446982,76639.19255777184,73199.07860660188,97421.2123213869,108607.85420706627,87965.39231308184,104007.14236040089
2010-11-19,76513.96951914829,74311.61755082106,82332.1673510008,76962.85779665834,73192.4600886995,97412.40368540277,109052.42258174223,88207.38596890586,104086.49351225255
2010-11-22,77693.95604485158,75457.63974734611,83601.88121784988,78149.76700749138,73533.70769967088,97866.5727350062,109863.75279001705,88134.04806319342,104959.33348059382
2010-11-23,76714.85325434539,74506.71911718811,82548.32648387918,77164.92006636932,72271.20125915653,96186.29327876488,107978.67302221873,86858.13257731409,103292.9971284206
2010-11-24,78547.97370759476,76287.07565734074,84520.83922736844,79008.79497776403,73942.89542389283,98411.16379980597,109447.87383997696,88141.37224585602,105375.91567680154
2010-11-26,78634.17478075363,76370.79554824837,84613.59511529002,79095.50177100896,73385.85534610621,97669.79490934186,108964.48227028675,87114.75242636645,104681.61201645534
2010-11-29,78536.66890083035,76276.09624427353,84508.67479192944,78997.4238485324,73626.08246359852,97989.5150132567,108828.51737643626,87378.7777557699,104602.26086460367
2010-11-30,76891.37125491495,74678.15628391202,82738.26708759759,77342.47365379607,72890.92283282074,97011.08545043356,107956.9152023518,86887.44408936241,103332.67270434643
2010-12-01,78345.38958587038,76090.3226477915,84302.85040889143,78805.0223457843,74156.7607765293,98695.79882969975,109798.78098116783,88735.34054862637,105514.77640887075
2010-12-02,79821.33587850645,77523.78580639127,85891.02911573517,80289.62764530712,75159.57265787537,100030.44881533786,110588.92755558534,89871.94135923822,106585.9942568412
2010-12-03,78868.71770520254,76598.58746925878,84865.97291542348,79331.4206999969,75128.72316025133,99989.3909835284,110094.85199335455,90113.90545226642,106863.71572097967
2010-12-06,79439.96667979033,77153.39380844947,85480.66022638674,79906.02104910942,74962.3434580201,99767.95496813604,109886.81236423281,90018.59499856619,106824.04014505383
2010-12-07,78274.59719988343,76021.56792566647,84226.67489993687,78733.81463861604,73590.75183110288,97942.49320484974,109275.10475117817,90069.9455748929,106883.55729261377
2010-12-08,78644.9925182065,76381.30191164078,84625.23544418588,79106.38297341553,74274.69272196689,98852.75535585626,109345.82846687752,90399.94028315245,107280.30548452974
2010-12-09,79378.26062514508,77093.4638798079,85414.26198238568,79843.95298051096,74542.80292938408,99209.58527693627,109675.41504888397,90751.87797660397,107379.49064067315
2010-12-10,79475.60893250653,77188.0101467357,85519.01275121115,79941.87240598699,74676.18192865443,99387.10040491985,110677.56747125319,91279.86950981928,108093.63587265344
2010-12-13,80003.21558959379,77700.4303539885,86086.73913973606,80472.5743990631,75084.67427529515,99930.76598639016,110607.78898134062,91338.52948741068,107716.7216850292
2010-12-14,80034.11383755995,77730.43923733728,86119.98692100254,80503.65391930404,74938.27316331315,99735.91962922303,110876.06275890123,91419.19896648465,107915.09956465836
2010-12-15,79916.3721153739,77616.08655267261,85993.29200194214,80385.22143595116,74521.41553541867,99181.12063109419,110183.08915872814,91001.21798718748,107439.00022089072
2010-12-16,80701.49880113863,78378.61442004317,86838.12049653412,81174.95426315404,75303.36483766683,100221.82292474312,110545.02145450788,91529.15039481112,108272.1721806485
2010-12-17,80958.68837997952,78628.4011418796,87114.86702503257,81433.65270877788,75344.18939733919,100276.15664275538,110798.99284353582,91627.21018852196,108153.145452871
2010-12-20,81555.71138039595,79208.23963614157,87757.28824421113,82034.17829346716,75827.23948980687,100919.05169711904,110526.9555776659,91848.34729190008,108232.49660472268
2010-12-21,81798.90175415276,79444.4301012322,88018.97105424083,82278.79540418023,76580.52164303351,101921.6006633677,111104.12757263727,92430.6826345181,108887.12468914303
2010-12-22,82045.2828840631,79683.7194808409,88284.0872486742,82526.62199041327,77041.21708961474,102534.74374892615,111722.04881998777,92718.21777729162,108867.2906848513
2010-12-23,81697.42184237222,79345.87115257591,87909.77450971457,82176.72013519777,76615.6837303747,101968.39815374241,112029.46950838379,92585.50299618935,108589.56922071282
2010-12-27,82050.454654331,79688.74238863961,88289.65228546257,82531.82410216078,76978.85381991374,102451.7439973685,111954.2828436206,92622.34563047095,108649.0788009304
2010-12-28,81521.4099836607,79174.92555909566,87720.37853538113,81999.67565903645,76513.85421007866,101832.87246808916,111793.48198055357,92755.06041157323,108450.70092130124
2010-12-29,82260.68664472447,79892.92313321799,88515.87052409776,82743.28947093782,77153.35257296346,102683.98571945405,112155.44802234453,92821.39193467805,108688.75437685622
2010-12-30,82149.95066518073,79785.37454029196,88396.71407127133,82631.90383116304,77151.54665349983,102681.5822074584,112006.7164566086,92673.94749056206,108430.86691700948
2010-12-31,81347.4837353478,79006.00554451659,87533.22676332147,81824.72902902713,76949.94916728424,102413.27457460391,111592.64693326928,92696.08263392682,108034.11872509352
2011-01-03,81975.27264899424,79615.72439646904,88208.75336616626,82456.20102284648,78370.19903360293,104303.49596003506,112770.35953127439,93654.38283229321,109720.29664890081
2011-01-04,82195.63026155319,79829.73931076251,88445.8671892797,82677.85141827578,78417.44844707444,104366.38056499856,114058.36244280571,93602.76619080418,109640.94549704915
2011-01-05,83336.94759289022,80938.20535380601,89673.97141802085,83825.86457227339,80722.44969445464,107434.12431528447,114652.24313941035,94089.28851219316,110573.30261295034
2011-01-06,84037.63439031625,81618.72382174672,90427.93913174508,84530.66212348134,83444.2304147855,111056.56304668807,116297.83258685417,93905.00143379558,110930.36766159814
2011-01-07,83555.34277749574,81150.31432600206,89908.97358822057,84045.54102667644,83657.74871773762,111340.73618550849,115705.03799548799,93720.6995740001,110831.18250545472
2011-01-10,84783.29055837501,82342.91727731336,91230.29573147104,85280.69286934593,84258.8630439665,112140.76382956805,116182.25525965058,93602.76619080418,111247.7722690048
2011-01-11,84921.58478929529,82477.23089431976,91379.10599233402,85419.79843784937,83992.11014104701,111785.74035540206,116815.85238469976,93934.47554122089,111406.46700536578
2011-01-12,86828.80731208004,84329.55657534488,93431.35559993298,87338.21015704442,86569.03238499473,115215.38583512936,118418.62313017521,94782.18871115078,112199.96338919773
2011-01-13,87644.3544684676,85121.62930090076,94308.91776778693,88158.54192414503,86303.9169478741,114862.54167669103,119752.04657701236,94627.39052157638,112239.63896512355
2011-01-14,88443.6770141018,85897.94441935836,95169.02158945722,88962.55389476843,86828.67916990873,115560.95172261295,121596.61750177231,95312.96653787141,113072.80335753899
2011-01-18,88150.46738099906,85613.17443220073,94853.51600618594,88667.62407425443,88558.2782465291,117862.8883327701,123963.72114211674,95475.11108220526,113390.2003976033
2011-01-19,86641.03142824085,84147.18556841873,93229.30105237929,87149.33263916922,87053.32937148253,115859.94039025977,121630.77761911294,94538.94602720367,112100.77066571197
2011-01-20,86061.40663126107,83584.24449364735,92605.60101321472,86566.30732881452,86377.34370909135,114960.26591353645,120391.40204333898,94413.64411715142,111307.28184922237
2011-01-21,85505.02061914765,83043.87330649502,92006.90685907578,86006.65713945114,85345.85567288527,113587.45061455891,120487.97664997767,94627.39052157638,110454.27588517284
2011-01-24,86274.41363677681,83791.12037826041,92834.80528186356,86780.56399303184,86638.09924789851,115307.3074500377,121570.32503228274,95165.5294844544,111981.75150527683
2011-01-25,85178.63254646362,82726.87987663022,91655.69991489983,85678.35422976848,86470.31351123887,115084.00013269471,121397.45119989372,95217.12395384655,112140.44624163782
2011-01-26,86527.03170606763,84036.46717531646,93106.6326787095,87034.66410920516,86940.46538076385,115709.72884371376,122276.50026438445,95585.6981106417,112735.57231318294
2011-01-27,88194.59832189545,85656.03512316554,94901.00270742587,88712.01392031765,88092.4604441202,117242.92786475041,123952.76215263929,95821.56487703354,113429.87597352914
2011-01-28,85735.73011228979,83267.94213637624,92255.15972999878,86238.72014735185,85198.81993427547,113391.75962796983,120713.61918181911,94148.23672704372,110553.46104131624
2011-01-31,86305.70629696522,83821.51232120473,92868.47746684733,86812.04023941269,85114.41332517522,113279.42222778646,121043.04899128962,94855.88137041294,111089.06996530146
2011-02-01,86580.08518191481,84087.99357803317,93163.72039327266,87088.02883649491,86089.29171233828,114576.89531284764,122125.33272062997,96374.44089362418,113171.9885136824
2011-02-02,88434.90493166231,85889.42482954406,95159.58246920293,88953.73034872039,87895.75585435078,116981.13222511527,122857.67795941443,96190.18337802243,112993.45220568732
2011-02-03,89923.24748549315,87334.92743958981,96761.1000611892,90450.80463519473,88946.17597507479,118379.02180362162,123953.72437609204,96403.94456384527,113191.83008531648
2011-02-04,89021.10848107142,86458.75529618155,95790.36151563082,89543.37300739567,88617.82732233661,117941.95098392804,124017.77471181404,96676.66135521767,113826.62416544512
2011-02-07,87237.89374390578,84726.8680030242,93871.54936817908,87749.69659640983,87179.2432864488,116037.46680847924,124033.21694962546,97281.10227840464,114362.23308943032
2011-02-08,87350.62266683762,84836.35217513646,93992.85030977771,87863.08687167194,88204.64645343105,117397.4090661562,124578.53351086202,97723.41343865568,115116.0463299941
2011-02-09,87252.55557734548,84741.10781525735,93887.32610191824,87764.44444715067,89169.38169020691,118656.03065363328,125032.0408761912,97502.26894457861,114917.67601770727
2011-02-10,87115.93407171343,84608.41877638575,93740.31576202693,87627.02141739537,88644.44796529884,117971.89900894955,124805.91254713014,97539.13375095709,115096.21232570235
2011-02-11,87808.26020803749,85280.8172336384,94485.28706171933,88323.40925759866,89265.56170267567,118785.17793397662,125357.31882600891,98121.46170287617,115929.37671811777
2011-02-14,88063.10802671261,85528.32959973393,94759.51376029555,88579.7522045369,89328.66160978982,118868.05437459997,125806.88618089151,98357.35064136484,116207.1057495986
2011-02-15,86503.14275870076,84013.26583925226,93080.92719218449,87010.6350113729,88470.12394751844,117725.61364300916,124954.82262358148,98047.76904361398,116048.40344589528
2011-02-16,87502.92379541558,84984.26952004184,94156.73256663395,88016.28151279016,89348.70709287382,118894.72854087823,125754.51245664274,98666.97658330943,116802.2242538014
2011-02-17,89904.4806789003,87316.70081034886,96740.90620808292,90431.92772845231,91478.45362396874,121728.74420729636,126617.71391728566,98961.8432994445,116762.54867787556
2011-02-18,90068.0957287483,87475.60642047826,96916.96270795978,90596.5026667803,91090.58377324503,121211.70831270813,126865.68870893495,99168.23595841102,116504.66121802884
2011-02-22,87017.23798559236,84512.56352470185,93634.11472801345,87527.74630607963,87913.33370369054,117014.34139737544,123472.1705680382,97177.93551171718,113132.31293775658
2011-02-23,84664.7929732207,82227.83048618199,91102.78747287554,85161.50008856624,86138.5335724019,114647.08785354112,121287.1996216865,96580.83355259075,112199.96338919773
2011-02-24,85031.15089476918,82583.64328643163,91494.95546983107,85528.09276738415,86306.83317130958,114859.38516528902,121819.95303543298,96514.50202948591,112795.08189340051
2011-02-25,85818.78255234208,83348.60402335731,92323.39782673187,86302.50808230067,87031.69679371342,115764.5839543499,123212.33009924553,97546.50966851234,114362.23308943032
2011-02-28,85565.21320106015,83102.33332568612,92054.68472714859,86051.31916384115,86724.15334550773,115380.03237925222,123603.04659916105,98150.98015449516,114600.27897764297
2011-03-01,83201.76049201004,80806.90943226976,89511.98208129768,83674.43940410491,84449.48164534297,112521.19566104295,120789.35137173119,96514.50202948591,112755.40631747468
2011-03-02,83439.15736782993,81037.47315748954,89766.3185770357,83912.18929195293,83925.26326136458,111852.77784970358,121119.23480068517,96720.93164194723,113350.52482167746
2011-03-03,84560.64434050053,82126.67963213818,90957.73789064327,85025.90994524819,84950.33961344276,113111.63637113875,122866.12604421443,98386.8764836828,115592.14567376173
2011-03-04,83617.79564702608,81210.96957346413,89946.57785007545,84080.69291871089,84748.90397360509,112864.72914456193,121796.26117889395,97649.70599799561,114997.02716955895
2011-03-07,83141.7923171831,80748.66736090729,89438.96150855598,83606.18088332296,83666.55142373491,111543.04920986679,120576.92427399545,96883.05401418422,113449.70997782086
2011-03-08,83072.73739649956,80681.60009347774,89364.84562712719,83536.89848463959,82971.74883421496,110678.37252586063,120937.26934887959,97730.78935621098,113905.96774995442
2011-03-09,83145.3400814622,80752.11300755096,89442.15457800998,83609.1657160831,82502.30756970699,110098.6502491357,120782.78525163866,97590.69865755345,113132.31293775658
2011-03-10,81291.51141223496,78951.6443096371,87452.95691529372,81749.6939959667,80258.2403726384,107341.22354763436,118625.3580309233,95784.73702414983,111366.79142943994
2011-03-11,80942.9814654141,78613.14632977893,87076.77877250775,81398.04838962649,80808.16395462547,108013.2803626314,118919.05752685752,96448.16311568217,112061.10265712849
2011-03-14,79506.69632209002,77218.20272751406,85573.85040360765,79993.13380938598,80097.61570299816,107171.02508039236,118069.96998308833,95865.79821026833,111664.35446521251
2011-03-15,78338.77371154114,76083.89720252958,84351.21209634711,78850.23011565374,78972.3600893224,105836.91585002559,116603.62538755426,94767.45904813708,110077.36926489096
2011-03-16,77106.46710754735,74887.06089097969,83081.7133619021,77663.52200731993,77652.75138923443,104273.14803318882,114582.81894638742,93013.04753993194,107419.16621659898
2011-03-17,77996.67457260386,75751.64492837708,83993.44516223871,78515.79502715734,77459.9815240099,104044.54722194443,114901.67646752048,94244.10887386442,108411.03291271774
2011-03-18,79805.78435777519,77508.68191532174,85827.54789647459,80230.28636706911,78212.90675175065,104922.21029900052,115516.74793064667,94586.83036572135,108014.28472080176
2011-03-21,81284.34013247883,78944.67944554839,87316.83566202431,81622.44991876643,79676.22844343827,106627.70428470276,117174.04403548143,96052.76811238591,110097.2032691827
2011-03-22,80952.22600711767,78622.12477975122,86989.3652642748,81316.33557165875,79620.46315026953,106561.75642991455,116875.96825343567,95719.59540357652,109898.83295689589
2011-03-23,81115.32097661072,78780.52527934099,87147.26748587888,81463.94016677747,79856.52981426843,106832.9069672631,117854.53236843357,95993.5242695772,110513.78546539042
2011-03-24,81564.70558981436,79216.97495930768,87582.24230918763,81870.54801579373,82466.517809605,109835.31693463509,119959.20183090592,96911.55994004663,112477.6848533362
2011-03-25,81098.53567636636,78764.22312144651,87130.8832865843,81448.62446647476,81438.16666756196,108653.70146895581,120578.28497615056,97207.68307500373,112755.40631747468
2011-03-28,81038.60664439536,78706.01906626539,87072.6309475457,81394.17106593888,82243.72192856978,109544.9332280954,120720.64089738514,96970.79639215638,112140.44624163782
2011-03-29,84691.26893289387,82253.5443708737,90620.61426130922,84710.77190407753,85262.1336345639,112863.75454887125,122594.71846752855,97622.32345837407,113231.50566124232
2011-03-30,86148.85531947615,83669.17608868542,92024.58648167495,86023.183781756,87001.89662038845,114755.90003013407,123995.2590923937,98296.0004493545,113767.10701788517
2011-03-31,85851.6039114918,83380.48066371406,91758.09564641272,85774.07220218393,86807.44885659614,114553.29783276585,123892.46909559106,98162.7313658307,113925.80932158852
2011-04-01,86304.31882755306,83820.16478823824,92159.88829140713,86149.66185560111,87580.51047439991,115356.46844953523,124853.41183017507,98577.35696780315,113985.3189018061
2011-04-04,84198.8981598239,81775.34582998606,90293.3900667677,84404.887703984,84975.00333514181,112653.53097866304,124362.39281248978,98658.8024702672,113608.4122815242
2011-04-05,84384.45127467622,81955.5580473488,90457.97521567497,84558.73939790079,85735.719049014,113466.27354497698,124344.25032526648,98643.99150956504,113310.84924575164
2011-04-06,85477.08442104144,83016.74121437456,91416.04632221279,85454.3296963707,87273.95424564672,115115.02720204125,125100.4896916102,98954.92560522433,113588.57070989012
2011-04-07,84827.96989480333,82386.31057898037,90847.3803279423,84922.7493741347,86511.76825606248,114301.80710809707,125198.35888928255,98703.22796167478,113509.2271253808
2011-04-08,84541.08028135194,82107.67869818679,90595.17161464503,84686.98850494946,86484.203419375,114272.40710010527,124512.3811244696,98362.65716321323,112973.61820139558
2011-04-11,84220.59410587083,81796.41728733138,90312.65705631107,84422.89819276509,85586.21743058239,113321.45491024255,123911.84839236106,98066.5044654603,112596.70401377135
2011-04-12,83356.1243022229,80956.83008728627,89539.60511891816,83700.26099953591,84774.35715208363,112434.06941274126,123129.8029774061,97333.56145957434,111823.04920157349
2011-04-13,83076.8988473902,80685.6417625871,89288.74278886094,83465.75870892547,84755.30014572885,112413.12674434939,124099.6624735981,97326.15597922327,112775.24032176641
2011-04-14,83083.52257502508,80692.07483510781,89294.69734866061,83471.32494085946,85753.64446271643,113498.58721743587,124025.50752346283,97400.18861063727,112576.87000947961
2011-04-15,83096.86360712993,80705.03186350064,89305.93206901448,83481.82698657014,85628.72475117871,113360.35114865504,124114.6784867353,97755.55558840309,112378.49969719279
2011-04-18,80268.56906681893,77958.14598734613,86737.35076951426,81080.75625500767,82286.08487047888,109654.76321237753,122468.80515898427,96659.86968719604,111585.00331336085
2011-04-19,78931.51342335141,76659.57569690184,85511.89810800322,79935.2217457274,80382.72250625546,107521.96340973701,122150.75255804666,97215.11811815064,112279.30697370702
2011-04-20,80374.26001574167,78060.79476408963,86782.85651467009,81123.29433345309,82620.92802573789,109913.57577594602,124775.84707102821,98540.3295660477,114818.49086156387
2011-04-21,82628.5157835636,80250.16480374223,88752.42423285346,82964.41627998464,84061.95993492854,111430.53124118203,125755.44206600139,99043.77658803947,115731.00640583097
2011-04-25,81294.41855592947,78954.46777510032,87600.87546128366,81887.9660029695,84197.95603244656,111568.8337516929,125775.93831245128,98940.14420731796,116028.56944160354
2011-04-26,81171.95830175915,78835.53237506459,87496.50747059967,81790.4043926782,85058.9017332119,112440.52721834295,127095.26877250407,99791.5157732297,116683.1975260239
2011-04-27,82668.7806357863,80289.27068620942,88773.38111166438,82984.00645155039,86323.61354166834,113723.42625301387,128773.69600348453,100443.02805804949,117476.69390985585
2011-04-28,83505.43877853951,81101.84674670902,89502.4689427396,83665.54666687225,87277.26301978601,114719.31052190383,129049.23282745967,100768.78050510991,117298.15760186077
2011-04-29,83206.44689139517,80811.46093993542,89244.70395039037,83424.59187253828,87754.371262146,115213.19361381544,129276.10299298447,101005.6967507531,117198.97244571737
2011-05-02,83877.81551353508,81463.50511693499,89820.16708407544,83962.52605731698,88096.01619545287,115565.3263379149,129514.65073648501,100850.21861687502,116980.76056179647
2011-05-03,83063.24210011642,80672.37810646291,89109.21401543888,83297.93794209948,86100.13939443414,113474.1244405383,128711.03854396552,100487.47572155393,116425.31006617715
2011-05-04,82173.4146579967,79808.1631535519,88325.27723690803,82565.12576492914,85212.62848471079,112534.4937480366,128147.35966413197,99821.11552253718,116246.77375818207
2011-05-05,80922.80418091573,78593.54982134681,87220.44160493123,81532.34222031523,83814.2872346087,111077.33323891796,127142.01231352828,98917.8982034689,115611.9796780535
2011-05-06,81466.78746963917,79121.87528086355,87706.24063808892,81986.45976768009,85270.60613943523,112607.30143408709,128230.57729399159,99354.72546509666,115988.8938656777
2011-05-09,83139.9091790457,80746.83842637489,89189.46649442195,83372.95673884112,87747.88548966283,115191.655721234,129374.70181540395,99739.69219216998,116425.31006617715
2011-05-10,82430.72564275467,80058.06778679894,88563.14400814686,82787.480004814,87399.83667409983,114830.53381006412,130209.66901330963,100591.13027437229,117417.17676229592
2011-05-11,81371.44444738035,79029.2765795968,87642.94982180336,81927.2964752472,85998.24392895417,113422.62131306915,129204.67536441267,99532.39786793115,116564.1707982464
2011-05-12,82636.26139094954,80257.68746421036,88744.71783585103,82957.21245727834,87987.52718580532,115430.01057980761,130202.01138722782,100006.22296851856,117258.48202593495
2011-05-13,82306.34122630676,79937.2636089155,88459.28860677588,82690.3975552162,85515.61865400245,112965.60574870315,129434.2510550155,99236.23777947927,115869.8671379002
2011-05-16,81600.82267689226,79252.05246448547,87847.90810084593,82118.88835715348,84507.0688748039,111965.95215623155,127703.62854507116,98606.98627990643,113866.29974137094
2011-05-17,82404.0557226589,80032.16552457516,88546.18643860034,82771.62832672051,85314.35834748266,112750.37133523682,127806.57102453335,98592.16053780637,114183.69678143525
2011-05-18,82939.81231578393,80552.5010828901,89025.10816977675,83219.31707679458,86196.43436863911,113618.73594490581,128087.21917757578,99473.16880652036,115135.88790162819
2011-05-19,84098.9389031038,81678.26376637428,90053.45721630848,84180.60212466826,86833.06837307455,114239.36638469082,128968.5033582969,99710.07766146459,115473.11894598423
2011-05-20,84049.20800883399,81629.96430918151,90005.95575264338,84136.19847891455,87600.14351713122,115012.57715050019,127561.72965568399,98917.8982034689,114600.27897764297
2011-05-23,83319.83000064573,80921.58046849082,89318.80580718491,83493.86116120688,86759.69147358873,114156.25053801652,125294.22769970632,97770.34437700841,112914.10105383566
2011-05-24,84307.37692189978,81880.70217642098,90250.73822714204,84365.0174130213,87802.26909129521,115218.11339702344,124941.51702979779,97688.9062652433,112219.79739348947
2011-05-25,85068.17035533136,82619.5971914835,90967.84231356313,85035.35540610898,88975.32865590473,116408.27408503725,125713.53124723856,98014.65132160478,112656.22116133127
2011-05-26,85642.81795092687,83177.70432693549,91503.78314426912,85536.34474318303,89727.88796726055,117165.07413204173,126104.45356382792,98466.29693463368,113350.52482167746
2011-05-27,86199.0659893792,83717.94151181346,92039.7339403809,86037.34339576685,89911.14645953628,117352.78028171067,126819.06031907142,98843.86557205487,113925.80932158852
2011-05-31,87834.50226483842,85306.30394803826,93612.07657242894,87507.14537343173,91000.18799167426,118467.3898640626,128374.1675462819,99872.92432219899,115770.6819817568
2011-06-01,85292.02144270447,82837.00502560513,91156.69253580068,85211.88972151178,89753.08966981753,117188.44772498531,125765.82336967264,97629.68459453146,113251.33966553406
2011-06-02,85614.82287249714,83150.51504928268,91463.76527318892,85498.93664595489,90278.94325245846,117727.20101722136,125872.29238254657,97526.06699520785,113489.3855537467
2011-06-03,86293.95644717354,83810.10067507673,92093.0690183035,86087.20021540129,89003.99791897484,116423.35538024589,125072.17622662908,96556.17818088291,111783.37362564764
2011-06-06,84924.84292806635,82480.3952519371,90825.93987675878,84902.70716647,88002.05774760037,115392.61001826897,123989.94160855988,95534.53230178881,110870.85808138056
2011-06-07,85052.37015436712,82604.2517781079,90943.13996937402,85012.2640304749,88652.7053589099,116056.99677913728,124002.05287364744,95475.28845898015,110672.48776909374
2011-06-08,83429.04104182737,81027.64801635982,89425.55424129085,83593.64797380331,88535.42717425176,115934.38485579366,122604.88129691676,95075.4812084088,109878.9913852618
2011-06-09,85238.83588610338,82785.35034390184,91123.15966293593,85180.54370198089,90155.34565977691,117627.50841161824,124210.35502361177,95801.03351534162,110077.36926489096
2011-06-10,87502.96670507733,84984.31119460655,93236.49636056213,87156.05870382042,88552.95418847734,115952.65825858265,123554.70765822422,94468.41658709347,108391.19134108366
2011-06-13,90167.4472045237,87572.0981973045,95698.3438759341,89457.3563173628,87786.32035869954,115148.4590374249,124358.83303173441,94542.47139060436,108391.19134108366
2011-06-14,89875.14664913905,87288.21112128237,95430.24286831114,89206.73957315808,89114.67554529647,116541.80626620643,125611.74394021281,95741.81923532872,109779.80622911839
2011-06-15,87004.92657679656,84500.60648329234,92885.94195128405,86828.3657738355,87585.91077748936,114947.59706472718,123128.20014933347,94039.00958721469,107696.88768073746
2011-06-16,85516.89441359096,83055.40532969407,91537.46403548567,85567.82912801787,86805.86007359538,114134.21574762164,122497.33768690449,94246.31130215245,107280.30548452974
2011-06-17,84691.57540412246,82253.84202073915,90811.25092128903,84888.9761543107,86417.64652955174,113729.67731020857,121881.77988459775,94527.5569601168,106705.02098461869
2011-06-20,85045.71899435717,82515.53822079551,91119.39885860102,85108.3457859729,87127.447377742,114377.08239782574,122369.24447507321,95011.16734611827,107260.46391289565
2011-06-21,86186.8211156158,82433.02268257472,92108.55418491733,85039.45953203166,89071.39710411037,114283.97386811602,124469.29707498409,96313.19417139917,109561.59434519749
2011-06-22,85662.55895858514,81931.59434674885,91654.77852945753,84620.50999112774,89364.62108493524,114589.42595742538,123708.89173976374,95732.87648959536,108768.10552870789
2011-06-23,85589.58412906158,81861.79787787455,91591.70015047526,84562.27271551007,89422.63527291965,114649.23960966013,123656.95944717065,95457.55078149251,109779.80622911839
2011-06-24,85322.77701717053,81606.61133749985,91356.26732441322,84344.90875337232,88130.17849991142,113304.62138986279,122418.16968221098,94348.990282709,107875.42398873252
2011-06-27,85445.03624352388,81723.54566050522,91468.74030263044,84448.74971976451,88224.2678094904,113406.4597498835,123295.1246582224,95189.72663282712,109601.26992112333
2011-06-28,87252.70738717771,83370.76157981883,93164.04636261101,85939.98966437462,89426.55488572257,114627.03033451231,125074.33401750059,96432.20659664224,111227.9306973707
2011-06-29,87335.77024792443,83287.39081823902,93240.42359916847,85865.91790382453,90650.57345868107,114529.69411283024,125394.10919459835,97258.08764186445,111684.18846950425
2011-06-30,88355.42263019361,84259.7780339208,94176.6296433052,86728.07820108456,91853.27630142028,115816.98909169035,126488.90064832756,98188.1331981328,113171.9885136824
2011-07-01,88964.90722206967,84841.01045744181,94750.43966953881,87256.50485020378,93000.64925146509,117083.17849497613,128391.06835086254,99638.95696543812,114878.00044178145
2011-07-05,89365.80080941923,85223.32094478652,95125.62737989056,87602.01847929323,92634.69235750873,116680.59644569279,128658.69252343275,99557.1123652306,115453.28494169249
2011-07-06,89513.86809438538,85364.52468977399,95264.69611889597,87730.08809186557,92855.72182855659,116924.69650646571,128982.42519142876,99676.15435326948,115830.19156197438
2011-07-07,90368.5171456221,86179.55717120427,96070.3295474076,88472.0029305469,93249.74243291008,117361.55864870912,129709.85519151695,100710.36442058397,117417.17676229592
2011-07-08,89744.41874905846,85584.38835416544,95481.98293357217,87930.18941134024,92522.10820681095,116554.6003269613,128760.20404852733,99996.10510165166,117099.77972223164
2011-07-11,88142.22656626061,84056.46450216525,93973.45931994823,86540.97688137303,90460.49735981508,114255.05345454614,126252.31656230328,98188.1331981328,114977.18559792485
2011-07-12,86781.77371246816,82759.07434688357,92685.31114750118,85354.71001391656,88678.86683285078,112257.58563011239,125647.63814385943,97764.0475015003,114104.3456295836
2011-07-13,87230.13817354702,83186.65523376275,93103.33987525947,85739.67630893727,88845.03036697803,112438.6942128002,126634.36766502111,98091.41112093249,114580.43740600887
2011-07-14,86323.3699424617,82321.91951517256,92265.77213604757,84968.35288549132,88567.3803850031,112137.85791025519,125821.54388115881,97414.34918983157,113251.33966553406
2011-07-15,86573.71758581567,82560.66249474733,92493.39582162061,85177.97351937435,88588.95076273048,112154.65590986196,126727.52558236576,97979.79678534159,114758.97371400394
2011-07-18,85670.79368153527,81699.5929022831,91618.64241734632,84372.40549321004,87248.72418139556,110599.31207086604,125551.49754276259,97176.25043235588,114144.02120550942
2011-07-19,87937.07195697106,83860.81966988684,93844.80780305182,86422.50057933993,90186.03719148425,114100.07976183163,127865.29237932451,98753.53644944908,116742.70710624146
2011-07-20,87781.86354409553,83712.80581823422,93691.29087085028,86281.12549985798,89571.97030251828,113349.81548344016,128109.70125995426,98694.05610427388,116246.77375818207
2011-07-21,87862.60217971436,83789.80187929636,93770.0929790005,86353.69504735556,90164.15716811684,114042.75665890283,129368.16947600944,100063.03527137167,117020.4361377223
2011-07-22,88150.93257221206,84064.76694820868,94059.67076907975,86620.36975549083,89969.93637311392,113815.91010899316,129946.64971136604,100130.02456668332,118230.5071504196
2011-07-25,87314.47047783894,83267.07838187521,93218.08578689734,85845.34681801662,88869.11800199443,112527.39914280923,128939.02946820455,99571.99723292228,117992.46126220697
2011-07-26,87045.54819360714,83010.62177397027,92943.86003170129,85592.80993247003,88779.09908175943,112420.83962465492,128499.85876923689,99199.97901041494,118290.02429797954
2011-07-27,85223.41863355918,81272.95556505758,91088.69426836127,83884.37162873885,86637.80125651613,109898.56540546632,124836.01727985931,97168.82277990793,115235.07305777159
2011-07-28,86557.47145218046,82545.16943757821,92446.87573185671,85135.13276367684,87694.12415595229,111143.73191504985,125326.1644514843,96886.07681005608,115433.44337005839
2011-07-29,85996.86090713252,82010.54554372937,91886.33261307041,84618.9237251361,87039.73333851519,110389.29924334926,125215.54445959102,96223.92191874368,115056.53674977651
2011-08-01,85731.45536421619,81757.44266142297,91622.26275570142,84375.73949432226,85748.6927182968,108878.03943837923,124437.70283724726,95814.70630840499,114520.92782579131
2011-08-02,74474.79261154191,70940.81601992514,80390.87829860825,73954.80716919566,83188.91682498952,105770.67640009901,118594.26859783164,93366.8624709176,111624.67888928668
2011-08-03,74197.26332474091,70869.87520390522,80078.82570451898,73911.78132573768,84184.0983862681,105675.18507635116,119440.14018667197,93872.8001584566,112695.8967372571
2011-08-04,68538.10009345568,65393.628176118655,76525.01015482406,70589.02865736684,79619.649017871,100406.92885398137,113284.38059337533,89475.68164416443,107458.83422518247
2011-08-05,66886.896970981,65341.31327357776,75439.10609112358,70551.21424360547,78275.65395600128,100326.60331089818,111984.58205266292,89341.732616337,106784.37213647037
2011-08-08,63737.80606953114,62880.254448165295,73536.23223940004,68771.63243587114,73496.25355888088,95425.9632424,105042.9085303891,83523.49355383236,100357.07261599014
2011-08-09,67926.4246809581,66186.06517890209,76110.33595240177,71178.95341236684,78041.49119647565,100142.77387289779,109723.51883131587,87407.29846303025,105197.37936880648
2011-08-10,65251.22303766866,64100.7374595517,74546.61159713154,69716.54674130483,73720.0428768816,95952.0000616945,104420.81391922107,83545.84302746678,100892.68153997535
2011-08-11,67743.16868384075,66059.14432081819,75935.7186401712,71015.65000059335,76685.21963224215,98597.75345036197,110104.44066330958,87295.70629953615,105336.24010087569
2011-08-12,69039.97591971766,67070.80029163205,76633.28583710828,71668.02004194794,77896.4267529127,99597.12620783868,110512.06289537303,87883.48119658371,106268.59721677689
2011-08-15,70009.71227581514,67824.46212431845,77140.61952875782,72142.48229139892,79576.29658038075,100930.84768928523,113343.33525462684,89743.50579282983,107835.7484128067
2011-08-16,69029.36396954149,67064.66358316128,76633.68925941842,71668.39732549897,78038.03529757724,99722.53168031466,112075.71033538284,88977.16421837443,106923.2328685396
2011-08-17,68652.5554886534,66771.79651844729,76437.3309061246,71484.76153009306,77975.44194576678,99673.20796290417,111429.31926974765,89036.68890774337,106288.43878841097
2011-08-18,64774.06042620805,63754.00257019194,74413.7121828432,69592.25821859909,73344.70551599126,96057.5495588334,105877.85142430532,85197.56077371749,101071.21784797043
2011-08-19,62965.86855909445,62330.22931052804,73438.94964249067,68680.6530262207,72061.32518925506,95026.30574712784,103979.91822932188,83806.23213298527,99246.1791920939
2011-08-22,62199.74509592877,61723.5177414566,73032.09274444792,68300.15742297705,71781.99211270502,94813.64482010911,104011.55134014643,83873.19925620005,99603.25180808402
2011-08-23,65232.16251334492,64130.87770699626,74645.93147270147,69809.43142914187,74592.86107733652,96958.64261644524,108204.07747983345,86633.52184542795,103709.57932462833
2011-08-24,66737.41827240202,65314.75227785194,75426.37371106142,70539.30682688033,76455.98765485903,98359.67993658585,110362.38948148544,87853.71146120032,104522.90971275199
2011-08-25,65124.09333327976,64051.60579756891,74622.7947667803,69787.79380933281,75331.75681414004,97546.72951669204,107992.5247841076,86514.4576852922,102816.9053519953
2011-08-26,66978.08289660468,65510.37170228775,75556.88407453925,70661.36109146313,76424.86510785672,98334.58737402888,110098.81524263111,87771.8446888959,105395.75724843562
2011-08-29,69091.203345434,67163.82369813795,76607.09071537903,71643.5221688816,78147.55846324515,99567.70691904721,113753.32092900916,90294.09808344394,108331.68176086608
2011-08-30,69548.43403136899,67519.40426055461,76827.89653061837,71850.02141289925,78886.4882967612,100089.22583949997,114083.95576143159,90532.15249672593,109045.82699284637
2011-08-31,69990.55744487498,67862.78406377035,77038.61021398315,72047.0824199739,79232.37861867459,100330.63463827138,114754.56363355742,90933.96262671352,109224.36330084143
2011-09-01,68563.19974351494,66755.61222796438,76360.21775414472,71412.64473565808,78511.98946997194,99829.01330595725,112983.83364213673,89981.5897689076,108232.49660472268
2011-09-02,67085.45185484579,65604.58117462126,75650.04149903498,70748.48260912854,77116.99554927334,98852.95990494882,110372.68269343952,87682.55765484252,105693.31271686587
2011-09-06,67836.65511602463,66192.2778982958,76015.3157926508,71090.08985080823,77183.58352435684,98899.73903387153,110130.96559861803,87042.7005022719,105713.15428849994
2011-09-07,69686.79283441199,67636.50983804763,76911.79335417031,71928.48234754529,78820.20922076628,100055.54193740807,113664.09803988956,89498.00155500305,108391.19134108366
2011-09-08,69377.10961474096,67396.05231337744,76762.85566677882,71789.19471230461,78177.85907091723,99603.91024583354,112701.84913246054,88567.98556153051,107895.25799302428
2011-09-09,67476.68327163582,65919.12444539466,75845.07287487439,70930.87740532948,75808.54640154364,97946.31942218587,109482.21531787887,86246.6187552289,105494.94240457902
2011-09-12,68105.5023993483,66410.56776268347,76153.49250282058,71219.31373995254,77306.86634409902,99012.87804418604,110678.5701563015,86804.63869829096,106843.88171668793
2011-09-13,69586.8978728406,67566.19027199349,76878.20935357666,71897.07433989768,78772.97452829355,100038.09195666657,112721.34133302771,87600.7278360329,108272.1721806485
2011-09-14,71212.69176289324,68829.05673308016,77663.9838826516,72631.93653565289,80327.80848167119,101109.04600526897,115007.82202888293,88813.48979935731,109819.48180504423
2011-09-15,72132.23753634356,69540.07008356783,78100.04814572491,73039.74708434766,81972.69793706737,102224.92073176386,116639.566993957,90346.17294826805,111446.14258129161
2011-09-16,73441.82914105422,70550.09384085439,78713.00347249035,73612.98747412841,83434.80446962842,103202.52611534623,118573.67442180091,90880.90479892863,112259.4729694153
2011-09-19,74192.92161695939,71127.30870903526,79060.91518263522,73938.35709834748,83955.41082231599,103547.96707101348,117767.38167748843,89975.95805630529,112299.14854534113
2011-09-20,73609.75322485532,70680.05096691602,78793.26494394548,73688.04860040023,83342.87073131363,103144.40101250239,117146.67881629699,89871.25402423556,111803.21519728175
2011-09-21,72970.7808853515,70189.21821126615,78499.15764462839,73412.997262177,81760.57411887374,102099.0921769944,114508.09822383292,87223.8095801196,109859.15738097005
2011-09-22,70809.27056019589,68525.92539145521,77499.64392710969,72478.24458444901,79919.25779155514,100868.84243355918,111197.92913642697,84404.35400856729,106288.43878841097
2011-09-23,71818.30646938582,69307.12388575877,77974.1549573328,72922.0108363156,80362.18018766114,101166.2152943831,111948.10985072503,84912.89322213779,107419.16621659898
2011-09-26,71568.01675183114,69113.89337042448,77857.48049512075,72812.8960097118,80868.5278468087,101504.19077110346,113335.79830529068,86932.12825523334,108668.91280522215
2011-09-27,71996.11702567831,69444.62967439246,78056.66684291774,72999.17656665335,80633.89792063307,101347.4078333492,114605.94368218457,87904.37470252438,109799.64023341011
2011-09-28,70168.49901466345,68034.35077375776,77207.13216659511,72204.68540600501,79940.43525480259,100882.48170356415,112488.32590314711,86109.49172685159,108172.97945716277
2011-09-29,69548.61014180612,67553.52262313236,76914.5155389954,71931.02815508144,78786.13355721446,100103.24477191799,112397.00619068959,86790.06423995529,106883.55729261377
2011-09-30,68660.59607372104,66863.49039024395,76495.14097584166,71538.82593813524,77130.91225100245,98978.84291057065,110855.13890357196,84621.25624144526,104126.16908817839
2011-10-03,67365.97488749842,65854.90152042337,75879.1686779734,70962.76405449446,75604.86075931136,97933.68656057482,106689.66342871763,82213.10784803539,101448.12446825231
2011-10-04,67476.83926232587,65941.6035981245,75932.48398130643,71012.62492351599,75573.2840223354,97911.75477375064,108130.5200777025,84015.47021104879,103531.04301663322
2011-10-05,68952.8316747095,67095.53205873728,76641.01986345927,71675.252961031,76319.61431031901,98423.1643469622,110860.62842019867,85571.02757321965,106189.24606492525
2011-10-06,69893.43693771181,67827.7475056807,77087.54066005397,72092.8425378047,76623.40428347774,98631.52973635658,112786.4208836791,87119.07598525407,107974.60914487594
2011-10-07,69780.99226741775,67740.45039694803,77034.74985107339,72043.47217981046,76527.99708551928,98566.01635716052,110475.83411615863,86535.75767967527,107260.46391289565
2011-10-10,72076.86605858397,69523.44051634494,78109.98305015167,73049.03828100974,78538.8392569046,99946.78962206347,111897.41268213303,89430.03668742959,110970.04323752395
2011-10-11,72425.0781072711,69792.14142944288,78269.76054359616,73198.46338365732,78591.00187204508,99981.55115023242,112355.19302353362,89519.76716342018,111723.86404543009
2011-10-12,72905.80920218106,70162.74513127988,78487.67349466747,73402.2571995453,78934.92011473744,100211.91986181957,113856.313504787,90305.02153649674,112279.30697370702
2011-10-13,73389.00108442659,70534.75465155809,78705.65152255,73606.11187575215,79576.0696139089,100640.91140577389,114611.61490231496,90125.56058451558,113310.84924575164
2011-10-14,75329.8604995894,72027.05503051201,79585.04213342305,74428.5245289002,81430.4960189034,101902.78259180998,116101.66002176014,91666.12960920941,115413.60936576666
2011-10-17,74486.15108248359,71381.68115924647,79208.48415136785,74076.36469769773,80139.10687633457,101033.7737336292,114508.2233529511,89916.1599110751,113628.24628581597
2011-10-18,75866.22831825179,72439.7273252743,79823.25937862233,74651.30707197907,81508.60051029129,101953.75665142256,115987.03292515673,91673.61638724896,115036.70274548477
2011-10-19,73266.15267426279,70453.61281977345,78677.65660113494,73579.93081660623,80133.82594766772,101039.95999670327,114374.94784247655,90589.22347404237,112814.91589769226
2011-10-20,72854.45411654125,70136.89739552421,78492.86768698513,73407.1148469117,79813.13240051495,100825.65844280677,114315.48414036636,90985.6014402994,112259.4729694153
2011-10-21,73317.02091567474,70493.14740684137,78698.7549319735,73599.66213284658,80613.95762097804,101358.98648081205,116147.69371841868,92713.1551485087,113667.92186174178
2011-10-24,74698.15292268373,71555.49654151632,79313.3340893407,74174.42114110808,81433.06295713504,101906.51140068643,118250.32742913185,93849.9407265944,116028.56944160354
2011-10-25,73305.19206872761,70488.01091658107,78698.61153474785,73599.52802669247,79913.50569126915,100894.60749118518,116539.45404997538,92025.14759225809,113747.27301359344
2011-10-26,71214.73115070684,68879.91274124874,77769.52083189817,72730.63547712655,79996.89613010129,100950.46183414532,116226.24959926006,92959.96754005017,113608.4122815242
2011-10-27,72663.2939504958,70000.76936894316,78416.58216725796,73335.77206032758,81510.20218019858,101962.79256285913,120293.30877612375,96198.20228638662,116742.70710624146
2011-10-28,73688.90560143215,70791.19436330917,78960.39294024634,73844.34794810043,81873.96363950617,102207.13652577843,120844.15559320134,96175.79368716056,116921.24341423652
2011-10-31,72772.15942139915,70086.63720933482,78476.91431050946,73392.19513033546,80522.19178259137,101300.71466097559,118005.3292965446,93857.39055113918,114957.35159363311
2011-11-01,71486.32650234525,69095.93190636096,77742.64928617896,72705.50500730361,79528.31671609002,100598.62395825547,114992.20664822763,91239.89321918151,111961.90993364272
2011-11-02,71533.36507074884,69132.30444223918,77768.58657823833,72729.76175614113,79964.36570928851,100904.5350640462,116120.00120987452,92728.13609528678,112914.10105383566
2011-11-03,74711.50533593286,71589.47569546389,79666.20510253194,74504.42874249644,82723.25192199394,102988.94498704124,119227.37001194722,94418.30764819091,115254.90706206331
2011-11-04,74200.33682381379,71197.62937289184,79344.11855538069,74203.21100317696,82509.89803490377,102813.51918830215,118957.088168698,93842.44655785586,114659.78855786055
2011-11-07,74483.48918440024,71414.98447059673,79521.46813409316,74369.06965092714,82711.38197854986,102981.73610688002,118918.53734455029,94425.76486343466,115473.11894598423
2011-11-08,75353.72369910308,72082.49116271122,80081.59807175511,74892.90734312503,83785.40641748783,103926.40082935672,120316.17333906052,95637.33692422758,116802.2242538014
2011-11-09,73132.57811269777,70382.71364151024,78649.2854145212,73553.39787144231,81379.80216799848,101805.13266052036,116737.78177231362,92107.38389951013,112695.8967372571
2011-11-10,73160.19340438752,70403.97518286196,78666.66698435279,73569.65324508894,81157.7405030961,101605.28363733833,117582.22429139592,92974.91892403245,112636.3795896972
2011-11-11,75621.41029148606,72298.77009332522,80251.97941682713,75052.24924684232,83745.68596839668,103896.25161023764,120305.717003252,94724.94035705943,114758.97371400394
2011-11-14,74961.24513300335,71793.84294284982,79829.53054666106,74657.1719150662,83172.95974978838,103387.77984956875,119271.54021199683,93827.51734597042,114044.83604936601
2011-11-15,75961.00412783306,72559.85519494786,80498.9408183695,75283.20939010105,84064.5117054298,104236.42517439183,119799.95472595241,94291.1506727014,115314.42420962325
2011-11-16,75402.7696744254,72118.75158974959,80119.73435371307,74928.57267823147,82616.05424570503,102846.12904689592,117898.97617348834,92795.42840925553,113410.03440189504
2011-11-17,73623.00973998533,70416.5055694047,78901.92316340344,73789.66657703757,80700.5321649488,100999.04943200274,115992.04524033774,91322.1073543367,110751.83892094542
2011-11-18,72318.3581588349,69168.67550031807,77961.00519877714,72909.7130841128,79678.5265254945,99977.12575043507,115291.84044478029,91224.91227240341,109898.83295689589
2011-11-21,70880.49222357402,67724.26428860606,76923.59847050215,71891.09060024862,77707.15506857264,97924.79402546727,113191.5961823157,89489.87178615454,107796.07283688086
2011-11-22,70870.7309765581,67724.26428860606,76916.12007713308,71891.09060024862,77638.9861363902,97924.79402546727,113032.95181696356,89138.34058114544,108153.145452871
2011-11-23,69625.94510209016,67724.26428860606,75998.62018419316,71891.09060024862,76489.35572123027,97924.79402546727,110092.7414266684,87171.46125943422,105713.15428849994
2011-11-25,69348.73389778743,67724.26428860606,75788.10574971621,71891.09060024862,75744.64465852102,97924.79402546727,109742.76806392809,87006.95169143534,104899.82390037624
2011-11-28,71157.14833158052,67724.26428860606,77150.6674424735,71891.09060024862,78352.26022829891,97924.79402546727,112844.10399690112,89527.2613321587,108549.89364478698
2011-11-29,71073.63463726567,67724.26428860606,77087.89842161057,71891.09060024862,78127.3307107221,97924.79402546727,112748.60448314153,89781.53832964289,107875.42398873252
2011-11-30,73538.11313907866,67724.26428860606,78920.64921486897,71891.09060024862,80600.18815374664,97924.79402546727,117714.01793296658,93475.98614096131,111862.72477749933
2011-12-01,74147.6225036306,67724.26428860606,79373.69951446162,71891.09060024862,80659.42026434776,97924.79402546727,117933.6436793493,93461.03475697902,112636.3795896972
2011-12-02,74936.8333134143,67724.26428860606,79945.00927870625,71891.09060024862,80811.63995480626,97924.79402546727,118235.60634565473,93378.75410553325,112318.98254963287
2011-12-05,75815.26648313484,67656.54002431745,80589.51558687737,71841.70949614538,81984.07241929717,97850.08254211098,119108.10405762376,94395.86209547007,113548.90270130664
2011-12-06,76217.16335333255,68015.1874702145,80881.8782728681,72102.33688671228,82375.98482128108,98205.0212047219,119259.35087825818,94425.76486343466,113231.50566124232
2011-12-07,76183.5987052957,67985.23482269843,80856.872507049,72080.04543911366,81743.72896767572,97614.20035215691,119824.87944103616,94777.27389634692,113231.50566124232
2011-12-08,73383.65529652151,65486.60239563052,78772.96272406736,70222.33925792003,79606.84790902225,95594.39244678059,116751.74330398408,92698.21115522535,111327.11585351411
2011-12-09,73634.1286766661,65710.12152383341,78962.05572308092,70390.90664790815,79829.67662391509,95807.07889661918,118077.7620763709,94268.74207347535,113112.47893346482
2011-12-12,71966.46328214419,64221.919005456184,77725.97989507567,69289.00400084446,79212.07524640861,95221.00422577193,116396.1263558975,92892.67522608147,111842.89077320759
2011-12-13,71389.5920700503,63707.12677349076,77293.55263663553,68903.51572420156,78365.5095347207,94405.66667340318,115147.54423596786,92025.14759225809,110612.97062153382
2011-12-14,70510.52682396218,62922.66058660243,76636.62403341178,68317.89520608798,77195.58285770481,93266.21865474922,114164.03757761496,91045.37002273378,108887.12468914303
2011-12-15,70982.47742417487,63343.82305366166,76990.99482769152,68633.79986776966,77277.37912367455,93345.58364712737,114702.73992643235,91374.48523781789,108589.56922071282
2011-12-16,70619.31039750927,62956.39378430044,76719.34432158055,68344.32970353228,77289.96197666819,93282.84387912344,114918.85680643858,91509.94196823181,108827.61510892546
2011-12-19,69779.66030382155,62956.39378430044,76088.87819884771,68344.32970353228,76784.80212556612,93282.84387912344,113384.83059847122,90531.5538501107,107756.39726095504
2011-12-20,71265.99700992437,62893.43739051614,77231.74232472923,68296.04597867864,78420.61055864509,93205.80269952591,116146.44219010789,93271.0568403875,110950.20923323222
2011-12-21,70614.12617624883,62318.150448852124,76732.01967510598,67854.14113453105,78068.6889706097,92859.17987525143,115679.13484610744,93451.68552280325,109363.22403291067
2011-12-22,71515.34684344115,63113.49279983623,77415.70535408705,68458.724524225,78581.25228347047,93354.97222232903,117352.1582978071,94279.56944744177,110295.57358146949
2011-12-23,72132.2996203548,63657.96397088181,77880.73147560193,68869.9472212701,79349.69132788279,94097.07214502625,118290.75455052071,95122.52300724582,111247.7722690048
2011-12-27,72660.94611980685,64124.503371297025,78283.92605458623,69226.49227225296,79685.25088819221,94420.5072653543,118305.8055342425,95197.74554119131,111565.1693090691
2011-12-28,72025.2229558353,63563.46701892021,77799.51275142186,68798.12548639832,79058.33017804052,93812.41691170567,116654.62372165221,93948.40700874761,110275.73957717777
2011-12-29,72636.50957366792,64102.937709563346,78267.68239261405,69212.12799855511,79536.85592324393,94282.81302891475,117916.39353207803,94919.28617673228,111069.23596100972
2011-12-30,72440.62031750055,63930.06215621184,78116.56376519863,69078.49376455319,79257.38234856923,94004.11810190811,117455.23972163325,94452.65222622635,110751.83892094542
2012-01-03,73398.6834640948,64775.56894843556,78854.173159287,69730.76190685606,79948.84840368599,94693.03172697652,119513.39711892465,95957.87892852601,112874.43304525218
2012-01-04,72951.16756850183,64380.62866637064,78506.66605881322,69423.46130483047,79857.90317477236,94602.15023430888,119489.06827570772,96108.40529410548,113350.52482167746
2012-01-05,72480.39270104092,63965.16195161245,78140.31977406944,69099.50120819327,79604.17750128647,94349.50573922438,120025.88258161765,96364.28607326251,114282.88193757866
2012-01-06,72080.54654159676,63612.291011052424,77827.40541710514,68822.79097652755,78952.24692982539,93698.00827303008,119728.08580847854,96115.9142442419,114679.63012949463
2012-01-09,71642.27359614456,63225.50778747784,77475.77895396603,68511.84762123074,78510.51476130074,93245.97759288183,119867.39619317724,96349.26078229069,114302.7159418704
2012-01-10,71749.72135283497,63320.33223450295,77562.07580021609,68588.15994051688,78878.36947768729,93621.40851053034,120618.02630300133,97184.63148496878,115135.88790162819
2012-01-11,71995.33470233895,63537.09013402623,77759.26982575752,68762.53865877073,79024.2622895716,93770.00317354647,121087.47402834213,97237.3049964081,115373.93378984083
2012-01-12,72084.89925290554,63616.13235177118,77829.98615873777,68825.07312689596,79235.4340088511,93983.79665737171,121895.68425764095,97470.61458096214,115830.19156197438
2012-01-13,68913.90082917857,60817.67306970537,75227.78508736733,66523.94617227103,78665.67025703497,93388.43890908826,120384.81221476248,96966.37675418238,115413.60936576666
2012-01-17,71117.98828400786,62762.817207999324,77060.17681291004,68144.33056049873,78905.67021201515,93640.6605275424,121508.19650613362,97342.66680068466,116464.985642103
2012-01-18,71767.67743972088,63336.17878227778,77573.96028899663,68598.66939644467,79321.66944341008,94083.07490455374,123396.89421246028,98418.9225543438,118012.30283384107
2012-01-19,71710.79819503869,63285.98189506183,77528.94945471322,68558.86630622261,79424.8419260649,94194.18958631667,124305.75682122931,98938.20045349328,118746.2820701131
2012-01-20,71618.91844108368,63204.896471503926,77456.43152744407,68494.73868788884,77735.71303715548,92375.1165135582,125948.53577440586,99307.02589405284,118567.74576211802
2012-01-23,71737.94594405778,63309.940238800256,77549.82992708104,68577.33091232838,77700.83767302844,92336.14140985782,125585.68034585891,99051.10816140103,118607.42133804386
2012-01-24,71957.29282486113,63503.51753924397,77724.27223749169,68731.59028410767,77655.70955740304,92286.71919330608,126376.30039673272,98938.20045349328,118389.20945412295
2012-01-25,72715.06902336214,64172.26774124858,78332.7804021279,69269.69418205753,79308.95336905557,94078.85870006074,130321.12735454639,99766.09915952972,119877.0094983011
2012-01-26,72543.9235452405,64021.22898694034,78191.4190727586,69144.68832876963,78711.74603171162,93432.23431177204,129715.19326910666,99254.32281981768,119460.42730209338
2012-01-27,72849.81537740916,64291.1836581995,78445.20735872923,69369.11336342212,78161.43124298679,92838.78869672607,129367.8694930233,99209.15825851481,119817.49991808351
2012-01-30,73021.24579044938,64442.47387235132,78588.12072015936,69495.49167898779,78375.31548808792,93068.48094615022,129004.46357489,98870.50904178109,119916.68507422693
2012-01-31,72914.66542528571,64348.41491289348,78498.11086958168,69415.89594919395,78404.11303520323,93099.27794006499,129236.84840243011,98832.83864921672,120075.37981058793
2012-02-01,73784.61677102612,65116.16156335429,79235.44502988807,70067.92070220552,78672.21088269999,93392.5515972202,130041.18912729176,99698.35601292487,121047.41250241493
2012-02-02,73983.3872041242,65291.57980366038,79399.3397868265,70212.8528702313,78738.61874507253,93460.13955029195,131147.16493859416,99856.41350073757,121424.31912269682
2012-02-03,74401.57991258708,65660.64188137492,79775.94831782063,70545.88787338573,79207.76224406462,94004.93868913983,132864.97345815785,101256.21188247013,123090.65547487003
2012-02-06,74310.10484607462,65579.91360127111,79693.45733410704,70472.94107914092,79285.4316549119,94094.9664135826,132808.81120407124,101188.48351726319,122991.47031872663
2012-02-07,74203.85754527527,65486.14857669979,79597.39405474917,70387.99230100377,79712.78865519556,94589.4475315293,134082.88118127498,101444.39385921604,123249.35777857335
2012-02-08,74418.79649470281,65675.83580378961,79789.72218876492,70558.06811035825,80304.38499355646,95280.33943391165,134517.05941423436,101745.44659037494,123903.98586299372
2012-02-09,74522.23574552666,65767.12267717054,79886.6247827792,70643.75909462254,81144.70766540647,96277.37377287463,135309.9514266592,101873.40915205031,124796.66740296908
2012-02-10,73847.76709618678,65171.892784249576,79251.50582482036,70082.12326654154,80925.06463330403,96016.76953993402,134021.8167044354,101120.80688694889,123923.8274346278
2012-02-13,73958.17795853123,65269.332221701436,79360.09653554148,70178.15005486758,81371.47079696044,96546.42593169873,134900.11569243905,101873.40915205031,125074.38886710755
2012-02-14,73385.67069540729,64764.08496186324,78796.54460166731,69679.80096123434,81404.78548166639,96585.95346767538,134774.2742835603,101745.44659037494,125391.78590717187
2012-02-15,72747.38855771262,64200.790272265425,78163.31308910977,69119.83420151864,81129.78556268863,96259.66884913803,134682.32385519025,101271.31847113042,124518.9459388306
2012-02-16,74041.87826167684,65343.19914276231,79446.4357472316,70254.49983792128,82268.39934509201,97610.6225695386,135615.98397031784,102392.71661399561,126224.95786692965
2012-02-17,73855.61741327196,65178.82082071589,79257.66729863155,70087.57185912848,82596.6513422298,98000.09023945048,135588.97331898965,102663.65224692028,125828.20967501367
2012-02-21,72972.86002218984,64399.77262050187,78361.12083624424,69294.75563390629,82197.3935724835,97526.37493951878,135455.3701988066,102708.80941752421,126185.28229100381
2012-02-22,72081.06378654129,63612.74748838944,77437.49894883543,68477.99660464394,81294.2718385163,96454.83014941246,135267.0749714989,102377.62480673319,125609.99779109277
2012-02-23,73111.31012564035,64521.957158407975,78495.39500367138,69413.49430839837,81310.18293556024,96473.70850489996,135533.17188287294,102829.21129417048,126443.16975085055
2012-02-24,73049.09798765148,64467.05390342385,78430.4038742419,69356.02263897703,81547.6387875786,96755.44746825412,135249.72830600062,103054.97497509333,126879.58595135
2012-02-27,73150.69357110935,64556.71370943865,78532.29936792738,69446.1288454705,81253.72859131527,96406.72599724971,135563.9572442162,103228.07992597474,127058.12982668742
2012-02-28,73110.1635468042,64520.945283358575,78489.29843769585,69408.10311382418,81316.26416581674,96480.92382300571,135708.18999890634,103529.14743853154,128347.54442389407
2012-02-29,72417.02982123633,63909.24314767966,77753.04260378733,68757.031925073,80740.2479484322,95797.48641524471,134864.8288076004,103122.7329030961,127772.27505866771
2012-03-01,72700.56991361319,64159.472033765705,78057.47520668308,69026.2417398323,80817.36445938444,95888.9843744169,135165.80027956804,103657.12478160483,128783.96819173587
2012-03-02,71394.27805542087,63006.647564257226,76654.92988338371,67785.97061549997,80876.50499471165,95959.15402057921,134421.3804763562,103340.99502458145,128684.79060293481
2012-03-05,71757.84429429956,63327.500866555616,77045.28531953752,68131.16200977794,80299.25204990491,95274.24924825795,133927.97644908563,102919.56258887314,127355.6777277753
2012-03-06,70284.59776619649,62027.33610125889,75463.48335460953,66732.3741995579,78687.00765851208,93361.33760744713,132331.0874146206,101414.33588657346,126105.93113915215
2012-03-07,70506.2389700903,62222.93818030246,75701.45608024675,66942.81353088171,79368.8843413352,94170.37738524591,133149.91567419542,102121.78098107092,127077.95626363682
2012-03-08,71225.95572966718,62858.10028925395,76474.20481087241,67626.1553958739,80390.17925473698,95382.1334558373,133668.29887927018,103137.8099289606,128446.73714737981
2012-03-09,72385.61360220928,63881.51780758304,77719.31149630487,68727.203499633,80829.67621800474,95903.59215132055,133934.0940779485,103536.66377936692,128982.33850402269
2012-03-12,72957.95752475913,64386.620916625616,78333.828295791,69270.62083464419,80981.13096206708,96083.29167114495,134196.58745702883,103544.18012020232,129041.86321892495
2012-03-13,74278.75367831452,65552.24567000839,79751.94665623493,70524.66319899826,82952.30088928643,98422.06482484569,136424.90392956964,105410.7011408283,131442.1788073702
2012-03-14,73748.47893716067,65084.269318988045,79182.59888482778,70021.1888450158,81938.68174872077,97219.4159809805,135586.35196907437,105297.77126082365,131898.4290121614
2012-03-15,73964.44388549037,65274.86200731356,79414.47710283608,70226.23880196181,82666.98878542504,98083.54490339063,136235.38493795303,105907.41523607369,132275.34319978562
2012-03-16,73525.84203235124,64887.78851718995,78943.55709054878,69809.80413606724,82751.04176089918,98183.27290746226,136061.67083758846,106054.05409400375,131957.93859237898
2012-03-19,73948.3032189162,65260.617598405865,79397.1471192826,70210.91389386114,82896.77694980468,98356.18623302344,136207.7041638521,106469.81786361498,132890.29570828017
2012-03-20,73723.49766197399,65062.22292473539,79155.7768768183,69997.47013769267,82521.0214724646,97910.35616498934,135831.86484736382,106159.8593402175,133128.34916383517
2012-03-21,73596.7505848487,64950.36650380438,79019.69050442833,69877.12892997087,82752.2652499726,98184.7245648558,135487.3665329684,105986.00053804286,133148.19073546925
2012-03-22,72252.72122029484,63764.2380521276,77576.6270054024,68601.02757432309,82058.97467897418,97362.14232434228,134185.2418415997,105222.57828967401,132870.46927133077
2012-03-23,72281.1901197873,63789.36233331258,77607.19362157797,68628.05763943493,82144.33565630806,97463.42225937241,134495.81111727454,105562.69086480045,132791.1181194791
2012-03-26,75070.35349805279,66250.84578492882,80601.87511451603,71276.25511338611,84109.90923563036,99795.55540297578,137186.71091469005,107044.28211184786,135112.08255607268
2012-03-27,74634.60012694652,65866.2861279642,80134.01347324178,70862.52496562153,83981.19055555557,99642.83199279096,136792.35069636063,106711.6710961589,135310.45286835948
2012-03-28,74703.71704023232,65927.28296293112,80208.22323186652,70928.14867077881,83758.09188181424,99378.12767604616,136018.66752338104,106182.54878600377,134774.85151171664
2012-03-29,73670.28659563739,65015.263266419555,79098.64497955497,69946.94838892855,82825.2708478682,98271.34496732357,136350.24875209472,106001.13668949899,134259.07659202316
2012-03-30,73362.20845194366,64743.379138578195,78767.86625124968,69654.44068992932,83289.60169137444,98822.26881018045,136855.53112309854,106439.53817000381,134001.19669951877
2012-04-02,74401.77060559111,65660.81017114862,79884.02802454201,70641.46278076734,83887.32108908115,99531.45682157358,137417.1637447587,107218.18525821624,135389.80402021116
2012-04-03,75881.52612296662,66966.71922862476,81472.81859037584,72046.43061223804,84464.32816334076,100216.069870981,137566.19173301535,106779.71726142084,135350.13601162768
2012-04-04,73750.67432597785,65086.20678643274,79184.95603977675,70023.27327763286,82243.15883875251,97580.67496441466,135182.93225619278,105721.44307831478,133505.26335145938
2012-04-05,73917.89063141226,65233.77797995787,79363.24457853736,70180.93386995084,82353.67592027556,97711.80236227228,135508.8142176944,105668.53306450896,134338.4277438748
2012-04-09,72844.21652316002,64286.242575439835,78228.6504310054,69177.61202669662,80755.59512917165,95815.69568974857,133227.7781292353,104481.77158010188,133326.71947612197
2012-04-10,71864.31677929504,63421.46461995606,77192.18576726195,68261.06610659204,79800.4372797329,94682.41057568174,131374.34695513628,102728.06218829726,131184.2837801811
2012-04-11,72587.0425454207,64059.2822276436,77947.13925644202,68928.67163583175,80472.8518423308,95480.22364367016,133133.52519401463,103559.53799262703,131819.07786030974
2012-04-12,73263.1637375844,64655.97051731737,78644.60362271007,69545.43952159106,80357.53681408087,95343.40353061698,133893.95884658655,104912.65671977129,133326.71947612197
2012-04-13,72388.94592865315,63884.45864154814,77706.17140717577,68715.58371605292,79158.11602305864,93920.3029103724,131495.69447464464,103665.35802023868,131303.31807530095
2012-04-16,71369.40959069479,62984.70072712774,76611.74649993482,67747.78354043516,77281.54111000308,91693.76578287377,131028.10566993608,103597.37098056835,129835.34446807222
2012-04-17,72863.73394213848,64303.46702496764,78215.8342884992,69166.2787091833,77989.09215606179,92533.26793260945,132400.82094175217,105131.82050652892,132473.71351207246
2012-04-18,72590.6705259106,64062.483981262,77922.71339339257,68907.07184000064,77705.20494241896,92196.43862896675,131660.8046972252,104776.5348264516,132136.48246771639
2012-04-19,72227.88326843485,63742.3181431141,77533.27812185905,68562.69414748994,76966.6536729588,91320.15502815021,130766.97585850419,104103.78167284036,130648.68242353825
2012-04-20,72413.38558339585,63906.02704667678,77732.40624146168,68738.78318552882,76675.54571424166,90974.75838361196,131212.876379908,104277.67003781082,130291.60980754811
2012-04-23,71413.18673716513,63023.33479296821,76658.73923347586,67789.33922458751,75726.81484637756,89849.09881808792,129673.08542920418,103400.82273260746,129101.37279914253
2012-04-24,71030.29609323689,62685.42737917083,76247.72391027145,67425.8782878462,75163.1037458755,89180.26130687592,129004.58671323778,103793.86749363662,128407.06913879633
2012-04-25,72829.84327573323,64273.55794356682,78179.45423213832,69134.10781769308,77799.62582017062,92308.4680440796,131160.81913352344,105214.95847905327,131819.07786030974
2012-04-26,72992.27580920208,64416.907378115284,78353.81801276682,69288.29774556949,78350.40534216925,92961.96236837444,131850.94553621893,105948.2340663921,132592.73267250758
2012-04-27,72036.98733203336,63573.84927818685,77328.36020014256,68381.48518622422,78272.21622400524,92869.19177160936,132413.22103118856,106122.055915072,133386.22905633954
2012-04-30,71095.25876410272,62742.75802554138,76317.45832030615,67487.5444413042,77310.65122954562,91728.30464486987,132352.34312871002,105728.97420054808,132434.04550348897
2012-05-01,71374.13655257884,62988.87235025483,76616.82067397734,67752.270633608,78239.92302317351,92830.8762159034,132587.9146794069,106386.65032829484,132652.25738740986
2012-05-02,71352.21756471873,62969.52847591808,76593.29165851953,67731.46392029079,78647.89919637254,93314.93581322762,132329.98143375327,106069.1532919651,133029.1564403494
2012-05-03,70371.41541719393,62103.95413407249,75540.44610573023,66800.43237655827,77928.22505946239,92461.04973898512,130820.94273969947,105260.33737062581,131620.7075480229
2012-05-04,69095.92084454898,60978.308785486166,74171.26192133062,65589.66251437046,76327.34157543836,90561.6176996987,128688.66810259265,103559.53799262703,128347.54442389407
2012-05-07,69500.42149084678,61335.28738874364,74605.47457841931,65973.63685834377,76574.03015802459,90854.31120435816,131705.70924120425,103635.15223361702,128466.57871901391
2012-05-08,68611.86432765298,60551.12079238715,73651.5385444817,65130.071022931304,76655.66863586546,90951.1744314431,129697.90768409472,103219.38107330685,127990.47180790392
2012-05-09,67783.62146787283,59820.182580178174,72763.49973570976,64344.77811759024,76021.4641078355,90198.69718246016,128549.23180534261,102607.09861853055,127593.7311833303
2012-05-10,69374.51878352818,61224.176138325915,74461.70955053823,65846.50541395646,76169.28263134138,90374.08236342367,128999.57064606294,102818.7756272486,127335.8512908259
2012-05-11,69245.98186569085,61110.74015295345,74323.20746939593,65724.02799447699,76402.97925174597,90651.36103654339,129619.3448367725,102508.80232245321,127316.00971919182
2012-05-14,67488.81654716597,59560.012294195774,72510.122741548,64120.716788370824,75318.62890422343,89364.7903320231,128247.71999204648,101374.98041464775,126125.77271078624
2012-05-15,66934.06221183132,59070.43229082294,71934.67233737618,63611.845874951265,74619.49207195341,88535.27156172456,126983.68847468468,100792.93330928891,125709.18294723617
2012-05-16,66837.50309279114,58985.2172491111,71835.60906656044,63524.24420373709,74336.3060139951,88199.27417219988,126078.07811221764,100407.39010769727,124856.17698318664
2012-05-17,65602.32521690006,57895.15206146364,70572.51485051004,62407.289722869966,73139.47604760644,86779.24753914193,124255.77981104674,98918.26034771759,122217.81550652876
2012-05-18,64662.76404989617,57065.97357648025,69605.40338454743,61552.07285014715,72645.18890334423,86192.78084884972,123062.94698004733,98071.65578263067,120630.83030620721
2012-05-21,66449.33038517662,58642.64832553789,71428.66928835004,63164.38727229101,74051.0096864189,87860.7729691474,125616.38763507338,99757.29683707649,124003.17101913712
2012-05-22,67124.02631741157,59238.07879942496,72116.95437933487,63773.03792298711,74114.23495744611,87935.78911284562,125323.43923479792,99931.17042064901,123864.31028706787
2012-05-23,67067.6472751105,59188.32334919805,72061.14362056577,63723.68445727124,73459.27226681313,87158.68251418273,126107.9641114538,99984.08782515377,124102.36374262288
2012-05-24,66930.38954579577,59067.19110146119,71926.91047422784,63604.98205773698,73738.33214147473,87489.78422901781,125784.63906524552,100180.63607311471,123289.03335449919
2012-05-25,66660.97892537584,58829.43171130824,71663.19195335971,63371.77571427641,73753.73068001561,87508.05443903284,125830.59633110209,99855.57835175587,123130.33105079587
2012-05-29,67525.87130144585,59592.713736203215,72511.94237485084,64122.32589048318,74102.79109994898,87922.2110918341,127279.38575016963,101065.03667264817,124697.48224682568
2012-05-30,66071.24353161853,58308.98033729489,71084.46192342105,62860.004627101574,73061.34405726555,86686.5447239604,125848.0422381072,99598.58157705689,123646.10597048933
2012-05-31,65528.77399317924,57830.241873180756,70548.03663542948,62385.64363212674,72698.87735994946,86256.48165882967,125136.10642519582,99379.3660554066,123110.49704650411
2012-06-01,63758.62605734093,56268.05663694398,68828.31007876927,60864.889076434,70890.57259856476,84110.946374816,122687.19947072054,96877.28926900071,119837.33392237526
2012-06-04,63944.75427317512,56432.3179085227,69010.41708973568,61025.926344526546,70470.2469079677,83612.23420018077,123348.6598669317,96831.95472162192,120749.84946664236
2012-06-05,64457.950887143226,56828.79020801726,69502.94071579135,61407.43865959506,71135.49611746865,84317.93341509358,124543.79416415401,97565.19335546598,121245.78281470174
2012-06-06,66381.70559734895,56771.96141780924,71357.525351079,61351.970758370575,72313.31419807412,84233.6154816785,126884.40649901298,99757.29683707649,124023.01259077122
2012-06-07,66152.14091083288,56575.62965127051,71132.23234374597,61158.26771261672,71934.91066457097,83792.83499621069,126564.30229284082,99817.80448940616,123527.07924271183
2012-06-08,66498.27551198917,56871.656094782054,71454.97228795756,61435.75395562203,71996.42923013125,83864.49443062958,127678.31784312736,100611.51382208517,124717.31625111742
2012-06-11,65692.29474279578,56182.35308997992,70689.57520264694,60777.6787299821,71239.24780575128,82982.49739234708,125758.48543718853,99334.03889872672,122614.56369844473
2012-06-12,66411.39594811478,56797.35364648114,71372.62985912761,61364.95735412987,72068.79205868173,83948.78572252904,126666.38159933426,100475.43627295918,124102.36374262288
2012-06-13,66089.66816511459,56522.20076935691,71068.03339378552,61103.070561632114,72023.18856473904,83895.66483855368,125617.23616352149,99832.93325016332,123249.35777857335
2012-06-14,66160.76770409581,56583.00758725263,71134.7949825857,61160.47102533514,72565.033963434,84526.82934083567,125715.46413041984,100891.16308907565,123705.6155507069
2012-06-15,66694.73974788698,57039.67919572532,71637.89636172411,61593.028922340854,72619.45025270022,84590.2157425906,127309.44573713138,101923.04508621988,124955.36970667241
2012-06-18,68283.47499260854,58398.42126486625,73132.72621866234,62878.25787640557,73723.42385006201,85876.1710128384,128512.08266400166,102120.59107853947,126125.77271078624
2012-06-19,69061.79887629382,59064.07113176127,73859.40643083623,63503.04500164049,74508.5025315541,86790.66395944198,129586.87798267874,103108.34321223425,127435.02887962696
2012-06-20,69445.28067433322,59392.03820712962,74212.21580786305,63806.38442486365,74234.27364998775,86471.23052702373,129915.61841190342,102941.22472750492,127534.22160311272
2012-06-21,67593.84381377234,57808.62450798734,72514.03981087501,62346.32196337582,72662.49613869675,84640.35741635165,126932.76238934758,100631.35045807551,124360.24363512725
2012-06-22,68793.78095746489,58834.8528130978,73686.51148716417,63354.39290816822,73694.05606809407,85841.96217479426,128655.8065351331,101406.35393170401,125669.50737131032
2012-06-25,67449.87668530448,57685.49877343049,72407.19673743448,62254.46012981016,72417.77297233965,84355.29349246733,127336.25786805483,99780.3410364125,123249.35777857335
2012-06-26,67686.32341580311,57887.71630521038,72628.80104741653,62444.991697140395,73037.03307285093,85076.63392289948,127711.27826184277,100281.79996038583,124023.01259077122
2012-06-27,68449.90034757624,58540.75406192455,73340.46216088189,63056.865660094954,73671.83013929246,85816.07247023351,128847.7978731629,101185.9706796191,124776.83339867734
2012-06-28,68145.03864032085,58280.02564396173,73056.69073698904,62812.88387940569,73035.92954930876,85075.34849187259,129028.7609742799,100897.26041571202,123388.21851064259
2012-06-29,69052.57728866875,59056.18450679207,73902.89509565492,63540.435806312445,74263.36675063461,86505.11940461474,131646.56621681977,103412.30787878072,127276.34171060834
2012-07-02,68401.7010088563,58499.53229798297,73283.45227847502,63007.8495455204,73991.36293462929,86188.27782293611,131677.5492412614,103723.81844895834,127653.24076354787
2012-07-03,68574.05318969555,58646.93392427189,73450.66108227309,63151.61279390506,73888.96351742602,86068.99863859917,132668.45028518536,104407.6798230962,128724.45861151829
2012-07-05,68576.16897338422,58648.74341664425,73452.21569065504,63152.949419404904,74055.69318848372,86263.21243113524,132890.19426450983,103936.58928112149,128803.80976336997
2012-07-06,68198.12433051635,58325.426386960076,73082.90147489456,62835.4194202281,73554.83333876151,85679.78963466168,131530.31926955885,102948.80019393192,127196.99055875666
2012-07-09,68651.99536100592,58713.59280118136,73528.8033886065,63218.79820244567,73240.23382341155,85313.33077572838,131475.03935190671,102819.65512042404,126958.93710320168
2012-07-10,68143.51344199423,58278.72124089205,73026.87733541285,62787.25083043557,72509.43849634986,84462.06938274467,130536.18106042764,101923.04508621988,125709.18294723617
2012-07-11,68158.26254127652,58291.33518757912,73041.22859344404,62799.5897948089,72166.44141499726,84062.53183447444,130297.88836396267,101938.23297256867,125014.87928688998
2012-07-12,67811.29336769517,57994.59498847648,72696.10663145864,62502.85987857897,72029.30657238525,83902.79135334976,129913.54873903436,101444.34951502232,123844.47628277614
2012-07-13,69138.95982901953,59130.06188315409,74024.322893526,63644.837334638796,73817.71737577708,85986.00811096588,132098.0744240855,103146.39053044523,125729.02451887027
2012-07-16,69679.64867391885,59592.477935369694,74575.72966415981,64118.92737491766,74182.35232343448,86410.75036365844,132462.91260124397,102903.170018595,125371.95190288013
2012-07-17,68901.13156027297,58926.662811439324,73795.41819671422,63448.02902050298,73369.97536643299,85464.45922790989,133120.05125683037,103609.84648040133,126026.5799873005
2012-07-18,68541.86450463875,58619.405032543524,73435.69373013625,63138.74412243541,73604.75480460751,85737.9402754529,134106.39463277865,104377.28926900076,127732.59191539953
2012-07-19,68968.42972060031,58984.21855706549,73860.08468468806,63503.6281526155,75557.8891702492,88013.03402497845,134736.95284709524,104650.83381865587,129141.040807726
2012-07-20,68603.78588045275,58672.3623635885,73494.40061625755,63189.2192915631,74638.4264868254,86942.004893149,133950.89390913534,103693.44267626075,127435.02887962696
2012-07-23,67373.85794479704,57620.484881963195,72259.82149110187,62127.74943238866,73133.23421978865,85188.69309913712,132213.15496926664,102644.85769948235,125887.71925523125
2012-07-24,66831.93163967549,57157.01051039047,71697.85197431472,61644.57772497042,72538.46847543141,84495.88473365917,130964.56547161362,101763.45033302488,124895.85255911248
2012-07-25,65780.29664637687,56257.61540253788,70623.00556152221,60720.44329958303,71320.92876783274,83077.6428414037,130292.53957924615,101786.28759279019,124062.68816669704
2012-07-26,67337.22241783031,57589.15289516413,72222.1316872082,62095.34438842171,71940.69728520908,83799.57549736429,131810.48723536453,103465.49134844779,125709.18294723617
2012-07-27,70006.8157608504,59872.28269587279,74950.47698697358,64441.128665922755,73608.00483649228,85741.72605043945,134946.24317991844,105372.63904121937,128684.79060293481
2012-07-30,68882.39079821813,58910.63505483462,73829.2594034762,63477.12510697,72811.91874685076,84814.41120795415,134105.87353159822,105372.63904121937,128585.59787944905
2012-07-31,68225.50135773116,58348.84018024524,73219.70250270693,62953.038586766794,73501.85527235975,85618.0785359002,133722.54929230563,104635.60897881234,128545.92987086557
2012-08-01,67499.46116168442,57727.9051556503,72546.52569159711,62374.25276386692,72515.1932022531,84468.77270826143,133126.95946013846,104544.45209792379,128169.01568324133
2012-08-02,66999.4930286153,57300.31488352164,72078.12578667191,61971.53059645981,72307.46030716103,84226.79662125549,132457.8111785079,103822.63948466134,127712.75034376544
2012-08-03,68588.62569907514,58659.3968450844,73563.24390094542,63248.409561521315,73699.6392365699,85848.46568624,134568.77257925228,105881.73255721139,130132.90750384478
2012-08-06,68799.22308542118,58839.5071116818,73759.26879096655,63416.94838431986,73585.03353481094,85714.96810393406,135211.97461096884,106086.89096945275,131124.77419996355
2012-08-07,70358.28747757054,60172.87362768946,75192.2468285121,64648.99820981949,73375.49280620716,85470.88617577606,135872.92267256597,106618.72566612368,132215.83361956806
2012-08-08,69318.92136004334,59283.971292441405,74216.97783678002,63810.47873527345,73511.35529733883,85629.14456793081,135303.82240471142,106747.89291172843,132156.3240393505
2012-08-09,69298.63897171644,59266.625083012244,74197.19398168946,63793.46891755581,73220.98616458356,85290.91028635357,135646.04620318254,106839.13109030545,132553.0646639241
2012-08-10,69466.77337279158,59410.41951620658,74354.4042992848,63928.635639784035,73331.60748732147,85419.76669498194,135893.114783924,107013.86938565552,132632.41581577578
2012-08-13,69498.03743738869,59437.15764010833,74383.75440688505,63953.87035657652,73148.4126250399,85206.37354935212,136014.06957752613,106960.66374389158,132949.80528849774
2012-08-14,68882.1457916907,58910.42551666446,73804.43799070777,63455.784083961466,73245.67935345184,85319.67396008658,135018.61806765143,106975.88119303617,133009.3300034
2012-08-15,69308.217493404,59274.816970502805,74210.86279043603,63805.22112379328,73865.89465895345,86042.12705380561,134546.07460248208,107097.42862802019,133346.56104775605
2012-08-16,69963.80682575714,59835.499947045166,74838.06913559427,64344.482332170235,73697.53171323134,85846.01075366656,135610.7324405223,107887.67911358911,134933.53868073528
2012-08-17,69751.2761729788,59653.73628323061,74627.99107255875,64163.8608333596,73539.25435284298,85661.64257109525,135336.87963698266,108032.01207344579,135528.6647522804
2012-08-20,68910.52383529423,58934.69541425257,73796.39281271197,63448.86697854454,73500.76701036855,85616.81088217522,135251.8663508661,108039.63927476548,135727.0350645672
2012-08-21,68758.6696972233,58804.824432630165,73645.66718589046,63319.27568170803,72876.15435252294,84889.2355659362,134842.73026392775,107712.88908334638,135191.43370792436
2012-08-22,69382.58445272464,59338.4182008014,74258.75586298335,63846.398762339384,73202.33621913215,85269.18603887121,135361.88281758752,107758.47491448958,135746.8766362013
2012-08-23,69498.5581065557,59437.602934630275,74372.45796731657,63944.15787248082,72853.68260526482,84863.05952161113,134599.5434106675,106877.09711082795,134635.9907796474
2012-08-24,69095.58074707986,59092.9625717691,73973.50231093273,63601.142673398135,74091.90419282719,86305.39254485154,135362.15762694832,107522.93333885171,135469.15517206283
2012-08-27,68524.63733550669,58604.67175366034,73397.04739703146,63105.516671134385,74085.2652671603,86297.65924265071,134991.42741932988,107545.77059861703,135687.36705598372
2012-08-28,68863.61958280549,58894.58125345087,73737.56596301988,63398.288666805725,74215.58245690413,86449.45823254997,135331.20581076152,107439.381487186,135687.36705598372
2012-08-29,69079.35736011103,59079.08776257622,73963.43780757414,63592.48938682863,74587.10311640802,86882.22125445255,135862.73707974798,107522.93333885171,135687.36705598372
2012-08-30,68872.64170037351,58902.297284635504,73746.95141980056,63406.35812082798,74406.39252684714,86671.72189505595,134819.0174695551,106747.89291172843,134318.58617224073
2012-08-31,69288.90128227024,59258.29706967535,74182.02894714591,63780.43028215906,74571.47311067353,86864.01476084045,135269.49587899243,107257.00859981727,135211.27527955844
2012-09-04,68967.02857234114,58983.02024596158,73837.42583981727,63484.146468222825,75085.95509320192,87463.30519537709,134965.78779863633,107158.231908308,135072.39941280452
2012-09-05,68741.47473805027,58790.11870083298,73595.943571303,63276.524174657265,75273.10287693363,87681.30287157164,135011.7103037309,107067.03807392472,134933.53868073528
2012-09-06,70384.9446568916,60195.67178182397,75355.47404208631,64789.338155535144,76455.20411166729,89058.26452754322,137343.56525503838,109240.11050573073,137928.98034072565
2012-09-07,70525.32742385629,60315.73204478538,75505.77052954583,64918.56048574257,76249.08338819254,88818.16636641591,137725.20528074488,109665.65217005702,137730.61002843882
2012-09-10,68774.63767201923,58818.480804380124,73631.44844556325,63307.0506537732,75403.25408712646,87832.90852145002,136708.4750461494,109042.6014669059,135965.0885201222
2012-09-11,69097.9306478474,59094.97228927349,73975.66823351746,63603.00489631616,75353.03689173175,87774.41340233738,136687.8792622636,109346.5291799576,135746.8766362013
2012-09-12,69392.65611542034,59347.03183976755,74282.89987425185,63867.15736721035,75672.79597990788,88146.8823505372,137072.86133861326,109711.24539189917,136143.61726077492
2012-09-13,70370.89296310453,60183.65428076166,75303.20504678092,64744.39817400175,76816.26319140744,89478.84145761858,139246.807981315,111382.88107182871,137988.48992094322
2012-09-14,70724.79232118599,60486.32141656346,75681.89763320523,65069.99153467964,76751.4023643306,89403.2888152262,140011.72829525007,111876.7571386761,139218.41007261697
2012-09-17,71721.03668116778,61338.3445132682,76747.79204901443,65986.42918730975,77067.14072985176,89771.07425514222,140077.99609424398,111496.8382589878,139277.91965283453
2012-09-18,71398.30425348286,61062.332428795096,76402.44007986282,65689.50151488151,77214.08112310154,89942.23665754333,140290.11769434914,111405.62964320659,139396.9388132697
2012-09-19,71660.9581741779,61286.96326823726,76683.50278362674,65931.15438467701,77511.00077169776,90288.10125780631,140822.67177128716,111466.46248629021,139654.83384045877
2012-09-20,70883.87901136187,60622.377930259194,75851.96000687424,65216.20823327039,77784.21775556041,90606.35598886058,140964.32013448092,111474.03795271725,139515.97310838953
2012-09-21,71641.39286052385,61270.23032620301,76662.56618408524,65913.15345714301,78127.48302456643,91006.20593348445,140884.317656661,111427.43220511849,139158.9004923994
2012-09-24,71409.27269939633,61071.71302820286,76414.1772778318,65699.59295545536,78258.87520746497,91159.25712100515,141659.49274096283,111259.38988301999,138345.56253693337
2012-09-25,68677.48531699427,58735.39270500855,73490.92547266421,63186.23142298058,77565.81354042064,90351.9494956487,139248.15317160118,110075.38512932243,136401.51228796403
2012-09-26,68274.7305983993,58390.94275243265,73059.16954453093,62815.015115418624,77250.52710937966,89984.6904881836,138856.1001206801,109456.57668737046,135290.6112967254
2012-09-27,69855.67592410468,59743.02260978112,74732.89807310975,64254.05806481464,78426.48137823952,91354.49189758737,140236.2125315268,110487.8896006953,137155.32552852778
2012-09-28,69505.8691230965,59443.85557223942,74359.59340767664,63933.097145767446,77785.47411644238,90607.81945130331,140607.440450271,109976.06891678959,136024.5981003398
2012-10-01,69562.69758891645,59492.45726814238,74418.23414257035,63983.515439209485,78002.80484789315,90860.9755051834,140768.24299753635,110266.33122747685,135826.22778805296
2012-10-02,70098.54870608677,59950.735926033616,74971.21071300076,64458.95516630475,77899.10665942168,90740.18345698706,141894.27830916573,110380.93879614382,136222.9684126266
2012-10-03,70213.63404317187,60049.16094024434,75090.12012847504,64561.19143283978,78588.7316954862,91543.48794881663,143180.69445874327,110831.62361830883,137095.81594831022
2012-10-04,70752.40157000921,60509.933813907875,75646.38287341398,65039.456556154466,79324.60985943166,92400.67004578648,146108.4471361655,111626.04245808734,137571.9077247355
2012-10-05,70175.79300730146,60016.7979599757,75048.96194399206,64525.80433500471,79280.38128191858,92349.15072278416,145569.8775597085,111633.67705010597,136837.93605580583
2012-10-08,70005.9311384056,59871.52613575042,74873.24884311893,64374.72923852972,79968.5303566895,93150.73595229741,145475.1376010739,111251.79963519509,135588.17433249796
2012-10-09,68993.8176912896,59005.93123949017,73828.15600061581,63476.176420202966,79355.45950713092,92436.60502388647,143920.91233184308,110151.73844020776,133425.91219960773
2012-10-10,68583.59684369841,58655.095991696275,73396.62407030296,63105.15270210739,78524.12508308014,91468.23142645507,143426.9101524719,109449.01600234136,132751.43497621093
2012-10-11,68876.27215489073,58905.40217659218,73701.42471815602,63367.215047209866,78307.33624072387,91215.70658797599,143127.7715307116,109510.10012918942,132334.85278000322
2012-10-12,68359.48365814504,58463.42653986516,73160.22715187396,62901.90270492113,78344.61561800234,91259.13118780099,142738.15199659564,109151.0821461407,132275.34319978562
2012-10-15,68696.23374772728,58751.42702013559,73513.03557147719,63205.24130496798,79032.4638918315,92060.36603161908,143016.9394357461,110060.10855458622,133247.3683242703
2012-10-16,69701.0617860938,59610.79117946738,74564.84653908112,64109.57025149856,79203.46194819668,92259.55182040101,144499.95429238427,111175.38719871815,135131.92412770676
2012-10-17,70237.15746338996,60069.27899375047,75125.45980151236,64591.575874790775,80175.70017884321,93392.05614806255,145028.87056982028,111679.53633711048,135052.57297585512
2012-10-18,69928.39122671488,59805.211285367586,74800.02647209252,64311.77390559225,78756.78914426958,91739.24839316407,143821.87747093788,111389.25185432636,133485.4217798253
2012-10-19,68665.77602239042,58725.378505832756,73466.58641197467,63165.3051179782,77704.53175954278,90513.53436088985,141166.20342146148,109533.01129594426,130291.60980754811
2012-10-22,68920.78221832395,58943.4687429932,73739.3219174357,63399.79840615613,77197.7222104744,89923.18110226675,140996.2500868982,109548.3174334763,130966.07189626021
2012-10-23,68714.91181085723,58767.401154422,73519.05825006503,63210.419500243,76646.28178393032,89280.8399045817,139707.38996982886,108028.20586348492,129716.32530763706
2012-10-24,68120.66909289232,58259.18395280696,72883.26954212063,62663.779324222414,75899.17017132818,88410.57261015999,139686.46343074655,107722.65219666353,129260.07510284586
2012-10-25,68827.93408952192,58864.06176875789,73639.98238821392,63314.38799061861,75563.1965125149,88019.21624235567,139927.3080888254,108035.78872061087,129260.07510284586
2012-10-26,69324.27930057037,59288.55359098493,74171.02916571188,63770.97285961574,76413.4252885023,89009.59878230968,140126.17403618508,107974.70459376283,129636.9741557854
2012-10-31,69548.02784975381,59479.91119301135,74410.42091034606,63976.79775677032,75969.72655508932,88492.75967855011,139820.77262027326,107974.70459376283,128843.47777195345
2012-11-01,71479.31877341977,61131.618885940945,76476.7364475856,65753.3802516728,76604.78366147452,89232.50113143987,142087.75109179897,109105.23024983518,130668.52399517233
2012-11-02,70537.77735026137,60326.37965823794,75469.36793164298,64887.26215930708,76119.17524001081,88666.84384547734,140823.480444022,108135.13449593954,129279.90153979525
2012-11-05,71511.00059642359,61158.71429147525,76510.6332791394,65782.52416337737,76933.32983608713,89615.20565061724,141723.54005818392,108356.65591566324,130132.90750384478
2012-11-06,72501.9808097346,62006.2353054299,77570.89705751133,66694.12069095862,76852.35678693114,89520.88480856176,141481.13031129233,109204.53907166909,130370.96095939977
2012-11-07,71340.89847397593,61013.23699399117,76328.6386069624,65626.04828013104,76398.14134277902,88991.79539407649,139833.70082339435,106729.54919692664,127296.16814755772
2012-11-08,70783.51408077011,60536.54232365667,75732.2851431819,65113.31384754662,76083.16736264207,88624.9003426767,138849.98997704787,105446.26518419098,125292.60075102845
2012-11-09,69972.13580098054,59842.62317860082,74864.18001952427,64366.932020264976,75522.80437395173,87972.16576616128,137882.0559107118,105537.93941400626,125828.20967501367
2012-11-12,70247.76024074406,60078.34686058895,75159.07451488348,64620.47722614296,76068.68852456013,88608.03477797205,137766.68608832505,105621.9420983081,125808.36810337959
2012-11-13,70279.0690914401,60105.12328713234,75192.57229807792,64649.278042944046,76641.06972900288,89274.7686819376,137298.22153435406,105255.26735114394,124935.52813503832
2012-11-14,69435.98956405451,59384.09212395006,74290.54956021994,63873.734435396414,75938.81151634721,88456.7485301899,136012.06530532817,103834.4202587927,123467.56966249426
2012-11-15,68720.38210186228,58772.07953903245,73524.91099195827,63215.45158687607,75775.8838028639,88266.96341909305,135208.49247511427,103658.75812607347,123050.97989894422
2012-11-16,68895.80745401581,58863.337369610155,73712.60106305977,63313.60882439524,75539.33865258376,87903.15863177924,135520.7783702368,104170.5788099792,123586.5888229294
2012-11-19,70870.9629568536,58804.47403224055,75825.8479353802,63250.29521557084,76804.83801414852,87815.25547314745,137457.85994042273,106278.88654685847,126522.51333535988
2012-11-20,70979.75361707807,58894.74199654089,75942.2446049724,63347.38774950583,77104.52851326883,88157.9083375188,137343.54635001026,106324.69409897031,126562.1889112857
2012-11-21,70842.9436564977,58781.22529747758,75795.86968872738,63225.288796223555,77099.10347846593,88151.70559262038,137690.44535995548,106523.31913333706,126820.07637113244
2012-11-23,71519.48396132581,59342.57786173227,76519.70975150858,63829.081551680574,77842.021265899,89001.12493892461,139405.38461469143,107974.70459376283,128744.30018315239
2012-11-26,71843.71882369083,59611.60850205105,76866.61322711123,64118.45183688826,77583.1103936742,88705.09769666927,140194.727732076,107745.55597271945,129299.74311142934
2012-11-27,71258.17069704941,59125.75578930218,76240.12698567848,63595.86698227662,77300.56536846657,88382.04820899632,139376.68986520183,107195.56971941947,128863.31934358753
2012-11-28,72324.6543646567,60010.65996614824,77381.17298014012,64547.67296888093,78733.55951037718,90020.47034381317,140605.10971685091,108058.7220594626,129974.20520014146
2012-11-29,74077.2511751401,61464.85967405686,79256.30115251521,66111.81519345364,79138.98491172299,90484.01581978862,141347.25578570366,108562.90076065072,130747.87514702401
2012-11-30,74145.70854449218,61521.66149288964,79329.54466243771,66172.91142582509,80472.52337493032,92008.72472950922,141756.8891071458,108585.81192740556,130529.6632631031
2012-12-03,74469.07242120428,61789.96944155767,79675.51625814318,66461.50438139906,80772.1472468389,92351.30141527293,141924.5389738189,108051.10224884187,130271.76823591402
2012-12-04,74167.83032244396,61540.01681731078,79353.21306626697,66192.65447612053,80718.94529065031,92290.472651159,142065.78804934982,107898.27737588798,130192.41708406236
2012-12-05,74105.98893008012,61488.7045393389,79287.04808391238,66137.4628128446,81172.26885020103,92808.78276316795,141675.51885516194,108089.30477173085,128744.30018315239
2012-12-06,74337.67284690171,61680.94195649828,79534.92999087452,66344.23404219262,80262.19950703462,91768.249719485,141419.16303920402,108455.94995609923,129577.46457556782
2012-12-07,74200.53036550226,61567.149351604785,79388.19930589135,66221.83832364719,80851.1920955262,92441.67779989645,141643.3399313396,108784.42218037441,128803.80976336997
2012-12-10,74583.99799148785,61885.3277862368,79798.4767549762,66564.07214603746,80466.25701165518,92001.56004683922,141958.4245431075,108830.25929528206,129180.72395099419
2012-12-11,75248.15242478315,62436.40329723117,80509.06499822214,67156.81086753942,81021.38103100848,92636.26430296709,143004.42262384354,109571.1768653385,130866.89430745915
2012-12-12,75424.15421206983,62582.43902326508,80697.37180544414,67313.88739846121,80457.20712838465,91991.2128104938,141697.46545111938,109624.67074436162,130589.17284332067
2012-12-13,73881.02571957339,61302.04356115372,79046.35675590935,65936.6896205027,79903.4343773205,91358.05353477465,140350.6316593657,108952.50884666665,129557.62300393374
2012-12-14,72767.00987145252,60377.70003202445,77854.45540769934,64942.462530469136,78677.60928244176,89956.49932731259,138994.67535241408,108547.60201381762,128327.71798694467
2012-12-17,74283.13033099531,61635.68584840471,79476.57417991072,66295.55641613892,79543.87974210503,90946.954664386,140370.83528261766,109823.25143453466,130033.72991504372
2012-12-18,74965.40808400078,62201.79900300953,80206.55281983102,66904.46967900632,79725.58732588925,91154.71108057011,141686.43120357438,111045.51044601388,132017.46330728126
2012-12-19,74947.73063439626,62187.131315668266,80187.63946590335,66888.69306388081,79740.15274187492,91171.36453312497,141153.43398982938,110220.47194047234,131442.1788073702
2012-12-20,75075.64051616029,62293.26326318023,80324.4920616551,67002.84895290816,81273.53086601692,92924.56127424253,142082.84521204297,110854.52000366578,131442.1788073702
2012-12-21,74147.34882855277,61523.022502214495,79331.29962560681,66174.37533215206,81263.6669687519,92913.28333029154,140838.52766528155,109848.31329468488,129339.41112001282
2012-12-24,74173.69934182659,61544.88657755506,79359.49241330374,66197.89240704585,80670.09620881398,92234.62077109524,140343.74451814633,109509.77493843544,129081.53122750844
2012-12-26,73544.15308535022,61022.5268557943,78685.93194904244,65636.04048754773,80408.07825622383,91935.04103054536,139446.5614601246,109048.19622601348,127950.80379932043
2012-12-27,73689.97764561251,61143.52332895394,78841.95171327822,65766.18471166228,80071.46252893226,91550.16949311769,139216.82022725037,108902.07471701012,127752.43348703362
2012-12-28,72888.05797436438,60478.13848703267,77983.96648898446,65050.49447931003,79489.41272539584,90884.67948601385,137709.7205093996,107725.0246110275,126522.51333535988
2012-12-31,73900.04270098488,61317.8227116397,79066.70329390651,65953.66172922259,80640.68198012662,92200.9898427122,139447.324018475,109555.96680689284,129200.55038794359
2013-01-02,75892.44203000577,62970.99616543617,81198.399580309,67731.82080157212,82190.51451706848,93972.99983181048,142573.65856464472,112363.9076694761,133306.8779044879
2013-01-03,75065.23595814066,62284.630185028676,80313.36007753473,66993.56318425381,82166.8848942703,93945.98276600566,142215.74696603874,112110.05194183225,132612.5742441417
2013-01-04,75194.23165980345,62391.66308076227,80451.37440738878,67108.6881362977,82578.87610303539,94417.0352958441,142670.3162379385,112602.34639910364,132176.15047629987
2013-01-07,75063.88622896333,62283.51026071769,80311.91598315412,66992.35858979983,81726.7179479786,93442.71534381123,141965.4861114291,112294.66421098374,132215.83361956806
2013-01-08,74507.65214113091,61821.980579038296,79716.79324739937,66495.93567135037,82037.103028728,93797.59591990255,141825.77811654104,111971.54285275066,131957.93859237898
2013-01-09,75324.26801117927,62499.559445206796,80590.50214312304,67224.74183826707,82273.3225096574,94067.67882876475,142995.1890364142,112256.17345083557,132453.87194043834
2013-01-10,75825.98489905467,62915.85402444889,81127.29615380711,67672.5097244192,82442.00075182498,94260.53807190224,144723.36120928708,113148.53383314167,133247.3683242703
2013-01-11,75887.04979820407,62966.52201492756,81192.63035506399,67727.00838984385,82196.80674853407,93980.19409102557,144010.7746202289,113140.899241123,133425.91219960773
2013-01-14,76266.37144511598,63281.26036481111,81598.47196236445,68065.54204520622,82526.6436597122,94357.31502986857,143249.09984612194,113063.94728362249,132830.78612806258
2013-01-15,76482.25343834738,63460.386293616866,81829.44716726913,68258.2105124306,82174.6156741174,93954.82179782752,142659.67429591838,113140.899241123,132176.15047629987
2013-01-16,76587.15868001751,63547.430370658585,81941.68677247029,68351.83542210392,80832.22530632286,92419.99201183337,141635.70197963313,113125.52658730038,132711.76696762745
2013-01-17,77208.31272318661,64062.826737204305,82606.26828874601,68906.19753270072,81641.37117475292,93345.13361734184,142589.70623402766,113856.32629048993,133346.56104775605
2013-01-18,77193.77758049188,64050.76634765285,82590.71693352652,68893.22533607626,81350.59870049743,93012.67722824561,142026.61431912213,114110.21897162855,133048.9980119835
2013-01-22,77937.40454770975,64667.783400321634,83386.33396742004,69556.89100738123,81175.19378123315,92812.12699996961,142172.96952426856,114725.68681765372,133267.2098959044
2013-01-23,78289.09771621261,64959.597296051164,83762.61547400893,69870.76704073847,81722.44519863234,93437.83007114982,143213.17442826804,114910.2399612136,134080.53271668573
2013-01-24,78800.90946399694,65384.26798452906,84310.21011841446,70327.54429889235,82163.59786964636,93942.22452740296,143126.68997295288,114941.08134794522,132235.67519120214
2013-01-25,78979.12773743187,65532.142817818065,84500.88837558743,70486.59897992485,83325.28045827031,95270.44102959684,144020.7256688837,115587.27972021767,132910.13727991426
2013-01-28,79536.93344285642,65994.97653350559,85097.69260728324,70984.42452185394,82686.79190671997,94540.42145373698,143883.29336082423,115448.82236602876,133207.70031568682
2013-01-29,80184.05361040274,66531.91803254212,85790.05564812633,71561.96065131464,81822.97769750012,93552.77448480514,144059.74480611616,115902.6925794426,133227.5418873209
2013-01-30,79916.44978237421,66309.8764276353,85503.74251896271,71323.13193476503,82261.4729056207,94054.13051549901,143993.6851869628,115448.82236602876,132949.80528849774
2013-01-31,79763.60575166887,66183.05561894858,85340.21252379178,71186.72303525655,80987.76355874837,92597.82757175053,143205.32207295325,115164.17698654594,132652.25738740986
2013-02-01,80595.16253396457,66873.03155790415,86229.90691333146,71928.8635364479,81704.3367265115,93417.12564488403,144519.34609618635,116348.86907524616,134219.40858343968
2013-02-04,78020.74218183615,64736.931970306156,83475.49808356742,69631.26744790272,80421.67549768474,91950.58751516134,140927.33842132267,115041.07750478179,131878.60257521202
2013-02-05,77691.12693607942,64463.43701057868,83122.8380595016,69337.09532533177,81365.59249578971,93029.82047075672,141233.0092415298,116202.71800344701,133822.65282418136
2013-02-06,78994.71373691379,65545.07514529832,84517.56405738048,70500.5090359948,81683.73597352141,93393.57165488107,140984.80506863428,116287.33411576199,133386.22905633954
2013-02-07,78278.69813915483,64950.96835080296,83751.48881909024,69861.48571744924,81222.09391521814,92865.7505392427,140860.28291654805,116133.48932635256,133505.26335145938
2013-02-08,77634.81454807294,64416.712368778106,83062.58863728821,69286.83813935459,81600.32423578692,93298.20236242497,141123.09799638472,116779.71726142082,134874.02910051768
2013-02-11,77067.35848124014,63945.87136204842,82455.459347118,68780.39992754572,80917.90952451258,92517.9595579528,140430.29444824494,116756.59176439633,134913.71224378588
2013-02-12,77095.0244453095,63968.826919554864,82485.05955426893,68805.09100442406,81007.94648341007,92620.90383531919,139883.40896120406,116948.9273139539,134358.26931550892
2013-02-13,77690.05842558213,64462.55042466013,83121.69484497332,69336.14171045796,81625.5301336801,93327.02167147049,138987.12531882327,117048.9160800915,134834.3610919342
2013-02-14,78002.43614595899,64721.74271978013,83455.9121962758,69614.92983761565,81552.1164838826,93243.08375064579,137289.62390223506,117156.59856383936,134794.67794866604
2013-02-15,77456.62222604953,64268.85906841375,82871.9381458983,69127.80661921013,81526.97359573307,93214.33648415489,137183.8977914165,117018.16338174732,134397.9373240924
2013-02-19,78666.14632047206,65272.44961148484,84166.02512075282,70207.27207093747,83114.48699476014,95029.42910471254,138571.94129371468,117895.16589162868,135369.96244857708
2013-02-20,77153.38841435887,64017.25384024554,82547.50399212335,68857.1791674503,81998.50228054765,93753.46153135937,136872.54869924116,116425.81364204772,133287.0514675385
2013-02-21,75141.5682029787,62347.96610318366,80395.02902837397,67061.68751640676,80141.00739462259,91629.68401727195,135476.33974734927,115718.03596609736,131858.7610035779
2013-02-22,75676.69355920322,62791.98102553283,80967.56723294372,67539.27149927353,80857.51976338604,92448.91257551772,136325.93597669466,116848.8942036226,133187.85874405273
2013-02-25,73483.43766969947,60972.14884575983,78620.971665135,65581.85372608966,78960.45968884308,90279.89797433844,133940.23649449492,114625.63153522553,131541.35639617126
2013-02-26,73842.6418608389,61270.19493754203,79005.28932131914,65902.43313102976,79289.24627805734,90655.81802149324,134307.83566976205,115410.35377797748,132037.28974423063
2013-02-27,74741.97191960698,62016.40507609252,79967.49530011161,66705.05933138133,80134.96897183725,91622.77995167843,135929.6364287854,116864.30381094,133386.22905633954
2013-02-28,74839.4808560326,62097.31214269246,80071.82149348155,66792.08325144339,80560.4388280259,92109.24337095479,136762.19744939206,116633.52923612691,133108.50759220106
2013-03-01,74807.87140180351,62071.08451359252,80038.00209030573,66763.87272306647,81517.11409700268,93203.06356929388,136998.13564248246,117018.16338174732,133663.950520478
2013-03-04,75671.25377364538,62787.46741776978,80961.74712926091,67534.4166471862,82580.45996598809,94418.84621470576,138547.97190762978,117641.30277328585,134259.07659202316
2013-03-05,76953.46650063983,63851.37062809101,82333.60470253928,68678.75461195938,83868.9190336263,95892.01333694484,140195.3065060439,118695.2681789022,136242.80998426068
2013-03-06,77437.49065545078,64252.98483869353,82851.46900730525,69110.73224293777,84472.57239008805,96582.20389115378,140866.04647485752,118856.79190452395,135905.57893990463
2013-03-07,77854.10828702229,64598.66915953499,83297.21411730144,69482.55149146347,85427.9753514833,97674.56938926561,140860.653732005,119072.16426271864,136262.6515558948
2013-03-08,78184.71584056497,64872.98747674198,83650.93582553443,69777.60922018097,85780.91926834057,98078.10985660968,141291.93778726738,119579.94962499592,136421.3387249134
2013-03-11,78702.78407655787,65302.84942385452,84205.22437536638,70239.97021403836,86817.50416526115,99263.29518993357,141996.22652568962,120033.83461980765,136818.09448417174
2013-03-12,78700.03166853338,65300.56564077257,84202.2795350028,70237.51376907362,87229.09281216499,99733.88744834116,142417.68248565795,119764.56189414744,136322.16113611235
2013-03-13,78899.72126949042,65466.256093731914,84415.93026986954,70415.73099210896,86463.67414080094,98858.74158634001,141766.84890695076,119933.82368157318,136143.61726077492
2013-03-14,78198.55238773953,64884.46821363443,83665.73974350358,69789.9579404049,85308.98830652467,97538.52486367057,141665.2365792206,120572.34311763333,136599.88260025083
2013-03-15,77213.24093443067,64066.915871287325,82611.54105181838,68910.59581943287,83870.61084721623,95893.9476817915,141104.93673775965,120413.16224357966,135905.57893990463
2013-03-18,76242.72246979465,63261.637863618045,81573.16958841987,68044.43601520159,84299.64695752274,96384.48859832635,141970.64341837756,119748.5610309138,135608.01590413207
2013-03-19,76185.92585607762,63214.51144036801,81512.40208625437,67993.74667171075,84499.33865195555,96612.80725136815,143348.61478150106,119470.41946650977,135350.13601162768
2013-03-20,76780.96516063565,63708.239363245935,82149.04307348718,68524.80212951617,84611.87305935884,96741.4741165182,141769.7216922389,120304.97719230299,136302.31956447827
2013-03-21,76115.80796863677,63156.331823227476,81437.38196448918,67931.1684747244,84238.11755688257,96314.13860246632,141350.05174828024,119277.21920517465,134755.00994008253
2013-03-22,76374.74254256417,63371.18020108615,81714.41973579452,68162.26013143573,86093.94563912768,98436.01036693218,143263.30736863558,120235.46027794939,136064.26610892327
2013-03-25,76381.78438040712,63377.02309574001,81721.9538979279,68168.54476909048,85842.58620722897,98148.61710762078,144137.49024592122,119733.14403289746,135568.33276086388
2013-03-26,77028.65670337733,63913.7589482137,82414.05176634557,68745.85970439843,86283.67509945348,98652.93864202632,144418.03206363344,120691.33337077952,136302.31956447827
2013-03-27,76686.73249226777,63630.050747361,82048.22220575665,68440.70218442516,86337.38271444205,98714.3455540519,144610.58223133176,120691.33337077952,136480.86343981567
2013-03-28,77320.6148672958,64156.008320203975,82726.42194472528,69006.42396496424,86325.94050481752,98701.26303754208,144816.61433684104,121062.22081634702,136818.09448417174
2013-04-01,77546.53806622355,64343.46583919827,82968.14037794877,69208.05391934945,86194.1143010291,98550.53878548906,143418.04478532294,120583.16310090077,135885.73736827055
2013-04-02,78032.78764205684,64746.92657067843,83488.38569221414,69642.01767455658,86228.0241460117,98589.3098027478,144750.20354997707,121178.2030550193,136956.95521624098
2013-04-03,77069.67065654867,63947.78986642898,82457.933176258,68782.46347747858,86301.64335781551,98673.48275408053,143054.09942540337,119949.46979125708,135707.20862761783
2013-04-04,76520.2203823514,63491.888986392805,81870.06853887894,68292.09491750275,87099.00071253884,99585.14589430515,143317.25062127927,120436.3173034,135746.8766362013
2013-04-05,77194.01619963972,64050.96433950867,82590.97223553542,68893.43829679971,87259.80355895213,99769.00075818744,143604.44991099936,119895.42160981249,134616.1492080133
2013-04-08,77201.8734331485,64057.48380057643,82599.37880105073,68900.45065162421,87751.2464948254,100330.89487944367,143885.74270797044,120706.80949438749,135330.2944399936
2013-04-09,76601.8651572323,63559.63292331766,81957.4214409216,68364.96052985755,87544.82966972908,100094.88700938669,143768.62353237122,121124.08096658516,136242.80998426068
2013-04-10,77821.47182178813,64571.58937830591,83262.2959004924,69453.4243853155,89488.44245542532,102317.12792193636,145929.59626322179,122607.71943724259,138901.00546521033
2013-04-11,79337.7473098336,65829.70382803868,84884.5805398965,70806.65662946318,90336.30807184178,103286.53997510407,146638.26786002048,123009.47783233754,138841.49588499274
2013-04-12,79441.45722474687,65915.75609463644,84995.54124805554,70899.21474440004,90544.87514675866,103525.00634572175,146841.13897842672,122708.14425461846,138742.3182961917
2013-04-15,77839.30550399356,64586.38669808816,83281.37640989454,69469.34043354193,87530.71083485661,100078.74415792881,144030.60114577386,119864.49153469341,136004.75652870568
2013-04-16,80022.30869458639,66397.7118032891,85617.00246979606,71417.60796795641,90627.34334135416,103619.29683267623,146156.58541889835,121634.02441295676,137809.9611802905
2013-04-17,78321.04426679056,64986.10462748142,83796.79554134703,69899.27841790719,89980.97955284822,102880.27305912458,144494.62281782913,119856.78303568524,135112.08255607268
2013-04-18,77202.16744178564,64057.72775130813,82599.69336505949,68900.71304587314,88248.46340549078,100899.39070815184,142519.35400056207,119107.29225484311,133247.3683242703
2013-04-19,78272.80001234915,64946.074438964984,83745.1783296089,69856.22180898639,89609.49798492446,102455.53746128656,144099.23913033438,120142.72917818383,135072.39941280452
2013-04-22,79198.52093951692,65714.18213711889,84735.62027261956,70682.40110002043,89748.15407141618,102614.0706992049,144820.80686865453,120675.89420066633,136461.0218681816
2013-04-23,79626.38050307099,66069.1943387984,85193.3932850097,71064.25344936801,92307.02669276267,105539.77250102877,147242.82228623342,121919.99272755222,137770.2780370223
2013-04-24,82861.49808615664,68753.50085826285,88654.69144822881,73951.5028058051,95183.87574219759,108829.03448980181,148996.94167485458,121997.2698758067,137710.76845680474
2013-04-25,85703.983339048,71112.0246212663,91691.76109538764,76484.88102713077,97802.55989202403,111819.07343535726,150413.80914503406,122491.70024507555,138444.7552604191
2013-04-26,84696.90712359498,70276.41318480045,90660.53580938952,75624.68222224923,97710.8820412312,111715.89042672618,149732.65614056084,122275.39665881282,138008.3314925773
2013-04-29,86891.36109110498,72097.23945783911,92792.27763211471,77402.87927882094,100088.01319041033,114277.50417250817,152371.6061294508,123094.44869820226,139277.91965283453
2013-04-30,85380.61905728298,70843.71633650965,91335.01129530587,76187.29740904189,100168.75515075742,114363.89749200064,152738.05080491077,123388.09594901008,140289.6279205874
2013-05-01,83520.8988115458,69300.63202757678,89584.43912402344,74727.05384243996,99120.5103870533,113241.0922417751,151214.70771905108,122306.29717113607,139634.9922688247
2013-05-02,84000.31346102199,69698.42154714293,90029.95872364295,75098.68498099671,100474.31499632944,114692.51960270035,152680.9498116867,123442.22542814317,141400.5137771413
2013-05-03,84475.04768655304,70092.32753166374,90483.14118709498,75476.70811400919,101970.25250796448,116309.08217829221,153694.86037073654,124694.02506333827,143066.85769665687
2013-05-06,87226.13515866654,72375.01489846037,93108.4178538476,77666.58832921182,102337.04316895627,116703.87158249145,154741.74512744902,125010.80520186953,143622.30062493382
2013-05-07,85679.2660474034,71091.5156952687,91620.07471637413,76425.08367887819,101227.06689670903,115514.04608585662,154681.1610130566,125644.4837301153,143542.94947308218
2013-05-08,86213.67313335939,71534.9346400328,92115.41386629935,76838.27190318001,101673.41300156893,115993.58904704129,158611.39920359565,126216.28732672504,144237.25313342837
2013-05-09,90347.36570340203,74964.82478475012,95907.64480318563,80001.56954922927,101540.27995891075,115850.95111536812,160416.0160265903,125860.83905127074,144038.88282114154
2013-05-10,92537.14873788704,76781.77539773966,97902.74183535288,81665.78405792596,102851.42667885087,117258.01056613502,161515.34875475522,126270.37246166443,144911.73035682517
2013-05-13,96365.17958952668,79958.04578293119,101133.14090913095,84360.42843901744,103225.13183196438,117658.0648465416,163441.45825954614,126370.81206043817,145090.2590974779
2013-05-14,96557.05564829403,80117.25302725864,101287.96532343858,84489.57555940154,105164.14638373785,119728.45784522811,164416.1503218192,127676.73378406742,145844.07233804165
2013-05-15,100890.977163214,83713.2811401691,104703.8697388329,87338.9596228147,109105.91328103445,123936.32469905724,166044.1575249787,128364.43832166094,146141.63537381424
2013-05-16,101856.94578385183,84514.78396020045,105456.27793517662,87966.5825487319,107965.42562807463,122727.83082437006,166140.45202399133,127761.7416034269,145982.93307011088
2013-05-17,102887.29813106632,85369.70853463752,106224.42542406339,88607.33443959888,110037.67366397646,124834.49974631946,167895.44980958043,128998.05772431509,147391.39709712207
2013-05-20,104155.54923518989,86422.02722775585,107181.00042679945,89405.26354908216,109756.40017752138,124545.00558627104,168122.05967665033,128990.31227181214,147173.18521320116
2013-05-21,103429.77523586199,85819.82349697355,106618.58750952025,88936.12559652967,109697.53992653813,124483.23460187769,169751.84778850598,129175.78925274119,147331.8723822198
2013-05-22,104914.27944741849,87051.57604720166,107766.524059802,89893.67935518915,107637.19547911982,122330.02437444973,167159.38386962874,128217.58513346122,146042.45778501316
2013-05-23,105670.00011783076,87678.6277293686,108369.23459329666,90396.43165155067,107851.68547410652,122559.41491098412,167414.830448486,127846.73464138848,145705.2116059724
2013-05-24,108015.62472975806,89624.88633552636,110233.23393500215,91951.29073792683,107235.84340115506,121909.7945209967,169313.39277744864,127738.5052459181,145625.87558880544
2013-05-28,111089.5138283031,92175.41512943347,112666.41085104477,93980.93053018556,108653.71225858461,123406.64651814394,174906.25445018458,128503.501713164,146578.05914165603
2013-05-29,110154.46566311039,91399.56824863909,111935.02440992986,93370.84294690385,107907.78205865018,122623.57361467919,173229.27086741594,127668.98833156447,145883.75548130984
2013-05-30,113865.99468184503,94479.17240097665,114799.53354368337,95760.27944238512,108297.54451826734,123032.1826878254,173460.16235386228,128140.35232940048,146657.4102935077
2013-05-31,110233.45408482155,91465.10810303883,112032.85505673943,93452.44859273995,106490.94846529863,121142.16591122131,170420.4595740563,126301.29514608454,145308.4709813988
2013-06-03,108197.53989200613,89775.82862540324,110496.34853135888,92170.76834811158,106628.42904874617,121284.82980346275,170234.80663045682,126996.75991757891,145566.35087390317
2013-06-04,108682.29729335879,90178.05124000399,110847.13545518763,92463.37802006459,105978.82775431125,120613.49232190632,168336.30385037666,126386.27340264822,144812.5376333394
2013-06-05,106592.89609453217,88444.39145307358,109355.49410997766,91219.12216260706,104539.1966648799,119121.72615812115,166235.10664727588,124616.79225927753,142927.99696458763
2013-06-06,108218.7806849936,89793.45296134484,110521.88322190048,92192.06816550856,105256.92219169905,119861.9940582641,168060.1076892256,125744.92332888904,143622.30062493382
2013-06-07,109895.69172725733,91184.85315861898,111701.92767772885,93176.40480309221,106905.14478432001,121547.40590992066,170477.33212580043,127344.44795913238,145586.19244553728
2013-06-10,109331.84491322411,90717.00689336978,111307.50194855612,92847.39372718507,106973.11736673555,121616.7706650415,172787.80310723363,127344.44795913238,145645.70202575484
2013-06-11,106843.43320252122,88652.27211739901,109568.45984668424,91396.76799294412,105471.92241986729,120083.56383120497,171492.2498596212,126030.82512719391,144197.5851248449
2013-06-12,106226.7795957986,88140.6099430684,109132.46930114573,91033.08553547911,103663.71499940314,118212.31436031387,170014.6436523972,124987.65753274817,142531.2412053293
2013-06-13,108197.81515138905,89776.05701912838,110508.9193211495,92181.25429963076,106047.976075462,120692.89390990707,171119.7368544926,126888.58964770015,144336.44585691413
2013-06-14,108619.82400078063,90126.21464913731,110803.2331745748,92426.75683764453,105404.40570321407,120034.98146476901,170066.46014104612,126092.62615184042,143384.24716937885
2013-06-17,108822.52686974713,90294.40533114708,110944.11861351077,92544.27673154496,106826.60883358555,121463.20914513162,170809.6483085531,127066.26205053463,144772.86962475593
2013-06-18,109601.0734719118,90940.39660232191,111484.53142472138,92995.0632479909,107242.57252608663,121878.71630848151,172184.76376034203,128070.83541504685,145963.10663316151
2013-06-19,107647.62272873893,89319.54034882209,110123.97497616785,91860.15214087347,104859.42673829723,119499.44793188527,170701.4825962582,126301.29514608454,144336.44585691413
2013-06-20,104685.77687751775,86861.97832089155,108047.96185158001,90128.44129850368,102297.62777699438,116898.31535985002,166289.04293120813,123171.7480185536,140904.58042908192
2013-06-21,104400.46893392548,86625.24690283,107847.08059462777,89960.87576311617,101505.62480436874,116110.30150876976,166252.2264677615,123567.19475674252,139714.34342067636
2013-06-24,103517.8444391084,85892.89803920175,107246.55653470963,89459.94731842216,101420.14255802626,116027.5625045496,164265.16780046793,122005.79135169969,138325.73609998397
2013-06-25,103423.9611669561,85814.99933133881,107182.16587584824,89406.23571092942,101378.44564648194,115987.5377097917,165638.5303591033,123178.78396395704,139337.42923305213
2013-06-26,105188.24477336473,87278.896041501,108382.21013661468,90407.25522910105,102655.79913080137,117212.97932615118,166594.91427368904,124398.3527610173,140587.19095635996
2013-06-27,107237.89846581845,88979.57573180462,109767.17091504921,91562.52326082322,103969.88924525265,118471.24077627051,168104.85295584745,125128.5094733979,141182.3018932204
2013-06-28,106849.3310283663,88657.16577951795,109506.94983209904,91345.4592811109,103867.65781287014,118373.5205868587,167255.94717940938,124615.83146841361,141380.67220550723
2013-07-01,105983.85280486477,87939.04386334828,108925.34570252869,90860.31293727747,101049.38926646885,115696.92595766457,167416.98744000494,125346.04730638584,142253.51974119083
2013-07-02,106901.30469518936,88700.2904107286,109544.28900715914,91376.60583482527,100186.102595996,114869.5714633501,165901.20132800538,125229.59945367952,142313.02932140842
2013-07-03,106407.80774632817,88290.81624382663,109213.50551864148,91100.68207174374,100069.8202075911,114761.55219329988,165718.27795547986,125283.87674679168,142888.31382131946
2013-07-05,108406.56374744375,89949.26408283712,110555.7488037304,92220.3172139098,101572.21341674034,116147.53466524846,167928.95264109885,126635.59124113484,143979.37324092397
2013-07-08,107680.89025116117,89347.14374345336,110070.55252364208,91815.58968644137,101572.24934730407,116146.80045481394,169460.12363477674,127357.9877196146,144118.2339729932
2013-07-09,107954.89686451467,89574.49799556672,110253.78331464616,91968.4320474456,101397.4519001345,115984.47357902584,170313.36694378205,128274.64132937978,144991.06637399213
2013-07-10,108146.83659563978,89733.7580713974,110382.20003382444,92075.5511317658,103490.75115817103,117930.41794014594,171699.21258123108,128321.24707697854,145824.24590109228
2013-07-11,110136.64269643108,91384.7798199577,111711.96346901897,93184.77618012401,104682.97169607512,119030.62900526053,174588.71173012548,130069.05869101851,148720.4948375969
2013-07-12,110723.36087902369,91871.60337495181,112107.22286570013,93514.48266158819,104446.01683112897,118800.11714293242,175344.05809003176,130123.43945391601,149375.1304893596
2013-07-15,109694.46550088952,91017.8877060647,111407.26682047512,92930.61281108373,103962.05215966122,118318.62748880028,175054.3789900757,130620.62655389444,149712.36153371565
2013-07-16,106083.60629820316,88021.81332863997,108903.48965822624,90842.081670605,103713.77578881878,118069.04344420228,173369.62209826495,130131.21446921477,149513.99122142885
2013-07-17,108596.0528319923,90106.49075913493,110669.5056252727,92315.20771287878,103531.68559622149,117883.41797763921,175240.30292704856,130465.22971770485,149890.89027436837
2013-07-18,108125.28936297452,89715.87947019227,110351.17722039747,92049.6733847824,104031.11167974191,118393.83522413955,175450.49060455788,131179.89552507957,149513.99122142885
2013-07-19,108207.84784758756,89784.38154864608,110406.45858934593,92095.78645837295,103516.22234731169,117864.92926952936,175125.69243228508,131412.9686072671,147966.66646234842
2013-07-22,108796.72607561291,90272.99737977498,110798.74706336201,92423.01473826412,104136.57684630516,118513.65693533406,175365.89141142328,131669.33717255507,148403.09023019022
2013-07-23,108785.62191906986,90263.7838167325,110789.40671429633,92415.22346586945,103874.20053760837,118222.74275598943,174789.764637769,131389.62877997296,147312.0459452704
2013-07-24,111440.60993556897,92466.73361956191,112659.0230659891,93974.76799328711,103507.18555879063,117807.37459162895,175670.4796207953,130908.02127338784,147788.1377216957
2013-07-25,111655.93453338071,92645.3970550825,112810.36763625665,94101.01239423142,102886.9512771472,117105.10678967481,178535.64845571772,131226.48649128043,148720.4948375969
2013-07-26,112918.9126273036,93693.34052062553,113698.75974131539,94842.0665920036,102712.30122339685,116906.32149240068,178934.01604751553,131366.33329687253,149513.99122142885
2013-07-29,113812.29088302047,94434.61221000915,114332.06532459715,95370.33981538222,101986.60733294762,116080.34249814751,178959.73210946258,130962.40203628536,149236.26975729037
2013-07-30,113925.26123822945,94528.34823449838,114413.60201391124,95438.35382129763,102969.86719841382,117199.48102949784,181293.95324098022,130962.40203628536,150029.7510064376
2013-07-31,114633.90141564471,95116.33534758992,114924.88379368071,95864.84062479927,102930.73576926181,117154.94194914999,181025.65118751387,131055.62831288078,150307.4724705761
2013-08-01,116118.82394046515,96348.43498907289,115992.16804054697,96755.11808995534,102926.3085324241,117149.90290351566,181676.73761994485,132570.38162613113,151834.9556580224
2013-08-02,116106.43216288785,96338.15303533111,115981.960252815,96746.60324171922,103838.65242647838,118188.32544219444,182642.78883182438,132795.6501302241,152687.96162207195
2013-08-05,117391.20135519284,97404.17744722341,116935.96523024727,97542.38855903133,104161.81106281622,118556.14202290359,184247.82014495996,132601.46690592822,152787.139210873
2013-08-06,117545.86520263081,97532.50823067741,117045.33192097774,97633.61702087916,104770.151238329,119248.54995543112,185183.07554890725,131847.98514765137,151874.6236666059
2013-08-07,115951.44810034981,96209.55655659441,115795.92068851618,96591.4179363903,103675.48597467593,118002.61068900528,182602.5314653209,131420.74362256585,151596.90220246743
2013-08-08,118970.87902159095,98714.89922152145,118193.8839440088,98591.68417746494,103763.55203764835,118102.84677901393,182361.8400842772,131902.27722216144,152350.73057771588
2013-08-09,118765.22448289824,98544.25942102192,118022.790142419,98448.96591245678,102923.6345563202,117146.85940525553,181887.08791949908,131521.6710074705,151735.76293453667
2013-08-12,118216.28915940848,98088.78581619471,117572.5716563162,98073.41518756707,101648.61942661992,115695.6473606902,181691.94340360875,131366.33329687253,152092.8355505268
2013-08-13,118685.43796245073,98478.05735216285,117977.45382323502,98411.14852365792,101819.95095339409,115890.65553704563,181871.48358284705,131754.78843385176,152945.84151457634
2013-08-14,115918.60937161148,96182.3089492419,115591.13219838288,96420.59317398576,102265.1452054591,116397.37208159354,180585.46412295252,131078.8942331854,152370.55701466528
2013-08-15,114267.69106351577,94812.47596366685,114157.55517290384,95224.77179453899,100578.31164317267,114477.43158383445,177970.99903705882,129245.67570204247,149791.71268556733
2013-08-16,114653.24064392522,95132.38187919858,114484.63084851805,95497.60267745983,100908.49542511348,114853.2441292003,178161.6452489218,128818.47852115068,149732.20310534973
2013-08-19,115117.37134646562,95517.4896963693,114875.66243631637,95823.78252299131,101238.77019761343,115229.16023929438,178223.43877261633,127994.9624995935,149474.30807816065
2013-08-20,116852.61679339709,96957.29228358358,116347.66611406089,97051.6575776177,102214.69263396764,116339.94736739041,179861.3095096325,128624.19182706946,150128.94372992337
2013-08-21,115677.79077650176,95982.49212396136,115351.2832376662,96220.52264413943,102029.93653151083,116129.65944613627,179041.4167014095,127831.83499229887,149613.1688102299
2013-08-22,118336.63637604327,98188.64271781124,117626.62375383622,98118.50286173423,104243.55053489712,118649.17723765282,181180.8487330825,128997.02302646164,151081.14241745864
2013-08-23,119082.55916209819,98807.56470324167,118278.26106799097,98662.06753810812,106093.9280253587,120755.26212919579,183560.3445884034,129432.08391103962,152092.8355505268
2013-08-26,119830.255143836,99427.95798008876,118917.65696980516,99195.4210138759,105632.57477795551,120230.153545121,184233.61754906733,128950.44684165869,152172.18670237847
2013-08-27,118162.405121405,98044.07607356766,117413.31188906175,97940.56830792,103160.35324535945,117416.29072783777,182633.5320825764,126876.39499442739,149057.72588195294
2013-08-28,119187.61682456717,98894.73524991966,118381.3726178482,98748.0782606544,103570.88530353308,117883.5550399419,184715.85022836007,127326.94678401123,149633.01038186398
2013-08-29,119665.84130505817,99291.53723865144,118836.481823654,99127.70858997261,104037.76445408864,118414.95316288175,184350.3217342966,127528.86067941216,150684.38665820032
2013-08-30,119365.12001588673,99042.01675096185,118548.26998679404,98887.29606228747,103541.24659780721,117849.82050163501,184448.1326070083,127124.91463742708,149712.36153371565
2013-09-03,118894.34344976593,98651.39459482871,118090.12240075611,98505.13126152066,104548.7079996549,118996.5050285392,184620.0082869817,127699.79276480133,150565.36749776517
2013-09-04,119788.05462825047,99392.94252355535,118964.28551944284,99234.31631950535,105205.62244560549,119744.19980800159,185943.54299481594,128756.27839876071,152172.18670237847
2013-09-05,119613.8801848029,99248.42301783015,118792.22458266732,99090.7913165882,105638.85079256273,120237.29685485724,187261.04066402063,128919.40590605533,152430.06659488287
2013-09-06,119491.35628741937,99146.76003709142,118670.55726559972,98989.30226065085,106477.2031505706,121191.50281774394,188384.50610015797,128981.50255865997,152608.61047022027
2013-09-09,119151.58180466644,98864.83555188261,118333.1167304372,98707.82550769823,107257.30386785361,122079.40722807142,190876.68114789028,130216.65094911354,154393.97355017098
2013-09-10,121673.34384310036,100957.24242936299,120837.55651328112,100796.90937458085,108924.03103836782,123976.46279118706,191844.50467222012,131179.89552507957,155147.78679073477
2013-09-11,122162.6859833826,101363.26918532266,121323.53730959207,101202.29130795485,108920.42633448227,123972.35994599413,190521.9371885504,131591.6018009655,154850.22375496218
2013-09-12,122018.32005516974,101243.482997545,121180.16304652004,101082.69535601311,110301.55317188991,125544.34748938082,191318.92181150793,131242.02174048004,154751.04616616113
2013-09-13,122319.57658480734,101493.44759566823,121479.35021254401,101332.26297828162,110741.02461915919,126044.55038318463,191872.4971046026,131537.2358194659,154850.22375496218
2013-09-16,123100.93313343434,102141.77039186942,122255.33953871467,101979.55615469627,113278.02650233368,128932.14567847594,192450.07348547128,132298.4925930415,154433.64155875446
2013-09-17,123761.15557692823,102689.58337357781,122911.02684299313,102526.49913909992,113012.14329964721,128629.5195392262,193729.1168465354,132888.89118821744,155465.1913981414
2013-09-18,122747.18467291105,101848.25113810322,121904.02101454318,101686.50304716646,112287.44888495245,127804.67814029983,194666.55077932132,134426.9547659661,157329.8904952591
2013-09-19,124835.21901367074,103580.77678819749,123977.71242207596,103416.27722422835,115484.82831618561,131443.90989023348,195537.79267975257,134201.6566990773,157706.80468288332
2013-09-20,124364.388856908,103190.11016576418,123510.11644847192,103026.23103051783,113501.93340957533,129186.9947332686,194699.19020299497,133263.43702976676,156695.09641513048
2013-09-23,122672.18663385835,101786.02226387967,121829.53814511451,101624.37300037977,113233.4555844079,128881.41541541905,194191.27196476475,132646.7423277154,156377.70694240852
2013-09-24,122994.97059412318,102053.8490326647,122150.1048675215,101891.77442589114,113594.33972270205,129292.17086136277,194268.96443406155,132334.5444225351,156377.70694240852
2013-09-25,124335.04825723487,103165.76509608285,123480.97739254437,103001.92462393083,116218.52219799577,132278.99441080468,194423.92593136636,131952.00184471844,155842.09045108096
2013-09-26,126008.19278982167,104554.04006955236,125142.62891477144,104387.99483861319,117529.88124942745,133771.5728170192,195482.10188998075,132459.46201624177,157052.16903112063
2013-09-27,127061.30119564063,105427.84625645034,126188.5034052996,105260.41330916846,120096.85750503912,136693.2847037892,196029.4073131247,131850.55711088708,156853.7987188338
2013-09-30,127354.48123612847,105671.10946832647,126479.66956044943,105503.29018785107,122336.10540740033,139241.97879453158,196038.51907729288,131148.01204979556,156476.88453120957
2013-10-01,128197.34697356935,106370.46889992023,127316.74556217794,106201.53894693281,122001.62725867469,138861.27843516512,196993.10439131485,132186.19831314686,158063.87729887347
2013-10-02,126397.39140186089,104876.97373265185,125529.15407954235,104710.41564162013,120216.37596829588,136829.3196647758,196500.25940986897,132061.26593804228,158004.3677186559
2013-10-03,123722.38937853187,102657.41750744848,122872.52693379723,102494.3843564932,117575.00341280352,133822.93050324806,193888.07841124304,130843.5595971182,156159.4950584876
2013-10-04,125174.7198916912,103862.47425261086,124314.88123192647,103697.52731692366,119475.46143071365,135986.0166514338,195752.37270948297,131834.91839190215,157508.43437059651
2013-10-07,124331.83752776305,103163.10102535527,123477.78871791982,102999.26478408938,118448.47123201849,134817.10460381967,194251.92837490275,130695.28739471947,156199.1630670711
2013-10-08,119354.7028301022,99033.37319504845,118534.84249562849,98876.09549146167,111305.13505081764,126686.61637426048,190097.84774999067,129173.09903832224,153183.8949701313
2013-10-09,115938.41374800904,96198.74143285723,115140.42540805125,96044.63512906643,106200.94215782268,120867.17894291307,188433.17918262543,129266.78353825276,152707.80319370603
2013-10-10,119591.32084355442,99229.70462963164,118717.82996142612,99028.73488221815,112731.26363532415,127709.78217400379,193721.71715745138,132053.46135994772,155941.28317456672
2013-10-11,120996.78325078916,100395.87303177176,120110.65233607867,100190.56068144566,114625.33625655306,129505.44955072067,195202.01948861833,132904.3377490296,157171.20332624047
2013-10-14,121448.06382955074,100770.31858701553,120549.30333513745,100556.4623619744,113167.3262482042,128276.29699897992,195446.7375133651,133435.12296644915,158282.08918279439
2013-10-15,123031.18930946077,102083.90115015671,122084.50746189637,101837.05620797287,113935.32651873553,128920.89693921014,194387.91295176058,132467.23703154054,157667.13667429984
2013-10-16,126860.01022810173,105260.8270855556,125795.3998379051,104932.50511737104,116453.74873867416,131022.37158206529,196763.5295697986,134317.21766790928,159452.48461956586
2013-10-17,128964.71390898104,107007.18395420966,127818.23938008629,106619.86110085742,117799.80891640807,132137.88996863746,198183.87888631286,135214.8919627627,160365.00016383297
2013-10-18,129082.17433590442,107104.64557088102,127925.35620204938,106709.21282980205,117468.73000975802,131866.9826110443,200013.64831462302,136128.26410219265,162963.7011992497
2013-10-21,127566.40892779655,105846.95435488454,126504.04907259272,105523.62641068622,117091.12987537401,131558.31298916566,199976.42881045563,136135.9947732977,163320.77381523987
2013-10-22,125505.6843806577,104137.08873342258,124570.06934695662,103910.39303554932,117669.25209790177,132031.66980979292,200505.9565100452,136924.41975622516,163558.81213611015
2013-10-23,123725.78852805553,102660.23791783316,122906.41140892789,102522.64916478218,117312.30898921788,131739.6667175366,199380.34285215318,136268.77607069054,162566.9454399914
2013-10-24,125356.4320794497,104013.24812643122,124408.58398740881,103775.68967327244,117327.19506771858,131751.81318722316,200424.57223493897,136721.441600175,163281.09067197167
2013-10-25,125889.5561302146,104455.60248555364,124893.56117694022,104180.2344458785,117742.46077275227,132092.54857644858,202447.55223298256,137345.926098923,164451.50124342786
2013-10-28,124684.21724379534,103455.48457704372,123801.09367432515,103268.9503134187,117225.34369827999,131668.59410130195,201491.992980788,137564.52819256022,164491.16925201134
2013-10-29,125312.76942200447,103977.01947228579,124373.49225565084,103746.41782925416,117794.60155348443,132135.8920177673,202420.13011042023,138298.24722183624,164768.89071614982
2013-10-30,123903.80687355211,102807.9468629111,123095.91554262531,102680.72444817562,117218.50474182426,131663.5904271425,200332.0390583447,137611.31131693383,164610.20354713118
2013-10-31,122285.39581320656,101465.08644164773,121621.29565837467,101450.66707922817,116406.76568385476,130997.26947254353,199040.51896200763,137221.03806801216,164233.28935950695
2013-11-01,122825.46257770904,101913.20144818712,122110.27625901699,101858.55130587962,117424.34837642928,131832.96389042292,199751.27151176034,137548.88947357528,164272.95736809043
2013-11-04,123032.42646258522,102084.92766561164,122294.52524241044,102012.2429942698,117417.99329579834,131827.62934149365,200969.5554241157,138032.8620038254,164511.01082364543
2013-11-05,123775.6462106622,102701.60683226341,122986.97893423813,102589.85474044557,118079.04309245793,132369.62954207807,200499.30599838227,137595.71694214264,164689.53956429815
2013-11-06,122609.0570699882,101733.64113845985,121900.20469614418,101683.31965691177,113822.9267642339,128872.67536931964,198876.48256648224,138298.24722183624,164649.87155571466
2013-11-07,119977.94043186393,99550.49837353693,119447.02511583922,99636.99459895355,110255.54920057651,125890.89908159072,196208.66055995916,136549.69653790098,161555.25230692324
2013-11-08,122342.78419961005,101512.7038823769,121644.48260873364,101470.00852406904,112783.52329061934,127931.09537301077,198783.5836904275,138391.94650316468,163737.35601144758
2013-11-11,122938.90220236499,102007.32684431544,122199.37200744137,101932.87071731698,112685.19768854023,127854.10767984479,199689.69061625635,138415.28633045882,163479.4761189432
2013-11-12,122895.61758511979,101971.41186525214,122159.22892320176,101899.38527669015,111738.30557173718,127117.108624234,199167.61969301788,138134.3363004526,163737.35601144758
2013-11-13,124599.75998898764,103385.40701297569,123737.26838604118,103215.71031101714,113462.06085625575,128461.84639834461,201540.96131603784,139242.74898525703,165721.0894036851
2013-11-14,124763.46974063534,103521.24354514547,123888.5918842249,103341.9371346371,118489.62468955081,132355.41314117415,203771.25616707382,139937.53381244768,166236.86432337857
2013-11-15,124773.13530627059,103529.2634517432,123896.85512335312,103348.82993344554,118385.62867127096,132272.51164732935,205010.4306842368,140546.35002941496,166554.25379610053
2013-11-18,122189.5476464065,101385.55738206572,121485.64583261081,101337.51448339019,114858.64564504485,129693.97194467265,202203.05191462286,140054.6320466619,164927.59301985314
2013-11-19,121428.51751250621,100754.10022557221,120756.45280627505,100729.25654179514,114286.9823232053,129266.76512557903,201796.7084765158,139750.15003118874,164451.50124342786
2013-11-20,120875.75249894989,100295.4489736428,120239.19767860396,100297.78705720928,112631.09882777501,128052.51600473748,201148.0846490934,139313.03453230177,164054.74548416954
2013-11-21,123527.53355365885,102495.73783194087,122718.93337182376,102366.26395424848,114936.02384331076,129750.4364825461,203145.35229707175,140437.11549888694,165721.0894036851
2013-11-22,124869.6133022704,103609.31510581636,123981.50399740264,103419.43997499577,115810.94084360554,130395.31514212517,203812.92311084605,141139.60143438683,166613.76337631812
2013-11-25,123953.24841029654,102848.97048446644,123133.73776925051,102712.27394039881,114230.37378689979,129241.16273785758,203464.24239409997,140999.08946588894,167010.51913557644
2013-11-26,124781.55032442302,103536.24572905088,123896.45819712302,103348.49883657135,116735.74049472285,131078.0156292456,205201.8686320948,141038.18626335126,167883.35153657536
2013-11-27,128694.91662771713,106783.32235337731,127490.48056297757,106346.46037397996,120504.63770285566,133808.23885685732,207476.8841722305,141381.6320437056,169053.76210803154
2013-11-29,131034.04079454685,108724.18728010711,129628.2538651091,108129.68860215644,122356.04486729851,135123.32527781895,208640.356199255,141287.9327623772,170065.47037578438
2013-12-02,134363.48699773155,111486.76203044756,132557.19172569748,110572.86845961292,124880.5345041497,136874.96793683493,209662.40704392694,140921.08802913708,169569.537027725
2013-12-03,133594.83625077212,110848.98174634225,131887.6063581012,110014.3323756039,123971.26628347719,136250.30259906763,209745.3302432449,140312.19790518028,169430.67629565575
2013-12-04,150966.05349826743,125262.57584637788,146642.51620411302,122322.17236751155,140681.10701880616,147681.76057731736,217142.58240570824,140296.58874899114,169589.3634646744
2013-12-05,169640.37917967036,140757.41116095104,162185.28883946384,135287.20981084136,159925.7678430221,160215.02223192097,224717.41522472494,139679.9088283377,169371.1515807535
2013-12-06,178510.06275973184,148116.9425684113,167028.4121638093,139327.1116170345,167624.53368510978,163874.95747016775,229479.85376745823,141241.07573101402,170601.07173242726
2013-12-09,169124.9208581307,140329.7147643022,162911.1857302224,135892.71827380868,164811.42347772556,162773.25291565264,227071.87371331433,141600.17501175118,171295.37539277345
2013-12-10,172216.27537764655,142894.73531690834,164271.42102321438,137027.36148831912,164982.65564230006,162839.7072204922,227794.63750053543,141092.7887472174,171176.3562323383
2013-12-11,168739.50748467282,140009.92186512877,162808.71201347333,135807.23960113048,163102.1409429556,162110.36212398007,224478.3905409615,139508.20811025737,168974.41095617987
2013-12-12,172787.65034274597,143368.82799035366,164528.05558509633,137241.4337637177,164961.60367098448,162837.66380181475,225657.36709347003,139047.66409568884,168537.98718833807
2013-12-13,175255.2341222405,145416.2809983226,165555.40614020912,138098.40045344256,166269.79379107547,163344.8260983883,226542.95448216485,139032.010595306,168319.77530441715
2013-12-16,172726.8918255486,143318.41421724117,164512.37451641238,137228.35336632605,170246.2580156909,164880.98446145534,227751.3804768503,139898.46657778116,169252.13242031835
2013-12-17,168933.58198518644,140170.95324454884,162933.5802563549,135911.39871626548,169483.97248366973,164589.33594173225,227790.899605269,139453.53171940174,168914.9013759623
2013-12-18,171323.21925501717,142153.73091423826,163937.02156223464,136748.4214539799,172581.9577005157,165780.05994556236,230210.27707884175,141834.31235458798,170878.79319656573
2013-12-19,171100.0487497053,141968.55741529254,163844.34835940774,136671.11790120765,171486.09350444205,165363.5204911166,228745.18565830172,141670.4162146022,170402.70142014042
2013-12-20,175068.28078230703,145261.15833080566,165491.6681936641,138045.2333073417,175738.94868014264,166984.63971539683,231287.7304368448,142494.50871067776,171592.938428546
2013-12-23,175607.00779966498,145708.16169552613,165712.20839401847,138229.197392929,176124.4469542519,167129.3574969094,232947.97051532057,143255.8098284471,173398.1430801308
2013-12-24,175298.28670803775,145452.0034516082,165586.2526429611,138124.13113049476,176010.66881532286,167086.65105913352,234174.44841017775,143569.7223757845,173477.4790972978
2013-12-26,176087.92879102007,146107.20108722898,165908.70338625522,138393.10411610798,176801.84549751773,167383.42098877765,235014.61633861775,144299.6425857986,174052.76359720883
2013-12-27,175623.90880730518,145722.18513789846,165719.76804962457,138235.50329601925,176075.55878447893,167111.4386626582,234521.50639221157,144291.7641007145,173616.33982936703
2013-12-30,174903.96044734574,145124.81517322667,165425.95772731045,137990.42077957198,174861.16778226555,166655.10772246568,234640.3739540134,144268.2616780434,173358.45993686264
2013-12-31,173957.13375675297,144339.19517856272,165037.24765833913,137666.177433996,173736.28315548657,166229.24027880223,234958.81321761647,144951.0440101341,174489.18736505063
2014-01-02,187951.55846398708,155950.92937771138,170830.4345042052,142498.5767835194,189106.38915583494,172097.81518272386,237403.74632464326,143561.88823489414,173120.40648130764
2014-01-03,192513.24767848646,159735.94546561877,172634.07967264933,144003.09130560496,195650.23581415866,174469.0893848179,238461.0588872292,143538.3414680293,171870.6598926845
2014-01-06,196811.25609491445,163302.175043564,174229.53918778317,145333.94731426716,202531.98121746434,176792.84409072687,239733.0616968184,143122.39293094425,171235.86581255586
2014-01-07,214700.15867385926,178145.3133794897,180915.20432964477,150910.8093665791,220805.8192741716,183040.73295088313,246348.5336979865,144001.36875744612,172822.85858021976
2014-01-08,227445.24226084584,188720.41925586908,185499.16240654732,154734.52792053414,232555.46560691638,186937.909317635,249332.98288306454,144032.80879079294,173199.75763315932
2014-01-09,212193.04093943577,176065.05746707277,180473.95858136276,150542.7432703683,216534.7566418293,181937.04340929296,245268.31709061237,144126.96629545648,172624.47313324825
2014-01-10,220583.83159646488,183027.2322522754,183295.03271401118,152895.94836564246,223993.90764913938,184335.22328556096,247731.7269502502,144519.3976284725,173179.93119620992
2014-01-13,217929.78861888585,180825.0665860559,182462.2898316106,152201.3140874292,220059.25783293718,183148.2464305825,243909.70895807882,142596.5742632212,170620.91330406134
2014-01-14,224379.5750683249,186176.71250640892,184487.04664513885,153890.26936696057,223651.41771305847,184239.73369173091,250620.37814629608,144150.4982809234,173874.2348565561
2014-01-15,228211.94066696387,189356.5796046508,185668.02959347065,154875.38885009775,228884.54743449762,185805.91088564365,253071.6109572204,144927.48246187138,175302.52532051667
2014-01-16,223797.20696963283,185693.49839010584,184325.1509657063,153755.22373546346,225754.48870387694,184882.90789324365,252195.11460047896,144739.10832695267,175322.35175746607
2014-01-17,227789.60377329285,189006.14978317573,185554.6298012086,154780.79616787581,222289.43102964808,183851.46530216985,252274.393906485,144126.96629545648,174330.4850613473
2014-01-21,231065.9213763184,191724.64160789925,186549.46467154106,155610.63982874586,224181.91300797116,184418.28828764457,254646.564608516,144550.7489734319,175659.59793650682
2014-01-22,229730.71052675863,190616.763734442,186145.26791226908,155273.4782269275,222377.72695549068,183882.95462181352,253898.23589981179,144644.95082228916,176115.84814129802
2014-01-23,224015.6054760375,185874.71237059557,184402.16522035084,153819.46534270834,218222.7429617665,182642.09054894513,251654.9010039103,143459.8522451465,175520.73720443758
2014-01-24,215378.97928273794,178708.5580032668,181731.15018239635,151591.43236614572,210009.6896839939,180163.64309027372,245039.91280370794,140399.05339927805,172069.0302049713
2014-01-27,212265.9419062283,176125.54631652278,180752.4186933041,150775.02137560042,207244.86853140604,179312.5401038463,243455.08239049587,139708.37780070535,170402.70142014042
2014-01-28,214962.7665930701,178363.20967892752,181594.78660759958,151477.68439500668,207577.35774720827,179413.98117715018,246279.71936518617,140540.28965627335,170303.5086966547
2014-01-29,217720.9494105301,180651.78433769493,182446.14686512935,152187.84839698992,206940.62983819743,179220.10720096738,245167.41380781107,139190.37849247476,168478.47760812048
2014-01-30,226489.99599100722,187927.81319937567,185139.64374704065,154434.63465236154,217429.9705785923,182422.45242253665,251879.82028138268,140665.8871942837,171592.938428546
2014-01-31,225346.34687400813,186978.88176121374,184795.23480322008,154147.34518624045,215148.56570139714,181746.49502710308,250577.727444918,139841.76513541237,171136.67308907013
2014-02-03,218680.23735261703,181447.74393138965,182795.8748888217,152479.5747851017,211255.0158008037,180598.16488750902,244198.64007519674,136694.62814437284,167208.88944786324
2014-02-04,225491.10159457588,187098.99054556672,184874.8364268479,154213.7450529243,215761.68227182192,181939.84669154682,248115.77983041736,137652.0931937575,168438.809599537
2014-02-05,223451.59793164927,185406.73274093887,184270.75977243693,153709.85320384282,215527.0476845522,181870.41937831053,247027.16525898804,137479.44646621117,168002.3858316952
2014-02-06,225933.90323194678,187466.40078383402,185009.7799748548,154326.30850564226,223753.2938338052,184308.17303504166,251412.29442846295,139292.4144822224,170144.80639295134
2014-02-07,229540.11711441417,190458.62075317977,186081.12152607655,155219.97038001037,227307.31924698103,185347.884556623,254928.85807072747,141019.02957166464,173179.93119620992
2014-02-10,238332.61976882612,197754.11205805375,188668.55512977444,157378.28372223704,224948.66323761316,184667.19051720467,258172.46387926515,141277.9996629841,174171.79789232867
2014-02-11,240170.21775551935,199278.84064338406,189196.37248926234,157818.56371535975,224348.71832673956,184492.67292667401,259912.2754348465,142824.1782281834,176155.5312845662
2014-02-12,242821.3127283743,201478.5602321127,189951.41594343298,158448.3848472985,223889.66461620084,184358.9226288683,260028.53624884388,142894.78896598206,176492.76232892225
2014-02-13,250268.85440647582,207658.08359319041,192057.53423851816,160205.20798281528,227125.8422838976,185300.71278174475,263829.8465127691,143632.52853548864,177802.01849776297
2014-02-14,247288.72956595608,205185.35475636245,191230.0506374202,159514.96074548675,224147.95879491558,184436.5688815667,264639.9061208097,144425.22534241105,178159.09111375312
2014-02-18,251248.8739865828,208471.24505657528,192336.1330075455,160437.60174915587,229008.95104454816,185859.99665561033,267332.88598604745,144597.85728855946,179031.93864943675
2014-02-19,247226.79909600655,205133.96856715312,191219.72673467672,159506.3490396624,224178.30996894927,184453.67441420243,265439.0037103006,143640.3478949811,177802.01849776297
2014-02-20,252380.1931407028,209409.94583112418,192667.99163613512,160714.4223426561,227788.70690651017,185520.4580495154,268802.89354552724,144488.0019393194,178635.19802486312
2014-02-21,250914.09882165302,208193.4687054237,192262.74768609597,160376.38722439215,225738.21923199276,184922.24658036648,268053.2215139186,144323.18935266344,178397.14456930812
2014-02-24,254451.17664922308,211128.32372338057,193244.0272014674,161194.92365657457,228999.88855467297,185879.48264240794,271231.7853251294,145123.70551907833,179349.3432568434
2014-02-25,258469.54252207562,214462.52269237238,194346.39110583992,162114.4628939857,232483.41797050298,186889.49263595475,273857.7034028818,145068.73350026456,179150.95780987194
2014-02-26,263708.9878030955,218809.90011066222,195773.56817257186,163304.9457339879,242948.2180213223,189908.7123905315,276879.3310712387,145076.59720395075,178992.27064085324
2014-02-27,261231.22021306446,216753.99718756223,195106.9220436898,162748.8614223157,244173.91690244325,190252.46993281585,277339.8536007137,145837.91310311796,179408.85283706093
2014-02-28,262514.07629370375,217818.4342141479,195454.57976044097,163038.86085941034,247196.25718530873,191094.2449546003,277457.9530722495,146206.70898088173,179210.46739008947
2014-03-03,275191.5763753142,228337.46335160505,198871.04305847635,165888.71111598852,256447.86913157895,193650.02764404198,278747.9332717478,145178.63319369836,177881.36964961464
2014-03-04,292654.1153553894,242826.8307476144,203442.48545646254,169701.98968927946,269732.6747609002,197236.6211693677,285483.95490565454,147219.27908166128,180142.8245059907
2014-03-05,294285.2515083661,244180.2496874581,203844.03974439728,170036.94706791107,268503.01586397935,196908.15338430766,285799.99337740743,147352.6664163683,180638.75785405005
2014-03-06,286325.759988779,237575.94105603243,201674.96950910953,168227.6124351856,259087.3401703407,194167.75457272865,282982.13735964644,147690.12573057058,180480.0706850314
2014-03-07,315827.2164429359,262054.48004565938,210824.50117514262,175859.71408281891,283367.504143677,202541.86148553464,288655.010157407,147752.93189027472,179587.3815777137
2014-03-10,338189.5907104496,280609.43685799773,217433.17622472448,181372.35468297492,292354.3617384037,205481.9278280434,292790.03203874873,147674.45744878982,179746.08388141703
2014-03-11,304676.35888923676,252802.1673057729,208337.15902807232,173784.89224583263,289605.80498495634,204654.74424191337,285251.7235290387,146944.53723877572,178972.42906921916
2014-03-12,311698.006397845,258628.30923127316,210291.98684596023,175415.51610225678,292393.8891974628,205494.6178993055,288558.2754732227,146983.75228742132,179646.8911579313
2014-03-13,312865.21443236544,259596.78844606763,210585.86191078584,175660.65262381017,285747.8853600481,203501.80642516154,286484.70807128644,145335.56729527022,177107.71483741677
2014-03-14,304890.3914435506,252979.75868109916,208582.20494754228,173989.2978300742,285313.2371470703,203368.8625713582,284799.4191570674,144927.48246187138,175897.6362573771
2014-03-17,302843.58592207544,251281.44223223266,208059.2501426363,173553.0739473833,280743.0142109116,201992.883520537,286409.10312575375,146238.16379562646,177444.94588177284
2014-03-18,301989.48323605827,250572.75905473242,207840.9131343567,173370.94765923498,280249.20860378526,201842.32313983634,288861.5948477241,147282.0408971717,179587.3815777137
2014-03-19,301114.5185830826,249846.76586840645,207615.9553264156,173183.2986167152,279157.37719451694,201511.26689688582,287568.1068840322,146497.22257533338,178615.35645322903
2014-03-20,297438.80648417934,246796.8804477506,206670.6220891403,172394.74685022907,276489.53619719535,200700.63407550828,287103.49306917057,147352.6664163683,179111.2898012884
2014-03-21,290996.83217892196,241451.71657604628,205001.3622446972,171002.3301370985,268609.4099510816,198291.443519038,284374.3932720344,146781.08454072717,176552.27190913982
2014-03-24,280874.36556537246,233052.70095266492,202347.65119341546,168788.7313184814,262206.03564133524,196300.40807464303,281371.0013999119,146174.145561294,175004.9622847441
2014-03-25,309624.7271656001,256908.02648517376,210001.32520863804,175173.06006821233,282960.1701378848,202762.83954574887,285695.12449575093,146867.8217836417,175580.24678465514
2014-03-26,284005.1852014398,235650.4672917626,203657.24476197222,169881.1316289167,259289.44943243646,195762.01382638462,276795.7749573185,145811.4987450593,173318.79192827916
2014-03-27,288273.6714415596,239192.20113862617,204707.7321112733,170757.3979256041,265024.91649271,197466.274041522,277798.4424513472,145504.04566860694,172346.75166910977
2014-03-28,290354.3373968085,240918.61294439904,205191.48767369377,171160.92367531077,265170.1780127896,197506.33342313944,278920.55664629576,146221.44603459435,172683.99784815052
2014-03-31,291316.438302952,241716.9065669388,205414.20973695352,171346.70776656427,265357.9053265237,197558.01336322378,283112.65898676484,147419.6113674862,173913.9028651396
2014-04-01,299973.3748839295,248899.91327569154,207414.85451174882,173015.5499367848,274205.8277582186,199995.19259872782,287815.8932338163,148397.16433662563,176968.85410534753
2014-04-02,301922.6901788006,250517.3381822458,207870.61136105488,173395.72049933087,277590.668125296,200957.87077549385,288074.1014663232,148893.7601806878,177425.11944482345
2014-04-03,296098.0783701181,245684.42467915034,206515.97126202282,172265.74452797545,269482.28957102436,198666.99835451815,284835.2637060483,148696.69458380016,176016.67055249697
2014-04-04,285590.8249758447,236966.13606566156,204034.64255073373,170195.93881146496,257457.86129841555,195180.82412510295,278209.4694330538,146938.74293079643,171335.05853604162
2014-04-07,274759.9759278861,227979.34718887505,201309.02193940745,167922.3564776551,249880.86841459895,192800.66650659597,274788.57145517267,145314.88811959923,169708.39775979423
2014-04-08,283866.94776828005,235535.76616157655,203677.2699295569,169897.83566581123,258475.75549296307,195551.70606207295,278189.26497647236,145914.00773953993,171275.53382113937
2014-04-09,291646.4383531639,241990.72081432154,205705.64251178945,171589.80704663528,268388.9069297635,198790.4709204313,283445.2260589321,147482.68359235267,174211.46590091215
2014-04-10,281126.3593101205,233261.79024680002,203001.20166174683,169333.89185655364,256803.51178243058,195083.9952291904,274244.98168488673,144384.69474935182,168815.70865247655
2014-04-11,281197.5605995888,233320.86880595758,203019.36084687532,169349.03938014255,256385.85486368497,194946.4720584037,271361.0323620735,143083.96129638772,166851.8168318731
2014-04-14,281909.73359382077,233911.7872385359,203205.01392619207,169503.90229818693,256426.00822519013,194958.98170687543,272020.91874474694,144211.26460771647,168161.07300071383
2014-04-15,280354.18769891665,232621.08856073554,202799.28454144503,169165.4622535105,255683.82094122365,194720.6279424485,271505.10953106097,145204.54498422824,168716.53106367547
2014-04-16,284771.94095176074,236286.67522132423,203959.27262533898,170133.0688250237,260117.35972401552,196148.8821046172,275275.79520778405,146725.94992653644,170958.14434841738
2014-04-17,287654.64118166897,238678.5669600547,204709.20070507526,170758.62295630344,259601.3946606002,195983.6673832726,276353.6134265007,146930.93835270187,170997.8123570009
2014-04-21,286886.2974135188,238041.04138855197,204510.59749118093,170592.9576554646,263142.34898628894,197115.8070883734,277972.9931847785,147443.30594833012,172267.40051725812
2014-04-22,292793.676084035,242942.62986901987,206040.16164136177,171868.84690279013,271056.1441286938,199628.63352224234,280446.83274038695,148113.34671542555,173636.18140100111
2014-04-23,286159.127372919,237437.6793064605,204333.19125975927,170444.973863446,266401.43479439424,198169.17957286543,278932.74278669304,147766.51599495066,172108.7133482395
2014-04-24,282591.22952414135,234477.25168357266,203390.66325640038,169658.76208890445,265604.06158726953,197914.03117282008,279003.9511242671,148066.0462421252,173755.20056143627
2014-04-25,269445.11918368214,223569.39786181579,199901.01272259577,166747.8625411616,256089.61144020816,194870.64861536046,271731.65927088744,146852.0352506777,170977.9859200515
2014-04-28,264099.99180661235,219134.33177931773,198439.97696796068,165529.13640334207,248662.95907298368,192444.65710788989,269125.83799068094,147317.1614985972,171533.42884832845
2014-04-29,269242.2130937056,223401.03855920167,199836.2875671582,166693.87191262568,253674.40164369007,194082.96190036662,271996.0153732096,148002.98879865665,172902.20973207144
2014-04-30,270998.46214576584,224858.26867809956,200310.01524955613,167089.03288450153,253657.56385452338,194077.3590315029,272570.67180573236,148444.42046573226,173358.45993686264
2014-05-01,272895.4804451021,226432.30067467218,200818.45310302867,167513.14742072558,256684.38174783066,195066.0597456636,274105.73933322425,148460.17743590043,173874.2348565561
2014-05-02,273546.61884238967,226972.5762597239,200993.38407028795,167659.06646578424,254808.914647801,194454.4857239138,273445.05118032417,148247.32530604882,173556.83024914944
2014-05-05,276987.526783256,229827.63527422026,201923.21437927222,168434.68643107315,254041.43827935803,194202.55792216785,274561.2165901647,148531.1429272489,174469.34579341655
2014-05-06,274829.340002337,228036.90133721224,201343.8371202834,167951.39763615638,245651.97209312854,191446.28189840176,270428.09204283485,147238.3470849605,172207.89093704053
2014-05-07,267952.1017186925,222330.58152453648,199488.78830644334,166404.00465197675,242306.06942425497,190311.5428880459,269501.9150405745,148105.45344894356,171711.95758898117
2014-05-08,261161.12577990978,216695.83703138152,197626.8706044438,164850.881969868,233210.2653654892,187237.28682195724,267429.46122804575,147947.75071468056,171553.27041996253
2014-05-09,259518.8785974516,215333.19882574328,197167.3705242271,164467.58898315384,232150.4995150267,186870.30774562145,268604.98560777376,148168.5404552079,172188.06450009116
2014-05-12,265718.6471898492,220477.3949250611,198898.30698231826,165911.45337708667,240474.48443317015,189709.41286046544,274385.2624225435,149611.11620248147,175024.8038563782
2014-05-13,266171.06240699877,220852.7819351806,199022.5879902004,166015.12264887555,242400.94846901007,190352.46682627228,274902.7475134619,149745.1539186964,175143.82301681335
2014-05-14,264053.6896805293,219095.913052419,198439.13469414832,165528.433818818,236732.23219634418,188484.7632772353,271274.86894685996,149035.66160058888,174231.30747254624
2014-05-15,261836.4722333394,217256.19900935618,197824.29267072483,165015.5620138681,237761.7552392334,188829.0711432981,268319.13167180226,147727.0792253365,172862.52658880324
2014-05-16,265788.51736120845,220535.36900225587,198926.77686846265,165935.2015942503,243482.48691959924,190734.34642371765,270199.6642940457,148239.50594655637,173993.25401699127
2014-05-19,266353.2385433564,221003.94076571974,199082.98749490923,166065.5050264912,248165.9569776111,192280.04759074913,272207.8384163266,148783.4318267147,175203.3325970309
2014-05-20,264803.01599682117,219717.65908308726,198653.84161286504,165707.5320598984,245773.84602451808,191501.11876107418,271229.4208165861,147845.31562718947,174568.5385169023
2014-05-21,267707.9571592131,222128.00501352228,199461.17676689525,166380.97242648472,247427.14495953365,192041.43226230537,273866.18878831976,149090.8257775754,176234.86730173317
2014-05-22,273391.0040740849,226843.45645917347,201031.11656446577,167690.5411074922,249879.00111889545,192839.73470440932,275756.53579153895,149453.4134682185,177008.53724861573
2014-05-23,277004.07932287606,229841.36957873157,202017.04302361517,168512.95379788755,249360.99365852895,192670.31180755,277357.152974357,150052.5330881592,178297.95184582236
2014-05-27,282212.3898620661,234162.91325579587,203426.241511731,169688.4397676141,251747.39855734006,193458.9128935022,280202.99342693813,150974.8627547204,180519.73869361487
2014-05-28,281053.0104707198,233200.92977952442,203116.09056384268,169429.72668296724,255034.4898169249,194539.31976173577,280291.7192220454,150864.53440074733,179964.2957653379
2014-05-29,284553.91301277955,236105.76871545493,204051.41530572865,170209.92984135635,257936.0752209486,195485.55684818432,281805.47856158164,151644.93308461166,181114.86476516
2014-05-30,285519.7125106637,236907.13120756974,204309.6405563996,170425.32899325204,258873.93040822318,195791.1466792127,282330.95661781036,151889.28437340175,181134.69120210945
2014-06-02,284598.5794630166,236142.8302566488,204054.17196507272,170212.2293147163,260278.93422307252,196263.6232290355,281699.3298500128,152062.729296435,180956.1624614567
2014-06-03,284884.8547906504,236380.36435196173,204133.26590006525,170278.20569182586,260465.28763895758,196324.96827894665,281215.8440814438,151983.91488279827,180876.81130960502
2014-06-04,286291.25596498535,237547.31168673185,204518.23307987937,170599.32689830812,260386.79360673003,196288.39962708074,281804.19172221073,152291.308833659,181551.27339831713
2014-06-05,290707.01195188303,241211.24113583955,205866.51998379218,171724.00333820036,264934.5877892254,198004.3535759516,285110.5957349403,153284.57442877284,183078.75658576345
2014-06-06,292331.6797607067,242559.29303169364,206376.38482436418,172149.3081988028,266879.5859764165,198743.06188241346,286882.5558486342,154017.67263933682,184130.1328620998
2014-06-09,291476.6395384056,241849.8319428209,206069.48215393067,171893.3046718273,267229.5744464407,198874.99116510086,286857.3843194267,154175.33102940608,183991.27213003056
2014-06-10,293871.6306619946,243837.05191922057,206934.4336912039,172614.8058692332,273528.84388626256,201249.87299325992,288344.22303638083,154191.1471251659,184308.6767374372
2014-06-11,294418.30293642945,244290.64778168566,207130.32054663848,172778.20531378203,273762.5222913141,201336.7347745268,287574.05501958344,153655.04060450004,184268.99359416903
2014-06-12,292050.1006356257,242325.65556356823,206272.4526201638,172062.61292565952,271405.52329859603,200459.4195046438,285316.50427687843,152567.15928138755,182602.66480933814
2014-06-13,294132.55194315047,244053.54874756932,207030.04512474008,172694.56035351276,270406.6770759681,200084.82106598114,286337.94363882847,153032.31509210286,183138.26616598104
2014-06-16,299271.01067601587,248317.13358564302,208891.68690158476,174247.4528720562,269893.82403419324,199892.36448295525,287682.36329437775,153158.47432323368,183296.96846968436
2014-06-17,301817.41439836007,250429.98665435822,209805.76685210015,175009.93464172934,272837.05968788447,200997.7888051949,288612.9619699756,153584.1490201411,183396.14605848546
2014-06-18,302138.58449560485,250696.47433641306,209919.70775769476,175104.97869480914,286506.32455573743,206109.93665329515,297894.3524063775,154711.42276867406,184427.69589787236
2014-06-19,302432.5879811719,250940.4207936235,210023.15841205828,175191.27228211347,281428.4488020059,204234.14269051113,297393.1028001303,154884.8233475136,184308.6767374372
2014-06-20,304672.7555620744,252799.17748103084,210819.78651773953,175855.78134113908,285396.56692631694,205666.59261410293,298217.51686545566,155199.31236936938,184030.94013861404
2014-06-23,304816.2149074455,252918.21144074565,210857.20380153647,175886.99304942542,284387.57714292407,205255.98757782456,298298.7643507266,155151.77539370253,184070.6232818822
2014-06-24,301288.3544436814,249991.00443839293,209021.6890406253,174355.89443778695,278773.7442850885,202756.40309939327,296050.79055408813,154217.1328226853,183892.07940654483
2014-06-25,304500.0628558723,252655.88743199344,210705.90321964753,175760.78534148235,283676.3273215698,204971.96397377655,299051.2691632044,154914.0905153682,185062.489978001
2014-06-26,304498.69166062534,252654.7496964254,210704.75382477252,175759.82657125895,285930.1386032534,205974.62956761668,299463.58056957606,154803.23003107047,185161.66756680203
2014-06-27,307514.29492723255,255156.91640313016,212268.51678126687,177064.2428269101,287194.83710504905,206530.31781337247,301121.9551355036,155104.20885523985,185975.00552226807
2014-06-30,314303.9228936082,260790.54242963676,215883.1821008161,180079.4237288344,286347.6873468338,206149.02269276313,302215.34725875076,155025.01012525754,186292.41012967474
2014-07-01,314862.6230699566,261254.11832364413,216178.4132926897,180325.69146670084,289141.5199615065,207407.4786292023,304463.43533769785,156062.6199140905,188335.65310212979
2014-07-02,311332.96609134413,258325.42068102994,214307.67220743303,178765.20874034584,283023.19421027706,204596.35336097702,302581.4915554417,156221.032155453,188653.0425748518
2014-07-03,312403.43561506335,259213.6320821954,214891.12298194176,179251.89546705259,283473.31653011026,204812.88164415336,303743.3820241907,156989.3692186257,189843.27958325742
2014-07-07,304833.84622124524,252932.8408473635,210475.38243976174,175568.49593387128,279649.3517646438,202937.24992900775,300839.39313719317,156442.82703103794,189268.01021803104
2014-07-08,296469.3882067784,245992.5153094569,205392.68403746825,171328.75205773624,275138.0416824165,200655.3074750243,297036.1070424306,155436.92334071416,186986.71379002096
2014-07-09,300114.9563701478,249017.38910052044,207613.9576286727,173181.63223281808,278764.731062027,202545.89272173398,299728.21842248127,156133.86625199916,188375.32111071332
2014-07-10,299086.6748575822,248164.1827804608,206970.8964797538,172645.22138324278,277391.56367387634,201794.37500770795,298702.5647851082,155516.09250790064,187780.2101738529
2014-07-11,300327.10994122684,249193.42140826487,207741.33850260137,173287.88726458076,278262.242822748,202269.06074250813,300504.2936576722,155729.9645542078,188990.27361920784
2014-07-14,302842.0643929938,251280.1797586662,209301.485258898,174589.28705900803,279260.30083389994,202812.25261370715,302457.22112520196,156514.11771314035,190121.00104739587
2014-07-15,297078.6953596296,246498.08183702492,205721.7814437184,171603.26937164404,284173.2636855135,205484.28386141566,302897.407202745,156221.032155453,189466.38053031787
2014-07-16,301689.65043253655,250323.97577914133,208607.87319334762,174010.70905288364,283561.79383666674,205149.37605175973,303971.2968586528,156799.26566015198,190220.1937708816
2014-07-17,295563.91056729376,245241.20427717606,204825.41495747145,170855.56332653947,278159.2846896054,202220.37303521766,300299.7337566044,155017.10207737764,187700.85902200124
2014-07-18,302904.1875512472,251331.7258290721,209326.55348542833,174610.19777444014,290138.1312492183,208769.19135531428,305870.28475637845,156601.22449100253,190676.45911035754
2014-07-21,303936.14763357455,252187.9844056696,209956.33943875972,175135.53509087578,291585.7182877095,209556.86566522715,307492.1409271532,156308.1832775089,190438.4056548025
2014-07-22,304974.9977554182,253049.95992377473,210587.8995809868,175662.35235081983,294199.9617025617,210929.84549775106,308672.0539967006,156989.3692186257,191648.48423484218
2014-07-23,308246.2737067624,255764.26848834477,212573.86875365954,177318.95283575763,298441.348521122,213146.27841162516,310259.2218960221,157337.85545566614,192878.40438651593
2014-07-24,302650.1954699029,251120.978435095,208746.58261616653,174126.413818229,297730.62750982284,212754.98171254093,309007.5119934366,157345.82262913766,192660.19250259508
2014-07-25,302152.0547275251,250707.65112688008,208403.0005561193,173839.81409899762,296615.4204335781,212129.20086686732,306207.48193780927,156609.22122726988,191906.36412734652
2014-07-28,300053.3898014602,248966.3048547504,206955.49073147745,172632.37064496515,295609.75707895623,211560.59398865583,305906.87238135317,156672.52995450282,191965.87370756414
2014-07-29,300333.38530566415,249198.62832926182,207148.6117190906,172793.46293488276,294955.9636635868,211190.9368557094,305704.9590309695,155999.28162406172,191628.6426632081
2014-07-30,302060.74452748644,250631.88739991732,208340.02127343134,173787.27979399552,297305.2833071063,212520.69051937896,306179.10124499275,156023.07967469096,192382.47103845654
2014-07-31,296082.5151565979,245671.5112580944,204216.66378036578,170347.77221423204,289141.07350783714,207894.32547300245,298853.05359536596,152941.85293691594,188494.34027114848
2014-08-01,298414.00895297684,247606.04496111412,205822.93399334003,171687.64598990264,291770.2829124171,209391.04335779985,298835.0774911485,152474.5833863,187800.03661080232
2014-08-04,285925.4722821966,237243.80632743455,197284.58345645282,164565.36240433183,294511.0923169729,210968.7119411201,298063.64072481403,153575.5314651617,189089.4663426936
2014-08-05,283636.7739577942,235344.7817400744,195698.74178810773,163242.52914339077,291256.3746055241,209070.45027982042,295647.25394881744,152086.4238772789,187641.33430709894
2014-08-06,282418.33273446385,234333.79229830878,194886.21147126157,162564.7552204942,291124.2503140478,208987.70489572725,295223.6181063992,152133.97563434366,187502.4735750297
2014-08-07,282019.28711610206,234002.68818001254,194615.93051303775,162339.29977404312,290436.96438832313,208557.78595882127,294018.6157450363,151310.19354762416,186907.36263816926
2014-08-08,281489.53149118775,233563.12873861377,194254.51528988552,162037.8244831995,295086.9243316474,211537.58420627718,297494.37765519554,153060.7249388789,188256.30195027817
2014-08-11,286259.6268877891,237521.06777567082,197506.6520901698,164750.60143591758,298364.44359768496,213629.00481175297,299057.7101202267,153504.22600166142,189367.18780683208
2014-08-12,284866.49733209657,236365.1324339831,196551.6825571923,163954.0115325092,298689.87266644085,213841.56793615135,298292.34385897,153290.33917395634,189287.83665498046
2014-08-13,290162.87404361635,240759.74813840273,200147.331091539,166953.32954188617,302787.823971974,216513.84687092414,303042.2709804355,154328.02286977883,191291.41161885203
2014-08-14,293248.07907764113,243319.66621681093,202255.3251041295,168711.71731122085,306326.79853253113,218863.62817394006,306049.6258832348,155056.68666097088,192283.2783149708
2014-08-15,292080.6626626259,242351.01410038111,201468.50016020914,168055.38558080155,306879.8412598082,219232.1416962937,305435.9205923559,155025.01012525754,193215.63543087197
2014-08-18,293398.2839964326,243444.2972487325,202354.68127573532,168794.5954768684,308922.1386391198,220603.69471358822,308113.5905465398,156324.04371746242,194703.43547505012
2014-08-19,292612.0023562595,242791.8879069865,201820.10846280085,168348.68040762795,310344.90850701206,221558.79205635493,309263.7021252051,157139.8734121083,195794.47975996998
2014-08-20,291881.7092969407,242185.93453128898,201316.9685134758,167928.98512961826,311690.59417355346,222463.14153674667,309200.98834777216,157559.65033125112,195794.47975996998
2014-08-21,292282.4340406924,242518.43188711538,201593.35681754164,168159.5350318257,313962.88583787536,223992.3571200611,309243.98048933665,158019.07095957876,196191.23551922827
2014-08-22,293158.05113328603,243244.9664287013,202197.28838654657,168663.3058576016,313194.00781011645,223473.40572880107,309216.7252558626,157773.52237755826,196488.7985550008
2014-08-25,295776.28796300583,245417.4223011754,204003.14152711895,170169.6621644181,313701.1765263088,223816.20866520677,310761.63030488626,158573.52119504643,197183.10221534703
2014-08-26,293534.65949740587,243557.45345927388,202457.04311514547,168879.9808268222,313990.0800269413,224011.86798349698,311811.57330627355,158676.50319426006,197381.47252763386
2014-08-27,292737.03033519816,242895.62862439823,201906.90146591238,168421.0789790772,314649.36066195334,224458.34122968337,311651.06208081485,158613.09099724176,197421.14053621734
2014-08-28,289977.1247473804,240605.62451412427,200003.33639614077,166833.21605497634,314343.4492910521,224251.1483224789,310754.95896172273,158526.01378217537,197202.94378698114
2014-08-29,293511.40398933296,243538.1574336024,202441.00330094216,168866.60118107885,317768.2472844508,226570.7991677158,313701.7100190858,158977.4524556336,197936.9154559108
2014-09-02,295536.4508234383,245218.4198288335,203837.72079558022,170031.67610307506,320793.93782193307,228617.0363385263,315485.6043241555,158898.25372565133,198512.19995582185
2014-09-03,292279.59762060107,242516.07839585963,201591.40047880565,168157.9031476337,321295.2116264001,228958.26561688294,314802.415066875,158811.11738499333,197341.80451905038
2014-09-04,294537.24970950134,244389.34267923606,203148.55072158822,169456.80339382586,320730.64279018086,228574.12318162527,315684.47449247225,158581.44402432424,197163.26064371294
2014-09-05,296410.0760903474,245943.3016729413,204440.27856041768,170534.30096713043,320971.86329662695,228733.85635367627,318453.120699864,159294.32128255232,198155.1273398317
2014-09-08,299692.69184674975,248667.01932755692,206704.3678535265,172422.8959526502,322233.64650955715,229609.79131659868,319887.12199476943,158882.42284849362,198532.0415274559
2014-09-09,295439.070746885,245137.6196824262,203770.55570376082,169975.65019632387,319149.3542472505,227467.42496639403,316033.5113156134,157876.489595374,196885.53917957447
2014-09-10,294550.3912139627,244400.24671137563,203157.6146942717,169464.36412626292,322183.41978005454,229586.6846853266,318384.4186036146,158470.59832142442,198512.19995582185
2014-09-11,295846.0644574517,245475.31865088636,204051.26784640487,170209.80683784222,322994.16814203444,230149.75820443046,319165.1789971057,158652.675580835,198353.4976521185
2014-09-12,293768.33210616687,243751.34097371754,202618.21203982295,169014.42023426687,322029.1656761063,229479.28250382884,317268.66494998446,157725.9706204935,197341.80451905038
2014-09-15,281010.47877698403,233165.6395312269,193818.85163057662,161674.4146985906,315788.8247744409,225128.76660228393,312785.9895013414,157607.17252552006,195437.4071439798
2014-09-16,283790.20780155587,235472.09194025674,195722.8440559891,163262.63410232452,318621.1095322855,227147.9285363879,315510.6286283931,158795.2865078356,197143.41907207883
2014-09-17,283193.2193444,234976.74672746848,195338.8446840924,162942.32019491188,319230.5548590974,227582.40773252377,315954.66155776207,159009.2028983365,197440.98210785142
2014-09-18,281940.2983323724,233937.14802523155,194535.46584610303,162272.17999791633,320770.2151752258,228680.04577656812,316514.23535013304,159856.7091286957,198928.78215202957
2014-09-19,283833.2477147139,235507.8038785465,195748.84798809254,163284.3253385862,318781.6245665678,227262.3611852156,316405.3729116397,159712.6644060982,198333.67121516913
2014-09-22,276098.81819076627,229090.23819128374,190766.55454338866,159128.3344751977,314507.442566642,224215.257404503,312403.35722783644,158479.1715322101,196488.7985550008
2014-09-23,281644.78060365835,233691.94513988614,194352.72564454065,162119.746863157,313726.00792548346,223658.16543942166,312607.2899489372,157572.03714269664,195953.18206367327
2014-09-24,282812.42559884576,234660.786918432,195082.66903378672,162728.6307215982,316669.8884101761,225756.88499676122,315729.7661513225,158805.39698400354,198055.93461634597
2014-09-25,275341.06277960015,228461.49820328847,190461.15947087566,158873.5885142915,308693.7261978503,220070.60536871158,310220.2424005729,156243.05643833347,193890.09751958406
2014-09-26,279159.1030378125,231629.47899331647,192878.02798639442,160889.62461894617,312236.385881971,222596.20014157097,312355.56603625644,157484.44257870354,195953.18206367327
2014-09-29,281380.8964328253,233472.9898834052,194248.50039091558,162032.80714220167,311984.2452468449,222416.44675657773,312882.014557404,157197.97908727822,195695.3021711689
2014-09-30,282105.71423057996,234074.40021547754,194692.04004767915,162402.78670713864,310305.55334715336,221219.6918139266,312072.4387716763,156784.1886342875,195973.02363530739
2014-10-01,274986.59303739,228167.38047324287,190340.58419873982,158773.01038999818,304038.1845951255,216751.62680879686,306955.88943199813,154659.4513736353,192838.72124324777
2014-10-02,277343.30456806114,230122.83833955135,191814.71034213086,160002.65590393866,309420.27661077894,220588.5698611342,308725.33266295784,154683.3824568457,192838.72124324777
2014-10-03,281724.47582889197,233758.07145745284,194567.14425141,162298.60460828574,316572.8052243316,225687.67349789783,312117.2983891546,156386.28818404613,194743.10348363366
2014-10-06,278203.611319137,230836.6692781009,192347.16757488064,160446.80625738794,314639.6943511123,224309.54092178724,310294.7944484704,156203.27969656745,194326.5212874259
2014-10-07,272664.5087917483,226240.65425101502,188895.84409146843,157567.8773017066,308041.1577031901,219605.38326836884,305876.4619214081,153792.0789444899,191569.1330829905
2014-10-08,281027.9917153708,233180.17071702747,194091.03558256107,161901.457531407,316113.44522369636,225360.19151545808,312899.0364187738,156481.77601452122,195298.54641191062
2014-10-09,275435.49652434443,228539.8536602894,190657.85003273917,159037.658372298,310221.6324047902,221159.86379987377,307261.120398251,153378.24414730546,192144.41758290157
2014-10-10,260690.9977383778,216305.752982052,181854.23078654913,151694.10031856492,293935.43347963854,209549.2823320916,299014.24314118526,151627.55016067377,187343.78640601103
2014-10-13,253463.00718190597,210308.39997244085,177505.6325231025,148066.70766254977,283861.5957441821,202345.78863336617,293162.4694291676,149136.7663622684,184407.85432623827
2014-10-14,259965.4170218607,215703.7096257525,181102.64836633077,151067.1662155905,290083.38906587806,206315.2569807774,295840.87966831634,149367.53354638253,184427.69589787236
2014-10-15,261503.95166563423,216764.58967811914,181948.67962853675,151656.09835435526,294547.75366810977,209049.75941711504,294814.84724705026,148356.88502733078,183237.45888946683
2014-10-16,263152.5356589488,216591.17800637663,182835.27780049824,151538.9892879385,298601.60717814026,208882.5196095814,295192.27926920215,148229.54328436748,182086.8898896447
2014-10-17,268236.4547581022,219938.68753750826,185562.4457458572,153799.34231734183,305514.73949425726,212751.3065467487,299116.24948207336,149980.2963965908,184487.20547808992
2014-10-20,270372.5355579681,221339.85967280285,186706.13482464408,154747.26379695983,308451.79748353915,214387.52986129693,302821.9871390257,151436.53015552985,187244.59368252533
2014-10-21,279127.1347964834,227073.40583479207,191357.70150815227,158602.61229591543,321887.78412849957,221858.40994450645,310327.950256655,154436.63658159476,192164.25915453568
2014-10-22,275390.39932180854,224641.50109989266,189387.48652709022,156969.64304347237,321543.7607951307,221668.71782572864,309112.11302819924,153338.43784274365,191172.39245841693
2014-10-23,280865.5554273265,228214.4572794217,192179.86561948434,159284.04489447566,325947.0620476044,224097.18763132548,312670.00780000736,155121.04486745517,194048.7998232874
2014-10-24,283926.85380479053,230158.7559362497,193725.4570934848,160565.07431417907,328264.84966703755,225368.5873026337,314332.56786304247,156314.642748394,195635.79259095134
2014-10-27,281254.10452590726,227992.15337395662,192392.80073485788,159460.53147056644,324500.2316654028,223255.61827195823,313309.37529089884,156099.8099112229,195774.65332302052
2014-10-28,284474.0035846071,230602.2902865439,194011.59622801386,160802.23442771897,334300.0907605557,228922.87340546172,316317.02972437075,157890.31020241644,198730.41183974277
2014-10-29,280196.1549250978,227134.550929163,191860.5467036439,159019.38445066471,330159.2838032104,226545.88525129823,315419.0576483166,157651.57584483078,197996.4250361284
2014-10-30,279934.7507995179,226922.64970342882,191721.82226361046,158904.40575680925,327327.90910941,224963.5383154597,317365.7861871412,158662.22436388253,198413.0072323361
2014-10-31,284056.4247647655,230263.789646706,193886.55350861538,160698.59552638978,333443.7499926003,228381.21071345787,321094.4580348502,160476.58183129693,201150.5689998221
2014-11-03,283917.2893779727,230151.00275423066,193812.70708941156,160637.38954982275,333602.38481513853,228467.64549398707,323348.80307997606,160564.13205109633,201745.67993668257
2014-11-04,284175.1836932733,230360.05883320732,193946.88474128896,160748.59973855186,334325.77989263396,228864.38863574248,324198.413670635,160007.08028959713,201071.21784797043
2014-11-05,281158.6810318446,227914.80051921157,192376.07094248012,159446.6653509728,329391.6165704276,226133.43537242804,321947.64699422405,161017.72880864886,201091.05941960454
2014-11-06,285350.96656783327,231313.1801038214,194581.8449862811,161274.87253952152,335057.58235512924,229285.0137097299,324198.88168193103,161662.28644575374,201725.8534997331
2014-11-07,281691.6540590552,228346.84281195895,192667.4320962894,159688.15362007043,334022.8430683861,228715.87576811266,323230.84299884504,161813.48536493792,201547.3096243957
2014-11-10,284136.23295933625,230328.4843190477,193954.683469023,160755.06354210645,336650.8045567512,230155.48865584857,325201.0054265727,162322.79321119955,202261.45485637602
2014-11-11,284127.10744197416,230321.0869288566,193949.56197990253,160750.81870875534,337516.83749034023,230630.33360500346,325315.36179768323,162481.95930385526,202896.24893650462
2014-11-12,284765.35670975485,230838.46897807493,194283.79877684196,161027.84350944127,339122.9482644116,231509.6394784713,323402.18986169196,162306.87364565438,203253.32155249477
2014-11-13,284605.280555233,230708.70693518923,194199.91740635654,160958.32028473122,340308.9679262762,232158.99463763906,323668.90792900656,162489.89691453098,204126.16908817837
2014-11-14,284903.50059254584,230950.45213069784,194356.16620641339,161087.8236580567,340936.3663097477,232502.2303344843,323796.4379672032,162529.73278188863,204760.963168307
2014-11-17,284886.69343518734,230936.82779620247,194347.35528355782,161080.52091889014,340944.6758943461,232506.56413992026,322979.8361316737,162633.18778583527,204146.01065981248
2014-11-18,289822.669822794,234938.06321820777,196933.6901474044,163224.14755343454,346909.6602929515,235772.9525938292,326940.0997059951,163572.11696224535,205673.4787125741
2014-11-19,286012.92765092134,231849.78358926176,194943.5748382139,161574.68435273727,342432.7163456847,233326.89562630886,324481.64549392735,163309.5402098367,204741.12159667292
2014-11-20,286420.381953114,232180.07702236553,195154.94534965375,161749.87414135024,342802.4206089141,233526.22742981085,325679.5661077954,163596.0184826599,205653.63714094006
2014-11-21,286446.13510516577,232200.95322114084,195168.27200639504,161760.91964699587,342821.5976534736,233536.5589070155,326273.53750516166,164471.35808527682,206050.39290019838
2014-11-24,291259.48089040496,236102.7809735214,197661.588772461,163827.45028183635,348103.86681815155,236382.37705053878,329352.6184632291,164932.95157909673,207657.21210481162
2014-11-25,296134.68194714864,240054.75027520175,200183.4277171644,165917.62089565143,353013.74951810413,239018.92010530017,329985.26254238485,164813.59179100284,207974.60157753358
2014-11-26,300518.8822083102,243608.7011057142,202432.5503086532,167781.75657230557,358537.71258013014,241966.49135015943,332006.90543834824,165235.3937616588,209323.5408896425
2014-11-28,301597.0324502334,244482.67873434676,202979.7301983741,168235.27456098096,359516.5384392255,242484.40721793062,332765.61466936517,164885.22244525707,210295.5811488119
2014-12-01,297472.71148012026,241139.3930576222,200891.76418502786,166504.70996132365,352971.4788570206,239036.92397746706,327297.46227608976,163739.25022837258,207915.09199731605
2014-12-02,297429.2354263888,241104.15019733703,200868.9189883706,166485.7752237108,353415.38155260606,239269.3894840346,330412.5741116831,164797.67222545767,208748.27152441614
2014-12-03,300306.69392183906,243436.6955649068,202324.7889955509,167692.44098360566,355095.0329414097,240146.3822222913,331113.56085316645,165434.27747048892,209125.17057735572
2014-12-04,304350.4046807793,246714.63643302774,204373.43760978273,169390.41822378343,362221.93062481185,243863.4821623752,332196.5349610807,165251.28376440814,209025.99298855464
2014-12-05,304897.05678801046,247157.7673565182,204649.81688928793,169619.48909664885,361631.56894501497,243554.10950799682,331571.7996737923,165521.8129088904,209045.81942550399
2014-12-08,301756.38199013093,244611.85176384487,203065.86862920443,168306.66850039962,354931.6770808294,240089.89582775687,327687.3929784735,164415.69134076146,207558.01938132584
2014-12-09,303255.07833133213,245826.7353889571,203823.649827416,168934.73874078115,358177.4981876487,241772.5419512513,328235.0966024314,164304.2987261391,208212.65503308858
2014-12-10,297693.8889361555,241318.68546142284,201009.44716278964,166602.24890304732,351832.7664859654,238523.5590044016,322536.35839894006,161670.26840062317,204939.49190895975
2014-12-11,301323.5325261187,244260.97232849133,202965.31296844987,168223.32515779507,354252.8207411894,239781.16202959017,323600.8626926194,162489.89691453098,205911.53216812905
2014-12-12,298683.64962867415,242121.01214032623,201558.92680184625,167057.67298826025,351706.1955952916,238471.68620876074,318521.10429886176,159863.84854388447,203669.90374870252
2014-12-15,295977.07685287483,239926.99134031698,200120.10452437124,165865.13686330384,348491.7589226688,236817.02917518278,315233.4786251592,158765.63502363543,201567.15119602982
2014-12-16,291535.7095707237,236326.69938266132,197759.9326104356,163908.96040389073,341684.703839114,233313.437022592,310547.79505291424,157492.45409636878,198333.67121516913
2014-12-17,299105.8848352531,242463.28737268422,201783.5549213062,167243.85105300852,350169.0979151081,237692.56311982957,318602.96722148464,160580.03683524355,201944.065383654
2014-12-18,307491.6714576789,249261.03189984104,206298.77829967337,170986.19440927063,363047.7855998498,244255.36891336538,327046.0669340099,164550.9854757984,206804.2061407621
2014-12-19,307533.8682092635,249295.2377233449,206317.4637921915,171001.681467811,362534.8554707045,243994.369350515,328712.38689574477,165251.1655132249,206943.06687283135
2014-12-22,310013.40164965775,251305.21432223273,207599.8326105294,172064.5445922751,367758.664858303,246508.30406705872,330887.3351614421,166011.2841191617,207458.84179252476
2014-12-23,307566.5495064688,249321.7300632077,206298.70519761063,170986.1338202375,366654.4953503804,245966.639627559,328035.6583035208,166235.35533002423,206724.85498891043
2014-12-24,308531.7644735993,250104.1593159143,206814.09710150672,171413.30503764783,367161.99752651236,246215.13574996757,328829.1646963965,166251.34880255893,206903.3988642478
2014-12-26,310117.3832055825,251389.50457245478,207659.1608697536,172113.7175120048,371274.0309623935,248227.15057259024,330422.6386893392,166787.4553232248,208371.3573367919
2014-12-29,308281.3773308512,249901.1887532321,206677.52588004622,171300.1109915375,367844.17083888134,246547.9414531829,329893.4890720436,167011.54131548526,208331.67419352374
2014-12-30,306846.4048716661,248737.96142343574,205893.14158209047,170649.99135841485,365526.1541993842,245395.65383286445,327419.7902234686,166115.3451604225,206943.06687283135
2014-12-31,304810.09138737695,247087.2708601457,204779.08765963977,169726.6323248007,362187.72436083417,243729.42798239266,324606.45851110376,164466.95322870073,204820.47274852457
2015-01-02,304024.03397812287,246450.07154988678,204345.65742448453,169367.39322963043,360380.52751694486,242817.02711670584,324604.9242560453,164378.94478556624,204205.52024003002
2015-01-05,304750.5957006173,247039.04205380112,204744.80686528346,169698.21944413983,357061.3805276296,241140.11218262318,320420.7229632807,161410.33751843977,201210.07858003967
2015-01-06,302006.4530840911,244814.56612886602,203196.22739077845,168414.71348609054,351913.9740036153,238495.59435252048,317628.86496148224,159889.98205538292,198512.19995582185
2015-01-07,309823.5336989406,251151.3022468386,207740.41734376448,172181.06514913938,358149.67635109473,241749.7415230176,322350.5108201728,161882.4110233753,201071.21784797043
2015-01-08,318489.88229092635,258176.4778641217,212812.3318553254,176384.80967854813,369289.6002633313,247551.07044455232,328358.3325561459,164755.02789249783,204919.6654720103
2015-01-09,316418.7061466721,256497.52668955564,211444.13428907187,175250.8092885221,368292.992044675,246973.1205809938,325389.19563307974,163434.79777569522,203570.72615990147
2015-01-12,314326.94008861005,254801.8847762189,210046.3292456584,174092.26939376726,365167.604340598,245124.23671670855,322071.28606303665,162154.4922146377,201448.1320355946
2015-01-13,310878.01125353354,252006.0901574414,207741.61161174157,172182.05499182382,364716.32132800267,244854.2129121484,322027.2295197593,161698.35305664525,201388.6073206924
2015-01-14,309517.9239029364,250903.56671387414,206832.74469958365,171428.76068821605,364586.5884687745,244775.94912073313,319763.9724385565,160722.18953890906,200277.72146413848
2015-01-15,306881.00574005325,248766.00981940667,205070.64635548793,169968.2843222623,363433.61854719726,244081.01336928798,316371.7324220607,159249.9031818437,197679.03556340642
2015-01-16,311180.2232643748,252251.07135422537,207943.56224159617,172349.437319252,366652.8614894908,246044.02543705626,320982.4252852489,161338.29298504416,200000.0
2015-01-20,315615.5302514163,255846.45067341678,210907.4187644989,174805.96445820614,367106.1199025268,246302.12299433624,322755.3054015492,161682.35958411056,201586.99276766393
2015-01-21,316951.20264504023,256929.18269518684,211799.970587376,175545.73635973976,371294.71063112287,249061.93462969933,324349.17073732655,162498.51446951038,202618.52747236614
2015-01-22,320610.11259089643,259895.1936587008,214245.00632930404,177572.25033210864,378302.0137605915,253680.0427085296,329477.4032468695,164915.08086902794,206367.7823729203
2015-01-23,323360.65713567374,262124.85915912729,216083.03454570277,179095.65949879965,378504.46898185316,253810.5892174557,330475.7666391387,164010.8879776978,206824.04771239622
2015-01-26,324596.893969802,263126.9860378379,216909.13939377503,179780.35829013103,378917.73487512046,254077.64621958547,332989.847584179,164394.98260229465,206585.9942568412
2015-01-27,321721.8442761708,260796.39330990947,214987.91166071512,178187.99103824035,372264.1128473997,249691.65237544465,328211.8113339238,162226.5219666354,201229.92015167372
2015-01-28,318370.3750736457,258079.602094584,212748.3206050715,176331.75536494283,374455.17337039614,251161.27972753337,322572.55653626524,160146.04021131483,200198.37031228686
2015-01-29,323125.55742639187,261934.281001816,215925.9311458877,178965.44780930475,380272.07512244256,255062.89624131614,327222.3733622455,161626.33808604546,202122.59412430678
2015-01-30,314046.4285699692,254574.49458296658,209858.8797868718,173936.90604229146,374920.13137091696,251473.14468423638,323471.57580155483,159593.92543671638,200555.44292827696
2015-02-02,314132.5987234266,254644.34643055624,209916.4622658638,173984.63201056252,378849.0435265373,254108.41500527575,326574.84764688107,161570.37571357196,202301.13799964418
2015-02-03,313886.71552592295,254445.0268872137,209752.15289090454,173848.44780742953,383341.0313405175,257121.36151560151,330009.76811053173,163906.7973736412,204245.18824861353
2015-02-04,316011.07429381035,256167.0893290967,211171.7377380379,175025.03941234833,384892.5909029975,258162.05133109647,330764.10860602325,163282.71197263667,204066.65950796084
2015-02-05,319378.9048726153,258897.14351676693,213422.26214552217,176890.33695328643,383036.4850179713,256917.09075224542,334073.19046726637,164931.10390435843,205832.18101627746
2015-02-06,316431.69769667217,256508.05798994377,211452.81578289476,175258.00475328826,377424.3320057597,253152.8069799405,332239.19812878134,164474.89083937643,204582.41929296954
2015-02-09,312521.08141628065,253338.0070913494,208839.57940375083,173092.08139085025,375304.82384637144,251731.17251055012,330095.47000069544,163738.8363492312,203927.79877589154
2015-02-10,320009.4305300671,259408.2645993989,213843.60560340597,177239.55818957574,382418.79147284833,256502.78027583743,337851.7728349049,165483.15955336526,207101.76917653467
2015-02-11,322398.48933443014,261344.90002117126,215440.0740195939,178562.75584119753,386650.75606719666,259340.25934003436,339316.6876924796,165579.28298395034,207855.58241709843
2015-02-12,324124.7798837776,262744.2776421957,216593.65313374708,179518.87445859695,388444.5353735645,260537.38141368772,342298.6389901316,167171.52038502583,210275.73957717777
2015-02-13,326028.5376927296,264287.5150043565,217865.8232488203,180573.28461269682,390549.5953446789,261937.62234516317,344431.5706455091,167859.71270875027,212080.9442287626
2015-02-17,325594.53877878265,263935.70379392273,217575.8071313807,180332.91114734203,392401.88535990816,263169.31170375476,344988.883711592,168123.75281955162,212279.31454104942
2015-02-18,325547.756244931,263897.78061178426,217544.5450973165,180307.00029959882,392450.5972804035,263199.3961495901,345410.38384693366,168139.70194789258,212576.87757682195
2015-02-19,325452.318828922,263820.4164715346,217480.76984820885,180254.14159034085,391867.95524648594,262808.64370186505,346461.8387610546,168019.72134108664,213628.25385315827
2015-02-20,328507.7152843895,266297.2031426746,219522.51278529284,181946.39521225457,397326.14448183216,266469.21173455135,349937.50332207495,169027.96049227964,215056.54431711885
2015-02-23,327056.29389016004,265120.6418630403,218552.6126680437,181142.51488212176,397012.9211043982,266259.14655852196,348987.1222634112,169003.9407206818,215274.74106635508
2015-02-24,327093.71070338873,265150.9729397539,218577.61613821567,181163.2384571568,396506.821830138,265919.7279812536,348303.0037538491,169484.02574328257,215433.4433700584
2015-02-25,328489.66112380545,266282.56795377354,219510.44824460402,181936.3957836749,395099.56537657743,264975.942823653,347577.85649085976,169339.99580208297,214897.8420134155
2015-02-26,338442.0272663734,274350.2240394863,226161.0330623287,187448.58639358226,396022.5370139077,265594.93940383894,350522.2183951875,169139.94436281826,215988.88629833533
2015-02-27,336697.3500146774,272935.94166224875,224995.16718925448,186482.28416692038,394029.7263783731,264258.44874858734,349308.1659218343,168563.82459801986,215036.70274548477
2015-03-02,340746.46945656056,276218.2669544589,227700.95713905976,188724.9185160002,398918.4305875246,267537.08816134196,351746.073120224,169628.05568448218,216980.7529944541
2015-03-03,340877.6517644384,276324.6068669307,227788.61861097798,188797.57479444813,398684.95907190954,267380.5090597841,350291.78295619314,168931.82228029668,215969.059861386
2015-03-04,338001.18437558744,273992.86491706816,225866.4435150328,187204.42234171514,395447.09392255684,265209.0149710274,349602.1490153214,168219.75799895346,215135.88033428587
2015-03-05,339985.0807011769,275601.06471953593,227192.16551861455,188303.21779802078,401867.6736051753,269515.0160501596,352446.3136318558,168403.78640288766,215512.79452191008
2015-03-06,334375.79182433826,271054.024056493,223443.80548963865,185196.47222292383,393279.30026205105,263755.17087860935,346989.823279913,166035.31867215745,213072.81092488134
2015-03-09,332583.7646933125,269601.35859158967,222246.29845866488,184203.9449200858,396500.81221919635,265915.697598877,347803.0801999069,166723.43708889236,213687.76343337586
2015-03-10,328132.3868511953,265992.9518043673,219271.70272226824,181738.51682077986,392510.90250732616,263239.8402192912,343241.5038088935,164018.88471396515,209720.2966489008
2015-03-11,327780.3606665361,265707.58989642374,219036.4641904861,181543.54454969143,390712.7001426668,262033.8647925423,343030.12458116503,163634.7605265725,208510.21806886114
2015-03-12,333466.22020940116,270316.70080395986,222835.991921862,184692.69934689888,395544.361722417,265274.24821660115,346565.0470955663,165715.22750049515,209878.9989526041
2015-03-13,331436.9791024968,268671.7433002892,221479.9686502344,183568.7893525837,394885.6955031778,264832.5096834731,346575.62835755834,164699.03595722854,208966.46827365234
2015-03-16,337185.65352119925,273331.7736382465,225321.4718931205,186752.73462713024,401179.4505355881,269053.45503436076,350745.3612500319,166899.46875655922,211664.34689787021
2015-03-17,336355.0475533346,272658.46206635697,224766.42645364805,186292.6974509442,403594.43790685287,270673.08110253466,350704.0101658679,166403.4050428217,212001.59307691094
2015-03-18,337731.1887949095,273773.99922640034,225686.02124318434,187054.8833192143,407638.5937185988,273385.318961166,354665.5564490986,168403.78640288766,214084.50405794953
2015-03-19,336094.5541372539,272447.299086275,224592.35392322802,186148.42127164232,409833.17045260244,274857.12528582546,355058.1552977276,167635.68584208144,214401.9086653561
2015-03-20,337976.9495635685,273973.21952562354,225850.2488060998,187190.9997142384,413418.8061105948,277261.85379569634,357275.3405388119,169115.36289809996,215294.58263798917
2015-03-23,336024.4199319223,272390.4464102023,224545.4873314548,186109.57693025414,409037.7528907415,274323.6736274019,355880.1551889026,168785.82641317553,214878.00044178145
2015-03-24,335654.43901536,272090.5299129249,224298.25070136212,185904.66029988654,406700.8349868562,272756.40532556694,355331.1965931864,167837.36323511586,214104.34562958358
2015-03-25,324806.0928705434,263296.56830204657,217048.93479651902,179896.22462781897,391962.4134790748,262871.9926939445,346426.2215051719,165377.94556306777,209204.52172920734
2015-03-26,326138.1225357296,264376.3474300195,217939.05239681067,180633.9789776266,389983.2197976922,261544.63433237525,347301.3390425761,164984.09521585272,208490.37649722706
2015-03-27,332832.0997222958,269802.6656555755,222412.24624935177,184341.48708797467,395279.21242078085,265096.42421387637,350176.88265265716,165361.83383934983,209323.5408896425
2015-03-30,338375.7521414157,274296.4996379182,226116.74526849942,187411.8794320186,402454.0553140227,269908.2765337753,354209.1252221554,167379.21380700814,211723.87161277243
2015-03-31,332773.7819644424,269755.3917101326,222373.2758990423,184309.1873722462,395520.043163969,265257.9388264687,349403.2562332176,165916.47623299027,209482.2431933458
2015-04-01,328248.6967536443,266087.2357443751,219349.4258345712,181802.9359089579,396602.80955558346,265984.10273708287,347681.26759279455,165329.7138616993,208391.19890842595
2015-04-02,327478.33514248923,265462.75987085875,218833.8719011495,181375.63039694732,396685.8166890559,266039.7719794218,348316.89174591674,165924.47296925762,208530.05964049528
2015-04-06,331171.3242601946,268456.39632907684,221292.2866039079,183413.23322605298,399244.5679072636,267755.8141518538,352059.5053375896,167041.68058581633,210236.07156859429
2015-04-07,331449.84424079553,268682.17212794704,221478.39668910243,183567.4864672543,401379.235297874,269187.4419085252,351545.77055444545,166599.58375583493,209878.9989526041
2015-04-08,335766.1905934513,272181.118752419,224362.6263436095,185958.01663176235,407059.71099350706,272997.0877169244,354285.1184903955,167162.25244853855,211545.327737435
2015-04-09,334063.9613532961,270801.24587677413,223225.17822149486,185015.26783149637,405634.7185601149,272041.4078158473,355390.0345785032,167901.6327532127,212874.42547790986
2015-04-10,335500.7382199288,271965.9359078535,224185.24817582138,185811.0006478028,406705.80879238265,272759.7410386993,357181.2568223833,168817.90204663234,213747.27301359345
2015-04-13,332686.16758135986,269684.369131105,222304.52141359792,184252.20173272086,403839.570266111,270837.4806202844,355726.9555791358,168054.398500575,213211.67165695058
2015-04-14,332443.19459518674,269487.4086834604,222142.16421732394,184117.63554985417,403679.39609078265,270730.0588288097,355467.53753924347,168375.9234678342,212596.70401377138
2015-04-15,335757.72630503826,272174.25737222575,224356.97041388316,185953.3288390971,402884.8240639079,270197.17423360195,357795.91005830205,169131.34158923675,213925.80175424617
2015-04-16,336936.79516282614,273130.0423493601,225144.83706926528,186606.3347474019,408543.01333419647,273991.8735143779,357278.69978172233,169083.18379485782,213628.25385315827
2015-04-17,330831.73821102694,268181.1187300672,221065.37150645204,183225.15965001058,402560.3093985763,269979.5364862043,352886.80070905166,167138.11442575746,210295.5811488119
2015-04-20,333648.7293018525,270464.6475906155,222947.71564124146,184785.29908868784,405854.9134104892,272189.0828405648,356761.4445252597,168665.2102062596,213449.70997782086
2015-04-21,337748.5769601043,273788.09454149863,225687.27850964185,187055.92537680033,411503.2767135203,275977.19227623235,358319.64593391767,168464.2866645184,214362.225522088
2015-04-22,335832.9073076013,272235.2011180817,224407.20717880697,185994.96647420363,412140.5700304418,276404.5969415489,359332.43138632603,169292.1484170601,215532.63609354416
2015-04-23,338607.2586928248,274484.1650846675,226261.0589978022,187531.4906850656,411524.66316656733,275991.5352319235,360224.4047970809,169718.11874192563,216345.95891432554
2015-04-24,339462.8241398187,275177.7094826819,226832.7571498917,188005.3300949849,410130.91284891544,275056.8080470718,363920.56764101546,170112.0134333344,219281.8909940983
2015-04-27,331130.5327938574,268423.32966764906,221265.02930172495,183390.64161204273,407003.40234441985,272959.3239766205,361847.24866680085,169404.67919932122,218726.44806582137
2015-04-28,327698.9560651757,265641.60113373527,218972.01234851166,181490.12506135163,405773.8574505404,272134.722164697,360720.4188234011,169943.18030644793,218290.02429797954
2015-04-29,326928.7769999989,265017.27323690616,218457.37030693947,181063.57535079724,402442.7875787764,269900.7197581369,359329.7661677348,169243.9314970895,216921.24341423655
2015-04-30,323525.5208323218,262258.50211262406,216183.27746110957,179178.74362931724,396604.63844785397,265985.3292948829,355280.97990841186,167548.07649669042,213509.2195580384
2015-05-01,333090.0155491732,270011.73917241575,222574.37702515305,184475.86560722414,407873.9040664354,273543.13128681295,360921.1330666857,169364.459015618,216326.13247737606
2015-05-04,334078.1341667696,270812.734741154,223234.64864985453,185023.1171872608,406523.2452438074,272637.3036769601,361636.20281048305,169846.77602930262,216683.20509336624
2015-05-05,329253.4620039767,266901.72552202555,220010.75015138477,182351.05998964445,399786.81075472885,268119.4726378092,356199.8994563094,167901.6327532127,213152.14694204833
2015-05-06,328150.92272113776,266007.9774798501,219274.02139168585,181740.43859881008,398709.90246503596,267397.2374991195,354695.8170958315,167210.4693685091,211684.18846950424
2015-05-07,332504.5159203684,269537.1174014877,222183.13979483608,184151.59725394315,406981.9516018937,272944.9379047965,358274.1656840444,167877.61298161486,212953.7766297615
2015-05-08,338021.38880255696,274009.24316982366,225869.57435474204,187207.0172691868,405172.34738322085,271731.31575483666,361317.9111802806,170087.8458477575,215611.98724539578
2015-05-11,337793.7317184712,273824.69820498116,225717.4514110921,187080.9335209871,405003.97022120154,271618.39258010854,361014.358596115,169276.09581893377,214778.8077182957
2015-05-12,337117.2078145538,273276.2897046925,225265.39076853945,186706.25302336435,405938.1522852015,272244.907501585,360660.5268378332,168769.71468945759,213806.78259381102
2015-05-13,338048.3964487181,274031.13629531674,225887.62115812436,187221.97496431728,406182.01066534815,272408.4526174427,361029.7651695004,168801.84944850602,214243.20636165282
2015-05-14,341678.7875277313,276974.0290971446,228313.4880260844,189232.60123808755,413425.9735081463,277266.66065475217,365763.20260959526,170562.07743678734,217377.5087537124
2015-05-15,341828.6063594733,277095.4762778797,228413.59860155944,189315.57568157034,412881.9615804753,276901.8157243242,366111.40609286743,170746.9188176064,217377.5087537124
2015-05-18,345443.5720367317,280025.8648335253,230829.1580480248,191317.6588762682,415385.719730159,278580.9764586128,367780.90414530924,171277.33450007832,218329.69230656305
2015-05-19,341154.26763314544,276548.839141408,227962.99811847712,188942.10540493444,412728.7560218059,276799.06747828255,367274.92427813256,171221.0764996467,218091.65398569268
2015-05-20,341609.25269622816,276917.6622896428,228267.02409417144,189194.09063244768,413137.45692364813,277073.1652406916,366795.8342755345,171100.59332531193,218230.514717762
2015-05-21,342223.3320302399,277415.45153947367,228677.35859485096,189534.18733725752,413559.39589090965,277356.14119273453,367841.17291696504,171598.85946733752,219361.24214594995
2015-05-22,341316.5772953586,276680.41172579303,228071.45520294626,189031.9976683931,411202.57204720296,275775.5228504688,367430.77193772746,171188.98608479198,219143.03026202906
2015-05-26,336701.11546315276,272938.9940362141,224987.35332648238,186475.80781902312,406984.1057596325,272946.3826038745,364358.087816929,169348.4359802875,216623.68037846402
2015-05-27,342444.17244720727,277594.4707303269,228824.92656727252,189656.49579797176,410904.0068650221,275575.288282842,370362.03414240404,170955.89822120656,220115.05538651373
2015-05-28,344282.8625658433,279084.96246996516,230053.55933497337,190674.82098150984,406873.95950025466,272872.5123405667,370933.2048543934,170763.01575992643,219619.12203845437
2015-05-29,346191.74887043185,280632.35712883715,231329.09795883502,191732.02304985814,404057.4098299795,270983.5760576845,370607.1534938406,169702.06614379934,218309.8658696136
2015-06-01,345644.9214710214,280189.0841087842,230963.70193348915,191429.17260963202,406032.7488430839,272308.3492623698,371005.4776251294,170047.6847896459,219043.83753854336
2015-06-02,344736.2844638982,279452.51847452094,230356.5407867673,190925.94047841534,407360.1605455916,273198.5860487653,369975.45079841476,169878.86644415732,218349.5338781971
2015-06-03,344282.33195813757,279084.53234506573,230053.20477712408,190674.52711405288,410858.7202959716,275544.9165680061,371234.2880058745,170328.93044761027,219004.16952995982
2015-06-04,343672.4004320146,278590.1054200406,229645.6418868615,190336.72759743524,409178.82068484346,274418.2816073133,368884.41531987156,168890.21264519024,217337.8256104443
2015-06-05,344809.4742651044,279511.8480989192,230405.44700925247,190966.47532275424,410224.6839217914,275119.6961912822,369067.6272616508,168600.95546956063,216822.06582543545
2015-06-08,339150.2672124808,274924.3424179207,226623.90320609362,187832.22610798266,405660.429623205,272058.65109774447,366327.66477088665,167564.0699692251,214620.12054927702
2015-06-09,338530.3887164849,274421.8522111714,226209.6936422011,187488.9176424569,407355.79387268645,273195.6575128432,367125.5029079885,167539.96150923983,214263.04793328696
2015-06-10,342759.658286387,277850.21204992395,229035.73764187007,189831.2219096912,413868.96259089425,277563.7539956416,371129.9539135672,169549.32995923288,217198.964878375
2015-06-11,342791.3141909552,277875.87317889364,229056.89046215746,189848.75395845936,415314.0584268043,278532.916366716,372573.1504029594,170095.88692821856,217516.36948578167
2015-06-12,341772.04761298734,277049.62823443423,228375.80543101442,189284.25164533802,409856.5189570091,274872.78410327504,369334.164413987,168793.82314944288,215731.00640583097
2015-06-15,341488.8922489435,276820.0948688801,228186.5979321061,189127.43118106446,410868.5541847186,275551.5117257099,367806.00011730223,168070.4806614971,214659.78855786053
2015-06-16,341396.8294609793,276745.46629302716,228125.08057426952,189076.4438752099,412987.7067737524,276972.7343857026,369188.13732271857,168986.7499549167,215830.1991293167
2015-06-17,344152.9978763269,278979.69065443025,229966.782334711,190602.89777789515,413016.6430191528,276992.14065586496,369893.00582067505,169259.98409521583,216425.31006617716
2015-06-18,348368.5969297595,282396.9688042848,232783.69154635043,192937.63087745325,419960.53418942704,281649.10378857446,374384.47856216703,171020.21208349714,219579.45402987083
2015-06-19,348935.3246322697,282856.3735460922,233162.38517101863,193251.50273972386,420472.73137755407,281992.6119691168,373162.49013389024,170260.9655800368,217992.46126220698
2015-06-22,350034.2926401566,283747.22661659075,233896.72756588968,193860.14624467955,423228.778797003,283840.9720470104,375320.2187778841,171133.31934027662,219599.28046682032
2015-06-23,346808.76215255214,281132.52471603756,231741.3929556026,192073.74466863027,421803.41208752966,282885.0411353878,375142.9760040235,171254.37898912973,219777.8243421577
2015-06-24,343631.3659515533,278556.8417648178,229618.22219999344,190314.00139445867,416932.78744762513,279618.5268964548,372256.8311849692,170010.61304369674,218647.0969139697
2015-06-25,342932.81116749026,277990.57443962916,229151.4402833262,189927.11949332565,420267.96922100906,281855.28697501466,372580.05648009304,169493.73712170706,218210.67314612787
2015-06-26,339696.13371294923,275366.8365074072,226988.65714829863,188134.54437175253,418123.81117452256,280417.29425186606,371143.16895517334,169461.45454867955,216762.54111053323
2015-06-29,332574.2069077843,269593.6107931788,222229.708071831,184190.19434370392,407619.2035427678,273372.31482101354,363349.1703806761,165907.76998962343,211644.52046092073
2015-06-30,335376.2986597103,271865.06184826605,224102.09630605645,185742.0820536827,412953.12169979827,276949.5396940813,365237.55148921243,166255.05893343344,212398.33370148455
2015-07-01,338525.8000929228,274418.1325493066,226206.6274739492,187486.37631649684,415329.7846351265,278543.46324462333,367886.4718721813,167587.67586168158,214084.50405794953
2015-07-02,339745.3060315577,275406.696913444,227021.51462726903,188161.77756883367,415500.6358748989,278658.04567474604,369186.96286310663,167434.2006072198,214144.01363816712
2015-07-06,342119.14744002547,277330.996704187,228607.74131669744,189476.48659101606,413572.1476285662,277364.69322367647,368284.97758710914,166957.6926829124,213648.08029010773
2015-07-07,343817.0420518603,278707.355813352,229742.29299294762,190416.8347359812,411477.05038366397,275959.6034275232,370644.42172711104,168007.63015759925,214183.69678143525
2015-07-08,338614.8725473537,274490.33708024566,226266.14665834254,187535.7074803439,403340.9289785388,270503.06378745567,363697.7065956666,165188.9210466412,210454.2683178305
2015-07-09,342094.8628863659,277311.3109908287,228591.5141133897,189463.03703129318,405703.7743236834,272087.7204865321,364683.91971203586,165487.75656811413,210335.24915739536
2015-07-10,344725.597939708,279443.85569014546,230349.39993488594,190920.021940758,416843.6702614144,279558.7599098335,370458.1640795984,167571.51979376993,213548.90270130662
2015-07-13,350029.84301517595,283743.6196307203,233893.75427800414,193857.68190056353,420182.2709649446,281797.812914831,375319.56289296824,169421.04220680357,217298.1576018608
2015-07-14,353207.6636845868,286319.6466674688,236017.20866803027,195617.66025886877,426907.5815585472,286308.18364536634,378076.49832498014,170156.00287350372,218726.44806582137
2015-07-15,351598.68693888857,285015.36677580746,234942.07287859113,194726.5576618269,426664.61101860175,286145.23396497616,377364.7909413592,170099.46402651188,218964.4863866916
2015-07-16,356289.90161674144,288818.19176265015,238076.79363175711,197324.70185122686,434399.3269909668,291332.5685936467,382299.52679172513,171464.42265337915,222059.12077016773
2015-07-17,357869.7226107836,290098.8372166399,239132.44723032104,198199.65706385876,439013.84232644463,294427.3215593378,387492.3385526047,171609.7237947987,225332.26875961194
2015-07-20,358196.34725539846,290363.60795197287,239350.70137605505,198380.55220100252,443599.8292455886,297502.9417679272,388965.88775374397,171698.61912180757,226105.9387064945
2015-07-21,354755.6972645202,287574.5243873127,237051.62157019918,196475.01058855795,438716.80972838035,294228.11482863326,387130.44524913374,171020.21208349714,225967.07797442525
2015-07-22,356638.7490787851,289100.9769124151,238309.8973061893,197517.90469286498,436619.9933791187,292821.8721046148,384301.31228141807,170713.27635597152,223408.06008227673
2015-07-23,357125.8436557306,289495.82889753295,238635.37920884322,197787.67319242944,438692.20002032083,294211.6101772311,382911.142890614,169752.14551990607,222574.88055517658
2015-07-24,353653.0600238089,286680.69693784724,236314.82735398284,195864.33494553211,434419.8180100692,291346.3110210798,381496.18810608186,167991.4888710855,220392.7768506522
2015-07-27,358692.19428814563,290765.5549135316,239682.0317650237,198655.16808951538,420406.61109557835,281948.2679971371,378710.2676894776,167014.21674850633,218567.74576211802
2015-07-28,363998.45636801486,295066.9538922068,243227.73389245578,201593.94513063674,429385.1569080813,287969.7847244101,382994.5411078324,169065.65305694088,220452.28643086975
2015-07-29,361380.0157082425,292944.3753594962,241478.0633186762,200143.76924813163,429877.6218380376,288300.0593451842,384579.15073425375,170228.71256980512,221285.4659579699
2015-07-30,359137.5648172795,291126.5842615572,239979.6332043941,198901.82848172938,429395.0283373838,287976.4050589173,384496.5835980646,170269.0657860895,222336.8422343062
2015-07-31,360158.3689236611,291954.0755679658,240661.7456287729,199467.1823270846,428487.27920297603,287367.61754352786,385050.17148650467,170010.61304369674,222078.94720711722
2015-08-03,361640.41675511055,293155.4634626062,241652.0661349654,200287.98764641304,427886.0958495292,286964.4302463269,387376.927997661,169437.2130561131,221384.64354677097
2015-08-04,362361.95481576055,293740.3616509052,242134.20572742465,200687.59841855676,433429.91331301513,290682.42537454044,386993.03402766486,169106.1097430106,220968.06135056325
2015-08-05,367148.32731444185,297620.3241306127,245332.5119731039,203338.4440416448,442530.64426995954,296785.8863171065,390107.91929277027,169663.35366268255,222674.0732786623
2015-08-06,355651.54504303174,288300.7227283552,237650.23681503878,196971.15963739922,423925.97453796724,284308.55063981045,379872.6040637753,168274.1978874426,219103.34711876092
2015-08-07,354503.59966693993,287370.1672838684,236883.16720918077,196335.39090510865,421909.18121723423,282955.97584987787,380932.833203053,167951.13565480112,218825.62565462245
2015-08-10,355935.9076512852,288531.2347185856,237840.2510076795,197128.64871198885,423641.35456533136,284117.66851235536,385123.64939716767,170067.1666720865,221325.1339665534
2015-08-11,354223.24936876184,287142.9077802662,236695.83408584195,196180.12397570405,421808.9739748523,282888.77124917775,381484.9795041489,168532.6062856416,218488.39461026635
2015-08-12,353232.6791166635,286339.9248505601,236033.9242522586,195631.51460235097,421308.5841930953,282553.18177801743,382035.1202773313,168734.53496244043,219242.20785083013
2015-08-13,351678.2994005988,285079.9027818199,234995.27079279287,194770.64958023198,421488.7597926972,282674.0176471555,380485.4893349327,168524.59476797638,218885.13523483998
2015-08-14,351915.6865907184,285272.33523271687,235153.89549929302,194902.12217123466,425380.44482325803,285284.00004276435,381974.2360536042,169138.36275324228,219222.38141388076
2015-08-17,355157.518288262,287900.2513331585,237320.12275564452,196697.55187683928,430305.8027534087,288587.22149794793,385491.8853264796,170083.30795860023,221047.41250241493
2015-08-18,353242.6667537008,286348.0210981832,236040.5981001308,195637.0460740307,431967.79174452135,289701.8445916557,384139.1377988997,169590.64396638118,219916.68507422693
2015-08-19,352650.54852046596,285868.03410821635,235644.93824623156,195309.11212669298,432450.28514938103,290025.43174806534,381549.07623604883,168249.98595767198,218468.55303863224
2015-08-20,346272.9007418347,280698.141021814,231383.3245233635,191776.9675424093,420610.2813879579,282084.8607258511,369560.5541892927,164736.6398335023,212418.1752731186
2015-08-21,335297.44485074497,271801.1408266047,224049.4053318838,185698.41030134488,405484.6159394728,271937.84522281657,356995.777220216,159777.68777548827,203134.30239205962
2015-08-24,318832.1392969056,258453.92061267103,213047.1087901144,176579.3993651448,384455.6836587194,257963.9972494449,342331.5084152216,153049.96408120307,195318.38798354467
2015-08-25,317256.8353402646,256918.48287026308,211994.4735251499,175530.3664324106,383384.368034601,257053.15380971748,341261.71741333575,151248.89509050647,194584.40117993028
2015-08-26,330430.9681146486,256712.94808396685,220797.57256211966,175389.94213926466,401148.1756233051,256847.51128666967,354887.9857173159,157055.91507200018,204384.04898068277
2015-08-27,340806.02447048924,263161.2814683148,227721.72076767922,179795.53534216597,412441.04493465455,262625.96670776425,365384.92904546746,160940.7029441588,209561.5943451975
2015-08-28,341939.3557759353,263861.383924855,228439.4560199856,180273.85531106745,414612.638115232,263695.1710032518,366375.74912431755,160948.8031502115,209521.92633661404
2015-08-31,337416.5605643499,261069.3309281367,225669.52061427233,178366.28494035127,406295.2474353852,259679.12805476168,362041.6698140545,159648.51313918456,206923.2253011973
2015-09-01,327309.2205765357,254813.048821133,219473.48698886344,174091.9039052529,394608.5365162939,254007.05471720482,351220.4444141657,154883.34520772297,200456.26533947585
2015-09-02,339291.8449971981,262275.9099189763,226778.88315045665,179190.6368905326,408227.03311386466,260576.0455289439,360459.6017770829,157823.15831172784,206109.9024804159
2015-09-03,335100.1440282746,259683.72928877757,224286.09317541457,177419.62216712887,403293.3753770094,258256.53247878325,358681.39441251534,157936.25078710943,205098.19421266305
2015-09-04,331303.6820975526,257330.0940311584,222152.21095465854,175811.5850395441,398150.7369122462,255914.9798248656,354456.28149735223,155545.56661532592,202658.21061563434
2015-09-08,339708.91574044985,262552.90242250904,226885.4201535899,179379.8821137682,407806.9785516469,260339.7493844357,364680.589240839,159454.61076144892,208371.3573367919
2015-09-09,335277.7378560957,259813.10123206515,224406.30274615172,177508.01092124905,404006.74012452544,258614.22023568256,360159.1870196929,157322.4236762519,206030.55132856424
2015-09-10,337460.7670369098,261166.43792581448,225598.50557528005,178432.6298241257,412976.35398321063,262645.8203587772,363713.5735787779,158178.5622429884,208272.16461330611
2015-09-11,341657.19628410373,263764.5864172567,227875.80474358558,180207.72187532298,417267.71985639114,264556.1375236674,367427.67220936023,158897.33727898114,209422.73361312825
2015-09-14,341247.9586588808,263511.836247467,227653.97134813937,180035.03935975084,417925.37858989794,264844.3475390386,366526.3203854554,158307.7220978942,208787.93953299962
2015-09-15,345468.6526542061,266119.2137786156,229928.26547486466,181816.43682231195,421719.8955036117,266503.5513289497,370493.2618578161,160286.53739841483,211247.7647016624
2015-09-16,346442.66503940884,266719.4497957925,230453.8898454878,182226.5266175806,424631.83506640466,267782.8481139848,372158.97797705204,161675.63404806316,212438.00171006803
2015-09-17,355462.89511858835,272275.049140871,235302.19308865376,186022.19121087383,429319.8385987231,269834.5340639168,375694.85563523386,161312.21859913733,212517.35286191964
2015-09-18,349607.2258652303,268686.8205958267,232166.2162821391,183569.23390997582,423358.79917114886,267234.22060715227,372226.4293816977,158676.1188779145,208986.30984528645
2015-09-21,346769.55108640454,266942.12939313037,230671.9517026396,182387.74847031914,428918.2637647831,269662.77840085217,375378.39756107493,159496.08736397416,209640.94549704916
2015-09-22,341960.8621840513,263980.7583012067,228153.4688173333,180396.43387996018,419649.57932272315,265635.42892525723,369850.7085043787,157425.96736858596,206506.64310498955
2015-09-23,336827.7412521045,260810.69925430257,225462.71573758827,178268.9086551469,416993.40933305206,264474.55264133215,368203.9561488319,157174.2253808427,206665.34540869287
2015-09-24,330983.6429982078,257190.56191895445,222399.34377026142,175846.76104802004,416870.1061253028,264418.4934276267,366596.30708446086,156605.9545383326,205911.53216812905
2015-09-25,320504.81326905463,250676.50924401055,216846.74958584917,171456.43468198724,413067.8185140221,262749.03777516284,361231.78804801946,156565.3500382838,204165.8370967619
2015-09-28,303081.5064342435,239774.67300064338,207620.22398733563,164161.20343390745,400187.3956501866,257056.6795246024,350172.3045138571,152636.01103283538,198353.4976521185
2015-09-29,296760.97855896613,235774.42231609055,204314.2145325018,161547.20716588252,392948.2313951815,253826.5317945894,346855.4418353107,152725.24633199608,197321.96294741626
2015-09-30,307696.942760754,242725.25703746526,209602.30027458767,165728.39193974854,403213.4709498141,258315.98528736137,356023.91869852546,155574.92247156796,201864.7142318024
2015-10-01,313680.7923309124,246501.52185689058,212439.89470076095,167972.02171199257,405695.9420235288,259382.67133953216,355518.8314565558,155980.79009528086,202777.22977606946
2015-10-02,324202.7036323836,253116.31552502117,217230.85652103636,171760.1404362566,417338.72814772173,264306.4360252129,363214.10842654447,158310.78184726083,206328.11436433686
2015-10-05,322725.5546885453,252193.70632045393,216565.65994933015,171234.18266762389,419288.21869233326,265127.08375365176,366959.79803657776,161127.9241300408,209283.872881059
2015-10-06,314959.4052005374,247338.6237408062,213166.62575634004,168546.63357959143,410405.65688294324,261443.19307400222,362033.82218767144,160575.88326243186,208292.00618494026
2015-10-07,316587.57316429156,248361.50812964965,213885.4876962077,169115.02349308415,408333.1966563407,260561.92122163292,361930.01822376606,161891.11726674213,209541.75277356335
2015-10-08,312827.44282124925,246001.6640374056,212235.46364650677,167810.38212197035,404113.644344385,258783.03891787096,360834.1427800027,163352.43582656098,210374.9323006635
2015-10-09,316920.31922338536,248576.51334485653,214041.3169807883,169238.23462538962,407494.11615563795,260220.34006679556,364316.7654144872,163449.8452387639,211327.11585351411
2015-10-12,313656.53336234787,246528.5524905218,212610.5979633453,168106.99340443057,400465.58400603774,257244.9578112558,364593.1689493813,163604.0891259168,211842.8907732076
2015-10-13,311739.0010048979,245322.8349590084,211766.72698055374,167439.76131394567,397488.6639636239,255969.03434775694,361376.2364073409,162573.04227775426,210474.1098894646
2015-10-14,312922.21513241227,246067.73872322062,212288.11789767796,167852.01479663068,393416.3993770603,254224.5890627946,359104.0808880682,161793.61916615177,210136.87884510853
2015-10-15,318183.60040394426,249377.58919393827,214603.1408543532,169682.4576467844,399718.88523523085,256939.93315653314,365202.6873688792,164277.92871227415,213588.57070989016
2015-10-16,322403.5105717928,252023.48552030345,216449.25344710436,171142.14234936427,404292.38949870656,258899.50407794688,367514.2527169508,165024.80318568685,214481.25981720784
2015-10-19,321314.52396224387,251342.47506719342,215977.2769913197,170768.9599036175,402226.5213039525,258022.77629530308,368927.5989031421,165105.9974043865,215711.16483419685
2015-10-20,315964.9650993458,247994.79853259286,213669.80795441743,168944.48978837737,396001.16502950556,255385.22230091924,364646.68429938296,164894.90426088573,214600.27897764297
2015-10-21,314193.75911837234,246882.65024039696,212900.06942731887,168335.87276393158,390477.0134405335,253026.15963836445,361383.655865718,163871.98718157172,213291.00767411754
2015-10-22,316594.0902820244,248391.52838183395,213945.0297635205,169162.1022276953,398072.7200587845,256339.68303991164,365467.9106977974,166640.3951954544,217635.38864621683
2015-10-23,324955.8551236971,253639.86778612886,217600.12172851924,172052.11113006697,412552.0838701394,262670.0557001883,373345.96752270753,168467.08034872272,223725.44955499866
2015-10-26,326952.69469111355,254886.75253280147,218461.38979582058,172733.09875108025,415368.5528025711,263869.7830994613,374090.1799230343,168053.03861196758,223864.3102870679
2015-10-27,328739.66467325686,255950.24827401218,219219.51149572912,173332.5305801006,414980.64451972203,263709.21304829157,373135.48340577557,167728.3356441585,224320.57562654375
2015-10-28,334765.8723607683,260642.13525790372,221769.247311541,175348.5562442852,421782.45203670807,266519.1547797646,379756.3699917354,169636.15589053486,226185.27472366148
2015-10-29,330634.7331022454,257425.71134409212,220032.30673625364,173975.1916959946,420063.28503035725,265812.531433078,375101.86332349904,169538.67257134238,225828.20210767133
2015-10-30,330694.37664844707,257472.14863809323,220057.01754481083,173994.73004342854,417299.41995384626,264676.3961385432,373293.4731858114,168808.04285422878,224816.50897460312
2015-11-02,334269.153145176,260255.39942947938,221554.01647696778,175178.37748163354,420699.66175859544,266082.32810033654,378902.95309531654,170805.18708815327,227355.68529511764
2015-11-03,334302.3963320593,260281.2819220732,221567.7681767068,175189.25067854597,414013.51517280715,263196.8003042914,381689.9228580157,171300.34913661852,228149.18167894962
2015-11-04,333257.59209991,259467.8178611357,221123.83317534096,174838.2400560206,416850.25461089564,264424.88593042357,383977.93921579554,170780.8716885973,228169.008115899
2015-11-05,332863.40713691607,259160.9131885752,220956.06649679632,174705.59026248375,425287.35828250117,268051.5101115776,384142.64535391005,170610.3239195537,227554.05560740447
2015-11-06,342080.55684886075,266337.2049801234,224880.71632636478,177808.73323528937,436137.65508389514,272680.5039107618,384634.2539690156,170521.02949480136,227712.7579111078
2015-11-09,338888.8274789305,263852.1871607219,223532.2801601919,176742.5514369004,431089.7930396338,270561.5004890788,376909.42768185894,168929.8120101814,225292.60075102845
2015-11-10,339345.46444374,264207.7157356818,223722.02915926097,176892.5822163656,431089.21322241303,270560.9581106307,372674.47039785975,169319.50878458476,224717.31625111742
2015-11-11,339710.4859453572,264491.9143098244,223873.2953205218,177012.1853773415,433324.834856148,271485.9787983315,372812.98489641445,168653.79896707588,224439.59478697894
2015-11-12,336888.30930041405,262294.62298611307,222699.81881291265,176084.34071948056,428366.5390494787,269430.72788927396,368900.6109356619,166299.38834575462,222257.4910824546
2015-11-13,331539.6562888799,258130.26676948683,220467.87610374202,174319.58777732335,423379.0308135171,267355.32091761177,365740.61407509685,164432.17259942705,217893.26853872123
2015-11-16,336955.19113416603,262346.6958686807,222737.90735948485,176114.4565796904,430699.8928130188,270400.98691580887,371763.604472344,166932.6382134611,221027.57093078087
2015-11-17,338901.8440937546,263862.3216414491,223548.14425033607,176755.09485911348,430090.3014382989,270140.1132917599,373549.54652784637,166810.8986203043,221166.43166285005
2015-11-18,346888.07005562505,270080.24036976794,226918.35821313484,179419.85636132894,439235.626307593,274070.71064384875,381063.9825611563,169457.53747823436,225411.61991146358
2015-11-19,347333.92991109815,270427.37809900177,227114.7383043885,179575.13021419133,439219.1358705046,274061.0818454877,381198.7634426121,169311.39379713417,225570.32221516693
2015-11-20,350168.61726560997,272634.41001554165,228353.40891371586,180554.5225584448,442180.25313752535,275406.5093835904,384175.2270584186,169928.38412714365,227097.80540261327
2015-11-23,351364.5531588181,273565.54222038423,228895.09581965161,180982.82367793607,441728.74832607177,275182.1271896415,383073.9739885286,169733.56530273778,226443.16975085056
2015-11-24,349809.21585582674,272354.58713455324,228169.4814881329,180409.0947819579,439591.0959213453,274118.99096103315,383924.57658656687,169960.84407694603,226244.7994385637
2015-11-25,350860.640672807,273173.20585284824,228659.86176358303,180796.8287638028,438698.1649701263,273671.14282002725,386610.1525899936,169936.48433319633,226443.16975085056
2015-11-27,352185.740041227,274204.9022034299,229276.63077816632,181284.49582113588,439481.9150534289,274059.8322316791,388810.0098685639,170131.31793900012,226760.55922357255
2015-11-30,349110.42658871674,271810.52353156277,227790.0521281503,180109.08749385912,434154.19979738997,271267.7315374412,386688.98679415084,169425.03318423827,226185.27472366148
2015-12-01,358938.0366919594,279462.1077976879,232714.10951681837,184002.44225081516,445583.80619410344,277506.3371739892,393213.48160459864,171040.6251940058,228446.74471472215
2015-12-02,354184.45185849024,275761.05998063396,230337.96799188707,182123.67415794483,441495.45109449216,275278.254386892,389444.79254564206,169295.16382223298,227038.28068771103
2015-12-03,353332.7366723714,275097.93125972786,229916.97390224264,181790.80246044195,433234.7177482413,270846.9221662864,386198.4306583792,166924.56757020424,223189.84819835582
2015-12-04,363742.06992226484,283202.4337459893,235099.44475299784,185888.47962927603,442977.8660525698,276162.73654334666,394744.022092809,170180.0522078974,228407.061571454
2015-12-07,362309.13639398967,282086.7798358148,234382.32308119966,185321.46571131537,438300.7205141782,273646.0198777639,392557.4336486891,169149.03492253067,227375.52686675178
2015-12-08,364502.83257283084,283794.74860852194,235448.4227423714,186164.40962110087,441052.9357518657,275127.8716970794,392303.1061199984,168012.4193305209,227395.3533037011
2015-12-09,354959.7170092399,276364.66620506014,230801.4317900807,182490.1258137534,430780.2706369093,269610.4626157709,386729.38553897856,166705.35943925288,223943.66143891955
2015-12-10,356084.6083729343,277240.48453414754,231349.4102856787,182923.40156871433,431704.2274666895,270103.2772203235,389267.97930877196,167135.63115090918,224955.3697066724
2015-12-11,350396.97651689826,272812.2060448739,228614.83227835406,180761.2248407204,422899.0564226757,265457.1851588347,380550.86428200174,163896.3173625256,219777.8243421577
2015-12-14,353987.1100982308,275607.41356080375,230346.11746694322,182130.11778663797,429124.9510895746,268755.1469008643,382792.65747448086,164724.38605463793,221444.15312698853
2015-12-15,356370.20532157685,277462.84471080586,231506.445316974,183047.56606109193,432073.16618977877,270296.75401012663,388020.55919382285,166453.66179570332,222793.0924390975
2015-12-16,360949.5578986664,281028.23871400685,233745.54653645805,184817.97909572607,438750.5916493965,273781.35939553863,395429.44684675673,168889.22229153052,226105.9387064945
2015-12-17,357749.40596181614,278536.66324937437,232183.58679657168,183582.9684320698,432672.71839400433,270599.94423908,390284.0680367183,166315.66266484951,222812.93401073155
2015-12-18,353313.1664978459,275082.69430609304,230008.5321822642,181863.19578101547,424146.96513642144,266083.30373999325,385057.2951517088,163352.7018917233,217873.4421017718
2015-12-21,357058.8505345003,277999.0103523803,231858.10564580144,183325.61692565415,428838.5979804921,268556.7531541191,389456.3939763305,164700.23325045893,220293.5992618511
2015-12-22,357350.4575404563,278226.0498416584,231996.6078551731,183435.1278824003,430681.2040033286,269512.9707080224,390169.30064645805,166194.7803927713,221741.71616276112
2015-12-23,358979.18669286853,279494.1463804359,232806.55709923216,184075.53872519583,433887.43920029997,271165.96113237354,392844.8207461392,168252.82398607,223388.2185106426
2015-12-24,358844.7716616271,279389.49347628397,232723.95170148837,184010.22427151052,433546.43191146845,270979.0815238529,393147.98645474564,167975.12586360314,223348.53536737442
2015-12-28,358784.049741268,279342.21658133715,232676.53691264006,183972.73433604845,435438.7643811785,272006.2853285361,392242.49018687796,167591.31208556655,223229.51620693927
2015-12-29,362440.4204326226,282188.9950105973,234950.4304443578,185770.65696361547,442983.4204765361,276227.5193925501,398344.69378621114,169379.84645083852,226740.7327866231
2015-12-30,361048.22392933915,281105.05814822996,234065.4099500912,185070.88876853185,439853.9540425101,274473.1210099204,395404.9023074846,168179.28653148582,224697.47467948333
2015-12-31,355856.47706996376,277062.8659808999,230699.63142950606,182409.63428272147,433632.74845272733,270916.68896411627,390648.3122485303,166496.95651017106,221900.41846646444
2016-01-04,350758.9916715113,273094.0639362673,227394.96205177528,179796.69758714907,423614.7077234702,265193.96813885844,381998.76234447095,164169.38890744772,217218.8064500091
2016-01-05,351523.3001906244,273689.1395424293,227890.4587056781,180188.47698821127,424643.57260978,265783.7656621545,381428.9729711024,164447.08702991458,216841.8922623849
2016-01-06,343782.38061989023,267662.2115537796,222872.06672192697,176220.53373329068,417588.2421238802,261795.8800899196,376405.0995306246,162372.73955472515,214758.98128134632
2016-01-07,334234.7539467598,259960.95467745003,216682.3973005533,171150.26404790665,403073.1464390153,253299.26571795047,366239.1475813116,158477.19082489068,208034.1262924359
2016-01-08,331621.8592074132,259882.96639104682,214984.23556361895,171098.9189686923,399305.5299041838,253223.27593823508,361984.90856942395,156737.61244948456,206328.11436433686
2016-01-11,330570.25224050565,259505.7902363879,214315.53352481266,170850.59783699564,401229.669573893,253462.72756313396,361496.81837494083,156892.75800190974,206962.9084444654
2016-01-12,334320.8467414344,261861.23748724736,216696.08880042698,172401.35156243763,405983.99531916523,255865.42998023107,365359.35826367186,158158.65170000854,209363.2240329107
2016-01-13,324824.8503603041,255910.9453944294,210671.59620526724,168483.8630145457,390949.14558987075,248285.03600406,352950.18923994293,154214.07307331866,202142.43569594086
2016-01-14,329432.5568779333,258815.06441049263,213610.6544582312,170395.84528527738,397052.0175400491,251385.69868404508,358954.6385384614,156745.78656252677,206447.13352477195
2016-01-15,318773.718153066,252115.8648966091,207023.16888451108,165985.29922026003,381546.4797090054,243532.07691372244,348571.11004270014,153381.00826871398,200039.66800858348
2016-01-19,321167.11432790814,253630.20089684564,208484.82288712842,166982.29127477572,383867.9234012657,244714.4191391401,346892.0100480071,153585.2428435862,200476.09177642534
2016-01-20,320932.725663393,253482.12086893036,208346.00817130558,166884.7999576302,381376.74729601905,243462.79450396477,345511.42013773724,151617.04058676236,199861.13926793076
2016-01-21,319761.04175834934,252741.776497693,207652.75772078606,166397.3800880545,381721.85711591336,243635.02216037255,346325.75601903733,152466.35014766615,200059.50958021756
2016-01-22,325152.56831543247,256150.9823035747,210843.06802433735,168641.89590234007,393319.3311297587,249556.7178363098,355838.23083028104,155594.28610282528,205852.00745322683
2016-01-25,322963.1762413802,254771.16252648568,209503.6298254954,167733.46517480898,390736.02597747126,248245.45524848282,351523.5548740582,153242.22572377112,202797.07134770358
2016-01-26,324993.0813810477,256052.2034136116,210729.38230208997,168576.86293182906,393577.2557566461,249689.54503412748,353580.5876549543,155332.921425045,204622.10243623776
2016-01-27,320468.51408415014,253200.38780956078,207996.97593631104,166699.31561225237,386469.99463092984,246082.40814608312,348007.4751380109,153642.38772789217,199523.90822357466
2016-01-28,319464.47125421086,252565.75689202538,207381.59374090747,166281.4942157895,407238.18685348856,256661.623766377,349106.91142317344,154442.7412989301,202340.80600822766
2016-01-29,331694.78039450996,260301.09540504607,214860.00585244165,171374.20219820974,413254.518738058,259679.38387432188,359119.66721306776,158207.66681546604,206566.15268520708
2016-02-01,334912.2828205222,262321.07149261254,216810.66259212035,172704.09207027307,414745.7128129068,260370.93524072575,359945.48989978526,158150.4184613747,207121.61074816875
2016-02-02,327198.1684317717,257487.38851142902,212384.35774793648,169521.74447665116,410011.3256139922,258183.16619934788,350850.4077372337,155300.25453567193,202638.36904400022
2016-02-03,325734.1565147683,256565.70950065568,211541.55362287667,168914.93948065862,405370.003002387,256017.65678317135,346434.20715720044,156231.27566420208,201666.34391951555
2016-02-04,325119.78698654333,256178.581161175,211196.58820016443,168660.0661378339,400091.13658414595,253552.264135948,347412.45726585545,156476.23299030634,201646.50234788147
2016-02-05,318288.7883368212,251872.58537243603,207357.98801056927,165825.1314948747,385677.77748303494,246737.99417930873,336253.66617653106,153495.4162885092,194643.9258948326
2016-02-08,311560.60166626604,247613.19369122415,203444.07261688032,163020.879557012,377197.0573429389,242617.82474559528,327094.7237259945,151429.15423797458,191668.3258064763
2016-02-09,310628.51230494137,247020.57030475265,202905.68016360386,162630.7146216608,377142.21636384143,242589.9119863458,328782.7730942512,151437.38747660842,191073.19973493114
2016-02-10,310058.6892331596,246658.05877837696,202583.3533261641,162392.04822833033,379955.62905766163,243903.15554447693,329708.7990559088,151306.67557492244,191807.18653854547
2016-02-11,302508.4250331345,241852.94651928046,198310.8186822268,159228.5107157658,377781.20043302764,242888.63338486978,328307.2450816043,149338.4733180986,191529.465074407
2016-02-12,307155.3774312039,244825.10606739175,200951.97803964996,161185.28877146618,378258.07586650486,243111.06732197807,333371.1205509293,152417.37937640236,194445.54044786104
2016-02-16,312842.98108788737,248451.8520619754,204140.00727817832,163573.02632758435,384407.740177035,245988.57824885348,340314.3605408155,154989.8599610362,198829.60456322852
2016-02-17,319568.67485118227,252724.95051176383,207903.0086199606,166386.30237856443,395085.5632548908,251015.83766773646,349523.0128098054,157521.61779443803,203332.67270434642
2016-02-18,317155.48425608146,251198.2089461049,206573.21146877142,165381.14288290226,400262.5724346845,253412.23259955447,344842.76913445094,156876.4097758253,201011.7082677528
2016-02-19,315729.7431634968,250294.81959505976,205783.843442799,164786.37923402552,402541.03714703035,254452.8732437465,345672.5306641721,156802.96100962858,201606.81920461325
2016-02-22,319909.8713422678,252945.85758193175,208095.7185553964,166531.74077117306,411222.23453569476,258392.44854777207,353724.69407658075,159073.30982105638,204879.98232874216
2016-02-23,317172.0796615306,251214.0871638221,206577.91000689592,165391.5966110719,405715.14782288787,255904.4405904021,349614.84393754776,157064.28134321517,201507.6416158122
2016-02-24,318641.69047385204,252145.28372840595,207386.66093180832,166004.66767055762,408683.9378502534,257229.9014828338,351858.9296554345,157782.96769082043,203431.86542783215
2016-02-25,322891.18452912575,254835.42733811567,209720.55446734332,167775.77514206187,412286.50631824724,258829.5146846877,356890.2788991945,159694.02506333828,205435.42525701915
2016-02-26,318051.130129818,251779.4942181427,207068.12815806118,165763.84315387133,409778.36606501933,257720.1201499221,357399.51808662765,159326.48560439656,205177.54536451472
2016-02-29,315359.1037597756,250074.6185584473,205599.79358771522,164641.40567210506,407185.31679932197,256573.72593022278,355834.5030410876,158076.92535098427,203332.67270434642
2016-03-01,320882.3499053256,253578.49374476186,208594.47965487585,166948.24888274306,418386.3495608391,261542.54103208228,363188.12916250393,161792.90965905227,209859.15738097005
2016-03-02,322091.7436972432,254343.076168667,209269.48104674503,167451.62633763862,418882.6960639905,261761.6862491508,365640.04817663145,162519.6962127102,209938.5085328217
2016-03-03,319978.8073248022,253008.27452352963,208098.80585836383,166572.8341578657,416959.45349372557,260913.94363567303,367228.0979588269,163156.70055548492,209541.75277356335
2016-03-04,324885.0374472662,256111.77210345518,210809.59662154893,168616.08111753064,421512.7281504933,262934.76598138054,368759.20924885717,163687.58924268984,209621.1039254151
2016-03-07,324519.7391447448,255830.17362253694,210597.60880257006,168451.87894751356,415380.3588169367,260179.14161350002,369343.39699842135,163818.27158158,208331.67419352374
2016-03-08,322893.0195701916,254547.77412261773,209674.17507021726,167713.24687954847,414652.6840990343,259850.42253755277,364733.4719723902,162029.66330931848,206605.83582847528
2016-03-09,328590.5399912913,259039.32721701288,212912.34363568446,170303.3787538049,421424.18910165783,262889.2035409967,366793.0428918899,162830.0464431522,207934.9335689501
2016-03-10,328157.7188393164,258698.11928078975,212657.6089165745,170099.6226793118,422087.3349663307,263188.4878132322,367310.73698028096,162960.68443784863,207617.54409622814
2016-03-11,334073.1146782566,263361.4311289702,216050.68362265234,172813.6601885597,429707.8523492345,266614.43003150047,373301.8012808125,165590.51684635918,211247.7647016624
2016-03-14,333396.1423644477,262827.7503580075,215657.4242368787,172499.1016196188,429963.8005917336,266729.73395985726,373108.68324547925,165378.10815844472,211604.83731765262
2016-03-15,329614.60388728284,259846.63232887612,213491.95514952397,170766.99583436447,430339.37484053854,266899.00595088536,370538.4248044085,165108.5841490201,211525.4861658009
2016-03-16,330355.0160253837,260430.32491516316,213916.67915154633,171106.72218064909,436048.2459995127,269477.1548939402,372659.2286209628,166064.14239807485,213410.04196923735
2016-03-17,327206.67113865074,257948.3753699083,212100.2792330346,169653.82829010044,436691.40543305955,269768.6061452541,372353.2277718126,167117.65697105505,213291.00767411754
2016-03-18,327845.88724512875,258452.29161221016,212469.62182658442,169949.25640161877,439335.2849969336,270964.9472860746,375254.3812910243,167774.36491723894,212993.45977302972
2016-03-21,329152.1703931609,259482.0799555694,213225.90429293792,170554.18825814204,441356.68204719253,271890.3160582437,376128.5572340469,168012.38976772508,213826.6241654451
2016-03-22,330740.62842852593,260734.31655618586,214151.43392743228,171294.49678699308,442418.4238823458,272377.17420323,378363.10029944393,167922.0754265172,214481.25981720784
2016-03-23,330423.6110731666,260484.40077209004,213966.93157372324,171146.9178646623,442855.7059519075,272577.28965034394,373459.8141037706,166813.8844626814,212715.7383088912
2016-03-24,331089.91334495996,261009.66997860186,214354.63838149814,171457.03506220205,443031.43860986154,272657.89625884476,374609.1728996757,166740.02181734328,212775.2478891088
2016-03-28,330412.36989822873,260475.5389637339,213960.37384440127,171141.67249728992,442604.02676128864,272461.74766210193,374305.4010096541,166838.5546157871,212477.6848533362
2016-03-29,335746.43708672235,264680.5692603284,217061.9207651039,173622.52405779375,450047.4712142323,275876.7218665083,381030.41755687573,168381.791682803,215889.70870953426
2016-03-30,337410.8232903682,265992.6626712742,218031.54720714124,174398.10454499436,453155.45722766046,277308.365903765,382475.0087321159,169120.61029435674,216941.08498587064
2016-03-31,335647.1097851206,264602.2661010778,217013.7779958042,173584.01583354382,451956.78182870493,276759.094366713,383053.61327957903,168710.14565589494,216623.68037846402
2016-04-01,339958.82060651475,268001.3373900986,219514.43591801167,175584.23097366793,455555.8770453661,278411.3451160545,386840.64798968355,169859.44368730838,218924.81837810818
2016-04-04,337669.2455012727,266196.38586930785,218176.56512739972,174514.10083425665,451333.896238434,276438.2469283974,386082.61344933056,169309.3539642231,218091.65398569268
2016-04-05,335582.9940690991,264551.72145684453,216963.38440756168,173543.7072342457,448324.11080698716,275029.28369540884,381671.5067472513,167618.36204373516,215988.88629833533
2016-04-06,341599.7977926488,269294.97666007234,220513.12039837913,176383.0542753671,452025.4599004325,276765.553664305,389667.1303295323,169449.0086116424,219539.77088660272
2016-04-07,338584.942745129,266918.26178816205,218670.27044520417,174909.00364869693,447805.23592215776,274695.10085115395,383951.07382868254,167421.35557243918,216385.64205759365
2016-04-08,341565.0292570604,269267.5674167406,220469.07161770575,176347.8207325364,446000.270554749,273804.5109578569,382397.09073815576,167872.85337148904,216226.93975389036
2016-04-11,340068.8422074902,268088.07123671746,219568.75720814106,175627.68124568748,443581.37763092126,272615.8130493023,380163.05255032,167478.7960847033,215433.4433700584
2016-04-12,339219.4321887441,267418.45183807856,219048.29087066243,175211.37294581786,447925.3285116178,274744.90428353153,382842.89544616133,169038.51441038479,217238.64802164325
2016-04-13,343636.76641889673,270900.7897261436,221818.057282896,177426.84138840524,450922.4710827169,276298.4098559022,388169.82908145426,170745.95802674248,220015.8777977127
2016-04-14,343451.7432471512,270754.9295381729,221696.59382089518,177329.6857344838,450237.35567219846,275924.5582832788,388196.61719435034,170754.16170258052,220035.70423466212
2016-04-15,342458.3965121276,269971.83983041515,221055.39286044653,176816.80476121604,449129.2164803811,275305.2471365293,387992.42116358806,170565.41803271417,219480.26130638513
2016-04-18,343527.81022695353,270814.89577844244,221745.69472271326,177368.9603455124,451529.9728525809,276645.92534121725,391329.6234162536,171763.86421216626,220650.6718778413
2016-04-19,340196.5751774288,268188.7675702065,219595.3971096801,175648.98985168137,451529.01399862155,276645.3618186582,387424.48522024375,172305.63200823026,219301.73256573235
2016-04-20,342882.1424544668,270305.893463905,221328.9190075956,177035.59163961658,452012.0646484571,276906.73844101175,388409.6555153909,172469.88290176576,219480.26130638513
2016-04-21,341945.99372447195,269567.89492870873,220724.6391085116,176552.24292075084,449151.56440081826,275247.1344779415,389370.1852716745,171542.29105754988,219500.1028780192
2016-04-22,343250.96952486574,270596.65264454996,221566.99526379193,177226.02301686298,445803.211046792,273296.9225968366,388196.6176270062,171542.29105754988,216187.27174530688
2016-04-25,341885.2476555333,269520.00669422286,220685.4277874556,176520.87874361014,444029.6938875802,272262.4472085376,387093.7926633145,171246.72222501424,216187.27174530688
2016-04-26,340845.117307715,268700.0358407588,220014.02821014985,175983.84263496302,447233.7070446977,274143.46948967065,384917.13185818034,171501.1987713702,215135.88033428587
2016-04-27,341697.77508104924,269372.2155570608,220564.41506291679,176424.08362356565,452282.2253127509,277238.0893539283,384386.2060243284,171854.1489905783,213410.04196923735
2016-04-28,336093.53001768945,264954.1946645225,216946.8994558105,173530.5213243361,452576.915145955,277418.72711003956,380362.560512312,170294.51935328427,210831.18250545472
2016-04-29,330384.0393845972,260453.205036558,213261.44829506916,170582.61903652723,450001.76522654673,275840.2223546007,377606.0198237382,169375.1164035085,209720.2966489008
2016-05-02,330834.52343469474,260808.33724840544,213552.23377349778,170815.2112320914,452979.61767923523,277665.5740446663,380642.3166619143,170721.34699922838,211704.03004113835
2016-05-03,328345.6219171453,258846.24979868004,211945.65876071848,169530.15115419417,444524.1800854718,272482.5948516959,376037.3586201406,169235.5504444766,209740.1382205349
2016-05-04,321872.21784003836,253743.0406893061,207767.10482253632,166187.82800925194,439220.678128094,269231.6761393111,372486.9741297,168291.52168578884,208391.19890842595
2016-05-05,320077.8046443212,252328.4424876043,206608.81897534095,165261.34347589102,435915.69825614383,267205.80323568534,371154.4274428777,168258.6774196409,208331.67419352374
2016-05-06,319793.8398431,252104.58317910566,206425.5209416767,165114.72785972283,436494.03348915477,267560.30877676676,371618.85337144404,168874.36698663465,209442.5751847623
2016-05-09,325748.7994194776,256799.08449466465,210269.4212286349,168189.36973009672,434119.041204377,266104.4958210248,375588.3018128386,169013.8738200749,210037.68612162274
2016-05-10,326573.02267871867,257448.84829661733,210801.45372727394,168614.9295195286,438578.0076455387,268837.7346428381,377863.4394325608,171115.31559762667,212914.10862117796
2016-05-11,337001.33488030627,265669.8487453211,217532.88351282367,173999.2356463951,435841.959886707,267160.60339472187,376656.8284458086,169514.66758114245,210989.88480915804
2016-05-12,332763.69974638225,262329.17389171163,214797.50862095522,171811.2761402021,432151.68337554485,264898.5529494831,372832.15125593677,169563.88963617064,210057.52769325688
2016-05-13,342386.6674374076,269915.29331127956,221009.0920573323,176779.76988068852,444179.2880133092,272271.18433461536,373657.1018157975,168086.23763166528,209283.872881059
2016-05-16,344932.90365585196,271922.57969566213,222652.67636805834,178094.43279127267,449196.9557996925,275346.8935981128,378338.44678045454,169744.4739743927,211902.40035342515
2016-05-17,344808.8208801948,271824.76093701407,222572.58148062244,178030.36684883686,444863.78928350797,272690.7670944265,374399.0988880931,168160.1741839929,209244.20487247553
2016-05-18,348893.7687381932,275045.06711162435,225209.39740559657,180139.49144681377,448203.7198810397,274738.06394938054,375677.4280673716,168209.45536461272,209998.0181130393
2016-05-19,349082.9527917882,275194.2074671706,225331.51488239464,180237.1702311833,457637.1459833042,280520.5264966204,375143.2384869736,167626.62484516483,208906.9586934348
2016-05-20,352863.26180208166,278174.35626489547,227771.68776737954,182189.0048686688,463449.71770729445,284083.4926907427,378963.49081318465,168685.56419117667,211208.09669307896
2016-05-23,359079.88026814524,283075.13236470846,231784.48771994407,185398.74545258822,468888.6108345176,287417.40292289667,380580.6057437498,168455.6838909369,210930.37522894045
2016-05-24,364720.72429256083,287522.005488504,235425.62779588185,188311.20438690504,475832.06818652275,291673.5747157397,387451.92026618397,170639.23633385854,215155.72190591993
2016-05-25,370242.7082835784,291875.17712264246,238990.04424160405,191162.29396502185,483700.76269536885,296496.8945573137,390785.220490518,171796.73804111,216703.0315303156
2016-05-26,372724.12102476245,293831.36091004265,240591.78528208673,192443.48746665177,487874.42145886476,299055.2466579446,392597.0996291731,171845.9453147403,217337.8256104443
2016-05-27,374524.0469276354,295250.3049701274,241753.62955757143,193372.81829981087,489779.245907114,300222.85807628435,391726.2623533233,172584.7343634982,218468.55303863224
2016-05-31,377632.3674224857,297700.70189811627,243760.03680330815,194977.69440642948,492060.1695707368,301621.00923738215,393919.1251137554,172256.39517180415,218885.13523483998
2016-06-01,366523.84043359815,288943.4645240588,236589.53135610864,189242.18239158747,480282.2202876886,294401.4105598488,391586.3506476365,172609.43407939974,218904.97680647406
2016-06-02,370277.90415167704,291902.92324702366,239012.76302008596,191180.46616053928,483417.5519351933,296323.2931959485,393960.4989524583,173134.8093051856,219361.24214594995
2016-06-03,366042.5986434116,288564.08491817623,236278.8918913619,188993.70947772407,483547.2969795963,296402.82377707754,393087.80981947505,172617.6820994315,218329.69230656305
2016-06-06,368656.1830815421,290624.4642416227,237965.9491824931,190343.14536258052,485211.73200517107,297423.0822805485,396144.2606527622,173496.02232582337,219123.18869039498
2016-06-07,373103.8370530919,294130.7042341522,240836.8903128661,192639.54098885952,486456.7310367331,298186.23664178624,395199.61052240554,173766.83231686585,218567.74576211802
2016-06-08,373062.88203620387,294098.4179728949,240810.45402910144,192618.39525174565,486663.9569272115,298313.26111174235,396281.95341929886,174333.27026603557,218944.6599497423
2016-06-09,369272.06669045065,291109.98666627886,238363.49935066004,190661.1360234641,483974.1001520921,296664.44382193143,393277.1079672064,174095.23063415152,218587.58733375208
2016-06-10,362232.96907829493,285560.82170944224,233819.79271684412,187026.7361639191,480044.6590567169,294255.79125824216,388138.55977270345,172445.25709285378,216107.92059345517
2016-06-13,361020.90356554673,284605.3083980318,233037.4097447167,186400.9271508882,474956.7593951932,291137.031550164,384837.48218692234,171115.31559762667,214302.7159418704
2016-06-14,361122.35368369956,284685.2850472472,233102.89535100467,186453.30748647678,476771.04383937886,292249.1441309818,383547.53127193445,170778.84663708415,214302.7159418704
2016-06-15,360367.79284957214,284090.4385528172,232615.82964222378,186063.71553298048,475811.48491521506,291660.95766715665,382998.28150330286,170540.76266100636,213687.76343337586
2016-06-16,362019.3334333452,285392.4053157785,233681.8918450759,186916.43262775868,478605.1633517898,293373.41512994916,383777.7105967571,171049.73053511613,214322.5575135045
2016-06-17,355922.15946848685,280585.7914618804,229746.1927941329,183768.36317021406,473631.08760933386,290324.42673738825,379630.89849013765,170412.71141094354,211247.7647016624
2016-06-20,360206.27944090846,283963.11192704795,232511.5734453601,185980.32354978813,475025.1335153335,291178.9432357621,382512.77485311107,171510.17107989936,212576.87757682195
2016-06-21,358721.1390181264,282792.3241863222,231552.92181656466,185213.5215474061,475473.183191369,291453.5868745517,382210.9112403931,171996.9964199454,213251.33966553406
2016-06-22,354319.86206754507,279322.6448090506,228711.91684980827,182941.0711265754,473718.4881031328,290378.00113088265,380857.80715922697,171716.44548768265,212735.56474584056
2016-06-23,368262.69501908164,290314.2639450152,237711.95436408877,190139.9811165741,482101.9565078143,295516.86494775215,388529.8719727348,173952.6197071509,215770.67441441445
2016-06-24,357406.0562548113,281755.5988008231,230700.87328932586,184531.98875990708,468827.45116511796,287379.9135214988,376402.26263910177,167706.14876590107,206883.55729261375
2016-06-27,351619.7150376911,277194.0251901811,227005.62580572895,181576.25063292996,453874.0066562178,278213.81290359196,368372.7972447748,164702.55392993023,202777.22977606946
2016-06-28,350175.9160579476,276055.82834385894,226124.93244942074,180871.80554691862,465037.7898380612,285056.94258253434,374051.5944597945,167673.15668577407,207220.78833696982
2016-06-29,360963.77681561594,284560.27339833707,232649.32508707288,186090.50772047538,477258.50273496687,292547.94467030873,382133.77807346534,170528.24281697968,210890.69208567234
2016-06-30,361057.93722403643,284634.5033163632,232698.14950746467,186129.56118077002,482880.8796432282,295994.32603229163,385687.6960396617,172855.1452567972,213330.69081738574
2016-07-01,362496.43325343763,285768.51966287853,233532.88845505196,186797.24845866102,480447.47106877784,294502.70530071954,386472.371868614,173218.20595217327,214401.9086653561
2016-07-05,360629.04809487006,284296.39513019053,232431.92595199242,185916.61546693038,477860.3072106314,292916.8362907621,384251.4769745637,171972.22279705433,213092.63736183077
2016-07-06,362563.8761951456,285821.68727459986,233576.709438539,186832.29979209116,485555.08233396476,297633.54774615023,386888.9749892768,173003.68352435823,214838.33243319794
2016-07-07,364398.70361956337,287268.14541546145,234662.89121934315,187701.11004542385,487206.3613176957,298645.74191346084,388097.56442546315,172896.4740453434,215473.12651332663
2016-07-08,371975.8773140508,293241.49442325236,239149.35868753237,191289.72569567023,498370.51914058713,305489.1012383246,394198.19345011294,175470.9057745009,218805.799217673
2016-07-11,377875.9813741967,297892.75123147055,242634.60299568053,194077.48741640785,502065.6091126307,307754.10221892217,396903.76357302105,176089.8324676361,220055.54580629617
2016-07-12,377556.27541001095,297640.7159237221,242445.96049076188,193926.5968883359,504048.2692800359,308969.42505472334,400946.5859709357,177368.83726567787,221166.43166285005
2016-07-13,377055.5019965587,297245.9388613262,242155.89429724688,193694.58003119027,500612.43668908154,306863.3425921692,400180.33477063425,177344.04886138884,220630.8303062072
2016-07-14,378523.0673953851,298402.8716006833,243006.13858914084,194374.66965494383,501667.73191444646,307510.2130982613,401438.77283912466,178334.22514434037,222138.47192201944
2016-07-15,377659.7117272315,297722.2583625985,242505.03367580354,193973.84808492957,504781.16134599847,309418.67020454013,401343.26172326156,178094.95865643004,221781.39930602926
2016-07-18,381106.75950290717,300439.68576242443,244512.21562195272,195579.34385546955,507548.6611843918,311115.08081840613,404718.5544717033,178573.59510203596,223249.35777857335
2016-07-19,380335.1175034876,299831.37359255087,244062.49974779555,195219.62712162326,511739.59034691256,313684.01925685897,403947.012908136,178392.02041015422,222436.0198231073
2016-07-20,383115.1134939492,302022.9409184216,245679.3739470849,196512.92526703284,514873.9553335654,315605.30935318454,408190.0363195196,179134.65262236778,225034.72085852403
2016-07-21,377715.5034767866,297766.2409351625,242542.31791297934,194003.67083478466,511822.69618796115,313734.96113185864,404803.9807697378,178458.03413320403,224518.9459388306
2016-07-22,380773.78803011146,300177.19279382663,244319.69032664603,195425.34757828608,515635.22288445174,316071.9479904843,406997.8042033388,179258.43204843567,225451.30305473178
2016-07-25,384364.5314443306,303007.90045282646,246386.2677877222,197078.35236921522,513250.9946093463,314610.47359556035,407832.1438648617,178771.56236419588,225471.1446263659
2016-07-26,387477.9780337042,305462.33845904184,248170.99103520924,198505.90886498886,515479.4925798524,315976.4890719479,408909.47527434735,178854.0869087071,225729.02451887025
2016-07-27,386356.61268906936,304578.32723812724,247516.0578845685,197982.04384848775,519057.5768031169,318169.7683522011,411868.3009376975,178664.2937595894,227296.17571490005
2016-07-28,389219.45272405125,306835.2033995995,249205.37815297378,199333.28983354432,521443.6838204127,319632.39437074884,414199.8232292926,178870.61251156646,228089.67209873203
2016-07-29,391786.86456517695,308859.18326229375,250716.84411261973,200542.27450490525,520271.73357940646,318914.0171552618,414926.51559926296,179159.4410266567,228585.6054467914
2016-08-01,389739.31029033376,307245.0251620339,249501.08341342642,199569.817242479,522392.7881926589,320214.17244654446,414825.95937722374,179010.8879776978,229795.66889214638
2016-08-02,386475.6643269143,304672.17977622,247524.8240818368,197989.05571538155,519253.07930911315,318289.60667038587,411407.056190171,177863.92540715358,228049.98895546384
2016-08-03,386433.4468650138,304638.89828574314,247497.92171090542,197967.53716653713,518554.2342319328,317861.2315030489,411992.71498919936,178383.77239012247,228803.80219602762
2016-08-04,390530.7870608169,307868.9737703514,249964.21247168357,199940.26285438408,520734.6817083643,319197.79318615387,414038.21751913347,178573.59510203596,229458.43784779037
2016-08-05,393143.37377093505,309928.5665501771,251554.2376171335,201212.08509798767,523579.87254682835,320941.8265081745,413259.61608021613,180034.08590357204,231660.38312394876
2016-08-08,390478.39728895295,307827.67309487524,249926.5434543905,199910.1323283197,515380.1651703973,315915.6037669843,410387.6204057293,179926.84686176138,231402.50323144437
2016-08-09,393541.47527663957,310242.4037842147,251863.40782478522,201459.38278901868,510785.9739889437,313099.47544270154,410877.18149927584,180034.08590357204,231938.10458808727
2016-08-10,391877.4060423664,308930.56025122653,250801.364372454,200609.88019453853,508176.87610532256,311500.16140445403,407957.9372837251,179588.50066368474,231342.99365122683
2016-08-11,393882.33236687793,310511.1132587322,252084.5163222742,201636.24207087408,513301.45576401433,314641.4050656112,409648.5314693845,180421.92022183916,232334.8603473456
2016-08-12,398225.0779994878,313934.6503665737,254863.8715823305,203859.38039842295,511831.2788766522,313740.2221129034,410645.2574786488,180265.10437145058,232493.54751636423
2016-08-15,398584.948624784,314218.3488706888,255094.188621359,204043.60536754096,516791.717942586,316780.8515518452,413567.03782718524,180785.0104800111,233485.41421248298
2016-08-16,394562.2127784581,311047.0865841006,252519.63948121428,201984.2864485562,508454.84414956364,311670.5491074719,410538.6842802696,179852.5407744861,232195.9996152763
2016-08-17,394049.30348827003,310642.74238886853,252191.37776519035,201721.7179266951,504740.5728903145,309393.7904607124,409996.60963622265,180190.88697256273,232612.58181148407
2016-08-18,396827.2667395619,312832.7072359006,253969.27300196045,203143.81286361592,503905.51552145666,308881.92044573894,411520.4264343822,180595.17298669968,232672.0913917016
2016-08-19,396991.6636287606,312962.3070094538,254074.48693742562,203227.97091850245,499515.89619405335,306191.18973113067,410037.1569891636,180331.11809450042,232612.58181148407
2016-08-22,397261.5827937614,313175.0936554316,254247.23508214808,203366.14793641184,498081.51121068787,305311.94635181985,411776.0972341737,180322.89963726452,232791.11055213676
2016-08-23,399442.8143714174,314894.634213098,255643.22231502587,204482.76399725923,505652.2527301114,309952.62820126925,413595.7452671604,180685.94555124256,233207.6927483445
2016-08-24,396297.5008655722,312415.0744106085,253630.22307985235,202872.6151194399,500593.85846380325,306851.95458841516,409039.73176619096,179761.81255413688,231700.0662672169
2016-08-25,395653.80216572457,311907.62438437395,253218.2562002178,202543.09288348877,497439.44394132064,304918.37461047416,407694.78327523766,179638.01834667104,231323.1520795927
2016-08-26,394857.74290786363,311280.0632422101,252708.77863168638,202135.57423126526,499199.9502715877,305997.5225052676,408788.07338615437,179299.68692999234,231660.38312394876
2016-08-29,394505.4777854858,311002.3604200132,252483.32911111964,201955.242671172,500329.1117468155,306689.6712399382,409500.57378160744,180182.638952531,231977.78773135538
2016-08-30,391748.9210749576,308829.2710920316,250719.1340508518,200544.1061705166,497891.8139793234,305195.66652688786,407525.4261755803,179885.5180732152,231223.959356107
2016-08-31,391987.6467605032,309017.4668355086,250871.91838269233,200666.3146225433,493113.8467684665,302266.8879315812,404742.0301084451,179373.94867307393,230985.92103523662
2016-09-01,390907.7743205774,308166.16591148934,250180.80050473963,200113.5063272483,489345.7608402898,299957.1421914589,406016.7653108115,179382.22625590142,231581.03197209706
2016-09-02,389147.9244955947,306778.8152145442,249054.49740486513,199212.6040116093,490955.6672826235,300943.9759893216,406601.6396330933,180190.88697256273,232334.8603473456
2016-09-06,392079.6497847133,309089.9960126843,250930.80027698496,200713.41281034317,491433.44463563705,301236.8419766914,409692.3776632488,180735.52235982055,233782.9772482555
2016-09-07,389442.6190188412,307011.1331353167,249243.10176776964,199363.46403081663,488344.9712777963,299343.6823413416,408283.1768122936,180718.96719416542,233921.8379803248
2016-09-08,388146.152383432,305989.0834895643,248413.3637017051,198699.77683580256,485661.2038698064,297698.59768662864,407576.9069515021,180306.41837859884,232553.07223126644
2016-09-09,374677.8747844529,295371.57280862995,239793.67206986417,191805.09621911528,472952.9153983838,289908.72353815974,395504.34119015554,175990.8414458572,226701.04964335493
2016-09-12,381824.53147316474,301005.53031861776,244367.52915014882,195463.61268372354,483874.99731155176,296603.6961722931,404380.5293216321,178515.78505482414,230767.7091513157
2016-09-13,377796.97853619925,297830.47055228945,241789.89707415202,193401.82779971708,479739.60949419165,294068.80323806463,400553.9867653465,175949.49787591313,228704.62460722655
2016-09-14,380441.13193632674,299914.9484494491,243482.15406610107,194755.42279814425,482398.3818099702,295698.5665044496,402476.49568162794,175883.48415286324,229795.66889214638
2016-09-15,388208.36831255467,306038.1304658483,248453.18186848148,198731.6264139998,490587.037996792,300718.0151331037,408045.65260986326,177641.09583371514,233366.3950520478
2016-09-16,389769.4235064117,307268.7644554211,249452.2564934618,199530.76178283725,490989.16007658246,300964.5062637491,409547.99886039196,176954.42599397508,232672.0913917016
2016-09-19,392295.7736950772,309260.37399233534,251069.11948283104,200824.0509617057,491947.34894757904,301551.8529180457,409636.0732291411,176987.6250136728,231660.38312394876
2016-09-20,391950.836305594,308988.4478763063,250848.35970803528,200647.4706146077,489532.42306023213,300071.56162763195,411948.2217351059,176995.90259650032,232096.80689179056
2016-09-21,397054.97159337386,313012.21487521665,254115.00400642684,203260.37953150383,498138.5059741075,305346.88276636216,415239.90263327846,178986.32129437738,234378.10331980066
2016-09-22,399186.9387089229,314692.9185475599,255479.46200561826,204351.7761290988,498145.77644877054,305351.3393918749,418128.6021157022,180114.1715174287,236242.80241691833
2016-09-23,397103.1553375563,313050.19979309087,254145.84158112542,203285.04575364047,493317.5068540262,302391.72664917435,415559.5745755081,179127.29148621042,234735.17593579076
2016-09-26,395523.48684179486,311804.89229160646,253134.85445126184,202476.38186336364,490559.05160950904,300700.8601530846,413109.7943946591,177675.95036997835,232771.26898050267
2016-09-27,399681.29515043466,315082.63688825833,255795.8499067979,204604.8470767368,500375.04824913025,306717.8292072882,416463.51877422945,178778.93828175115,235072.40698014686
2016-09-28,398446.12719675765,314108.9111208367,255005.3429695905,203972.5399026394,502302.9511906157,307899.5871850368,416580.4182623317,179666.35428645756,235469.14760472052
2016-09-29,390605.3339963389,307927.7417069576,249987.23883266898,199958.68107762688,501093.0697873023,307157.9590824345,411348.17928430735,178040.84395869484,233763.13567662143
2016-09-30,396976.6226520631,312950.4496854889,254064.86071907502,203220.27114176922,505330.0990985859,309755.1557995608,416122.31182740215,179384.36955859786,235508.83074798866
2016-10-03,398907.06737697567,314472.28626296384,255300.34447850706,204208.5043979244,505161.9554452873,309652.0877978385,416263.4878310457,178953.10749328183,235171.59970363256
2016-10-04,395771.1469598835,312000.1313583486,253293.3568159289,202603.1640300634,503554.25871763215,308666.6085017475,414218.52306596644,178040.84395869484,234814.5270876425
2016-10-05,397372.7519709722,313262.7321762261,254318.3833057781,203423.05766118213,508548.79808721313,311728.14060389483,417617.61398542405,178828.7072485019,235647.6914800579
2016-10-06,391209.91140235926,308404.3510594675,250374.16810177383,200268.17634099236,504595.01496199553,309304.5669633496,414999.08488262794,178953.10749328183,235528.67231962274
2016-10-07,387749.3846857341,305676.29774267133,248159.4325528632,198496.66351752245,503344.6211728353,308538.10574589384,412765.9891345995,178339.4281964034,235012.89739992926
2016-10-10,393083.4186831104,309881.30187355605,251573.2119224408,201227.2621809513,508290.1055631943,311569.56832960405,415657.4019166997,179268.30602223708,236500.6974441074
2016-10-11,387084.66249054903,305152.27416539023,247734.0106456276,198156.378933919,499072.5820055649,305919.4488319278,406135.8466108665,177004.19496072584,233128.3415964928
2016-10-12,385654.24588788126,304024.6271113852,246818.54466050447,197424.12007218093,495324.24891661364,303621.8111055626,404612.7646192576,177236.41072183475,232929.97128420603
2016-10-13,385185.66936328914,303655.2319739499,246518.65589460838,197184.2463795133,493114.6333182755,302267.3700676326,403205.5518635774,176655.8269748686,232096.80689179056
2016-10-14,381585.1684719376,300816.8321570693,244214.33693655755,195341.0779770556,493178.5451592609,302306.5464837954,401633.68635724165,176747.10210694044,232374.52835592904
2016-10-17,379270.5685062178,298992.15267021477,242732.99399504537,194156.1879715034,489447.5755629041,300019.55215936375,399325.31910940283,176133.39324726618,231739.7342758004
2016-10-18,384069.22536697856,302775.10042272677,245804.13223694725,196612.7163732144,495561.9093130029,303767.4911931771,404427.91600923694,177236.41072183475,233802.8188198896
2016-10-19,384992.99902203016,303503.34325683786,246395.34696248625,197085.6145791567,488722.9964540071,299575.4026516145,404203.88800390705,177709.10504548234,233782.9772482555
2016-10-20,385970.35665435746,304273.82819999906,247020.85540948517,197585.94349454003,493492.79797905893,302499.1758785823,404884.86163029604,177377.3809136678,233505.25578411703
2016-10-21,386236.7426911961,304483.8295584207,247191.3423537661,197722.31183349426,493014.1038542161,302205.7479322052,405547.9884212193,177460.31933732034,234378.10331980066
2016-10-24,393601.18723866914,310289.4767963325,251904.58356612583,201492.31825792225,498822.6716630893,305766.25982298574,408772.9910244462,178215.05751441923,237195.0011044536
2016-10-25,395010.4649633316,311400.4593391293,252806.5206787922,202213.75570531315,496809.53182247194,304532.2536830604,406141.0096316178,177617.87425760427,236441.18786388982
2016-10-26,393909.8596999423,310532.8140107902,252102.13380310766,201650.33386311046,491743.1621302305,301426.6913265774,404401.11844336445,177261.28781451116,234834.35352459183
2016-10-27,390776.0602631304,308062.3311485437,250096.50356695906,200046.0792674664,487866.61966065335,299050.464343919,402360.0889732253,176788.56392806777,233763.13567662143
2016-10-28,384268.111697669,302931.8894200486,245931.41939952172,196714.53026285683,478774.98772861034,293477.51337463025,397420.28988198977,176266.11541906738,232295.17720407736
2016-10-31,384185.7138005814,302866.932297953,245878.68478228594,196672.34913169657,480788.1900495543,294711.55781348795,396653.26793390687,176274.37822049705,232076.96532015642
2016-11-01,376344.5371441484,296685.46059238905,240860.335233687,192658.2940078827,475992.1062838204,291771.67420724186,393913.5490861883,174997.22109719363,230331.28538347394
2016-11-02,367386.0438231835,289623.16938095505,235126.90352015616,188072.26214145753,474829.4942164104,291059.02106681454,388915.0880522531,173943.91346378406,228486.41272330566
2016-11-03,357989.4264022121,282215.4897353128,229113.07257882648,183261.94578744145,474300.39269251213,290734.69460128,383596.8799575116,173147.78737254738,226244.7994385637
2016-11-04,361498.1379961368,284981.52886325866,231358.64642763013,185058.12541311324,470715.2836408547,288537.1092707495,384151.73249726853,172957.01865116786,225451.30305473178
2016-11-07,373780.6886756356,294379.3083311379,239219.47336200837,191160.75058432584,484543.0200708557,296724.64089332474,391541.5141842148,176771.94963682105,230807.37715989922
2016-11-08,376765.23883278406,294084.9290228068,241129.58412601077,190969.5898337415,486063.8129708514,296427.91625243146,393214.59633886936,177568.14963504727,232315.01877571148
2016-11-09,379313.34621847596,296073.859800989,242760.37171173334,192261.13951015388,479719.4443931991,292558.778276666,397568.2847749021,179450.72325379954,233386.23662368188
2016-11-10,374601.4393722054,292395.97063387674,239744.75344025588,189872.83288039485,467893.2367403898,285346.5193136622,397785.82535601704,179898.5404847707,229617.14015149366
2016-11-11,398717.2782060187,311219.6412403762,255178.87949408786,202096.33806589816,494933.60184477194,301837.1916671658,406075.61400462984,179483.86314790556,229716.33287497936
2016-11-14,392279.02055753383,306194.2451888431,251022.49516878143,198804.56856912683,483130.26782635367,294624.73889749876,404468.71180354425,179624.87768393225,227395.3533037011
2016-11-15,399228.53993140056,311618.7076953571,254841.67691407324,201829.2806717187,488729.2655750946,297872.8040689454,405815.8306231535,181026.4054892199,230549.49726739485
2016-11-16,400561.5959776501,312659.2275001013,255562.88810894548,202400.46486119702,499960.4145284514,304247.98383240454,406492.18646567594,180686.38899317983,231918.27815113784
2016-11-17,406271.61995419906,317116.199170482,258624.7446387726,204825.39122496196,503230.6861131117,306086.57796930755,409688.6706567462,181615.28160041146,233604.44850760282
2016-11-18,404750.57096081186,315928.94106077345,257809.32007399303,204179.59201603982,502902.07839473826,305903.2934198389,406710.46184240887,181208.88184637396,232731.6009719192
2016-11-21,406699.50251970964,317450.1838403472,258848.38165226803,205002.50706453706,506760.7138317933,308052.09174538334,409718.4583074277,182577.2845389534,235151.7581319985
2016-11-22,407633.54865927866,318179.2555920571,259345.68011913664,205396.3570543136,509096.7599335549,309354.3595685778,408567.7722365428,182933.8709820465,235865.9033639788
2016-11-23,410127.4008074001,320125.8373262047,260672.6117363597,206447.25915575822,509122.68259147886,309368.6000545871,407055.90794227505,183033.4236969458,234913.70467644357
2016-11-25,416923.7248731183,325430.72290077276,264284.8992564283,209308.11535708007,509604.8161499359,309636.3300273046,408856.2178117596,183713.50103321968,235667.53305169195
2016-11-28,411679.84540433116,321337.6013427438,261499.7392655046,207102.32686780827,504092.352590986,306566.3068864429,405249.8694380751,182850.9325583939,235131.91656036442
2016-11-29,407472.6292453223,318053.649592474,259280.80109860146,205344.97422634027,508021.83910540916,308765.15455393045,405096.2047342197,183207.5633456807,235945.25451583043
2016-11-30,398368.49274949235,310947.395991466,254502.96502227857,201561.02793416154,504656.6616149276,306887.3019769501,401094.1616849684,182768.02369753705,233088.67358790932
2016-12-01,382097.36015667324,298246.9279533209,245956.83462511317,194792.6713157573,497645.6022747852,302981.1197402768,393553.622540695,182096.28306968245,229061.6972232167
2016-12-02,383117.70127461036,299043.3574386344,246477.06863992452,195204.6857800387,500671.97943478805,304663.07858894445,394973.617712311,182187.5286389584,229517.94742800793
2016-12-05,393484.0461580259,307134.83054987394,251583.01263559176,199248.48668526928,504904.4833152489,307000.1202056005,398486.8169170383,183282.23896790366,231303.3105079586
2016-12-06,396199.71540282125,309254.5521026882,252909.21127564748,200298.80828412026,507716.4208390452,308543.2857286257,399298.37961278635,183862.71924508442,231858.75343623554
2016-12-07,398604.610426906,311131.6981596234,254102.50153698327,201243.8692254638,517620.0980127163,314169.1017004879,402050.8923425853,186267.80049842873,234794.68551600838
2016-12-08,398035.2826410401,310687.3081144702,253816.503051599,201017.3644038142,516159.531619815,313317.2737349649,403435.12030499935,186723.92487502325,235211.2677122161
2016-12-09,398317.1278751967,310907.30302679056,253958.06866818306,201129.48141273126,516797.8608663858,313683.6816173176,405874.66667292494,187851.87856785985,237056.14037238437
2016-12-12,397254.7547584641,310078.06537313137,253420.56781463782,200703.79197313444,512437.22587914334,311176.8792332015,403963.70674194425,187636.23275380392,235984.92252441394
2016-12-13,402183.0706867257,313924.8731212528,255935.82834507793,202695.82573192916,514763.68022357905,312528.0998714556,407878.5671374914,188888.48322163522,238960.52261277023
2016-12-14,405764.2014302923,316720.1325347959,257758.47506856802,204139.32383465397,514404.1577692462,312319.8334951162,406434.6685539054,187329.40049606372,238464.58926471087
2016-12-15,407026.7466675563,317705.6149737787,258397.4061514966,204645.34389553184,516055.8152275234,313274.782989395,409252.0971987514,188100.63471322609,238841.50345233508
2016-12-16,413517.38652110024,322771.898069734,261673.98567204794,207240.326379184,519657.14591809094,315356.6878180505,409443.94728191796,187732.75528213248,237254.5106846712
2016-12-19,418779.3306177841,326879.1200124728,264334.4077888732,209347.32507980475,525517.8886069309,318796.16304992157,411985.7441955163,188141.534841233,238226.53580915587
2016-12-20,425345.2224337734,332004.1411918647,267623.1129602322,211951.91082541086,528325.1160273498,320440.0362884225,413589.38365333725,188867.2866970375,239139.0664881076
2016-12-21,422362.3370580145,329675.8435051385,266137.37091813766,210775.23418738678,524021.3267169862,317918.74588349304,411896.48145513365,188341.73409447676,238960.52261277023
2016-12-22,424221.9897322253,331127.3994565225,267058.4273935113,211504.6916612731,523167.56259776617,317413.5181364602,410525.62135850854,188016.4103079556,238286.06052405818
2016-12-23,431346.71037371014,336688.6156946487,270586.62707064545,214298.9520488402,529460.7729486127,321157.56268745946,412890.98162752896,188291.6990625637,238444.74769307682
2016-12-27,440544.0783026442,343867.64129413525,275124.72394810425,217893.02990724685,529810.3623737395,321363.7159743817,415241.747865643,188758.80601780268,239674.6678447505
2016-12-28,431043.64877988526,336452.06030650926,270422.01782745996,214168.58496938,524172.3254377387,318028.1443044156,410698.9310907957,187198.8364083568,237809.9536129481
2016-12-29,430560.5288783223,336074.96001349704,270179.56870937964,213976.57033623915,523060.1540223252,317366.23796674394,409437.38294752483,187157.1824290567,237472.7225685921
2016-12-30,423317.90110363363,330421.7111053534,266659.1651038212,211188.48427438378,517046.2961834351,313821.16394927335,406095.2720010628,186473.09933395017,235032.73897156338
2017-01-03,419874.76214604074,327734.1614813586,264972.9053706202,209853.00181680918,518485.6398795152,314669.32353971514,408910.85452795465,187899.59292030163,237135.49152423604
2017-01-04,430389.34833618795,335941.34466793167,270071.22234321956,213890.76227921224,523387.53880859446,317551.3848544461,414233.03142587165,189017.4361369703,238424.92125612733
2017-01-05,430694.0075037424,336179.14704573055,270216.1675699976,214005.55586875245,522129.0023998982,316808.03125096316,415443.3286716173,188867.2866970375,239773.86056823633
2017-01-06,436725.6175022041,340887.13338700257,273101.01797828794,216290.29708455864,525458.2022129635,318763.87442839687,417398.75381739077,189543.03308372476,241876.61312090897
2017-01-09,441030.2747109035,344247.1429611601,275161.9602875638,217922.52030967618,529697.7842847588,321259.7871885738,418073.07155490585,188917.30694755263,242670.10950474086
2017-01-10,440107.24000058917,343526.66620457463,274718.63228931103,217571.41380279523,531319.1666250976,322231.72407735133,420285.8851309566,188917.30694755263,243205.71086138376
2017-01-11,439591.0845036907,343123.77990556153,274470.81765182567,217375.1497904514,531124.5256807035,322114.35824094526,419607.05632717884,189451.24060272626,243860.34651314648
2017-01-12,444585.4629901352,347022.1529275773,276867.5193369847,219273.28742224642,527403.5087238778,319876.5853128306,419193.6475475528,188975.73781347644,243483.4323255222
2017-01-13,451018.96253275673,352043.83502919984,279960.1634773874,221722.59692997477,528486.5834159438,320527.75537333026,421557.978074656,189409.5422792324,244316.6118526224
2017-01-17,444212.0007956665,346730.64619703795,276698.4081790251,219139.3549203972,523916.3933946075,317775.90596754354,419511.88483794365,188742.16216376005,243582.625049008
2017-01-18,448380.11034081347,349984.07319455314,278697.900164755,220722.9107738803,529992.8410434307,321456.1467174563,421151.4703387252,189159.26364988185,244078.5583970674
2017-01-19,451429.7341488427,352364.463710167,280144.53914053214,221868.6186008274,533041.0948473572,323305.00173236156,420255.6162746408,188458.53670073283,243959.53923663223
2017-01-20,452521.0366689974,353216.28227277205,280660.66837953427,222277.38216847795,536824.2528742335,325599.5976354847,421311.8446623737,189150.95650425853,244495.1405932751
2017-01-23,456177.3530673617,356070.2280131728,282386.6956507387,223644.3596848142,537932.4304709655,326271.7397335227,420694.52889558766,188658.76551677243,244693.5109055619
2017-01-24,460785.4977177582,359667.1253719552,284578.475077633,225380.20317194637,546259.6969151393,331322.4701897372,424226.8802054607,189868.38643304165,246340.01325344338
2017-01-25,461024.4163062704,359853.6137973803,284691.57270139706,225469.77412567107,551218.6500333664,334330.22017745295,428192.4830965885,191511.76747087322,248819.67999374028
2017-01-26,459331.8819607133,358532.50242196827,283889.09187328414,224834.22608560114,555015.1826321481,336632.9281492981,427587.2990411281,191311.55343623154,249077.5598862447
2017-01-27,461936.93251041917,360565.8803110338,285126.023621739,225813.85017242125,560330.5069878576,339856.82770721655,428628.18214546214,191011.21021217215,249553.66679735464
2017-01-30,454565.15499684133,354811.82329248113,281585.0162894143,223009.4463896862,553846.6186869899,335924.15996619593,424416.66816679464,189826.64376535412,247609.60141370064
2017-01-31,459276.00021450693,358488.88380306994,283854.9740455048,224807.20547923032,558005.1296071946,338446.4183685164,424963.24689542176,189809.9851299137,247113.66806564125
2017-02-01,464003.1522095434,362178.67260430625,286137.8270640767,226615.17734708526,573309.1461499449,347728.75164956076,427494.2074299083,189885.05984988014,248819.67999374028
2017-02-02,470857.64880232216,367528.9648717653,289520.2719052287,229294.00295154733,576167.7123699136,349460.809612673,426547.3580756173,190010.15482036164,248601.4681098194
2017-02-03,467987.62259821245,365288.75965765375,288061.59356889036,228138.76020271756,577321.0615084459,350155.07893207844,428602.1304832378,191319.93448884445,249315.61334179968
2017-02-06,472424.39835249214,368751.89465075894,290304.5550316711,229915.13879231564,577009.3811671069,349966.0394845343,428471.13243497344,190977.8633784954,249613.1763775722
2017-02-07,472679.2564777773,368950.82471638167,290437.25941074523,230020.23788636824,572886.4810848392,347465.43020490144,427292.9170370236,190986.20008691464,250525.69192183935
2017-02-08,472042.60430610384,368453.88447502913,290105.6030026858,229757.57294443503,569834.5872581087,345614.40450180485,428047.35400238587,191236.49349766303,250942.27411804706
2017-02-09,475486.71515088115,371142.1927076858,291897.58765123505,231176.78732479483,575199.9598363908,348868.5945598284,429620.1280939685,192371.024912568,251854.78966231417
2017-02-10,475008.6195472082,370769.0141413514,291604.31984625047,230944.5253539863,577442.1398168255,350228.5149929712,435812.4398642037,193130.15316484508,252687.95405472955
2017-02-13,474805.536550764,370610.4972654845,291479.64867900533,230845.78839576864,579554.8435744329,351509.90588675253,436871.0742438504,194181.28793276235,254116.25965337484
2017-02-14,475218.4997763894,370932.8366120582,291733.1637849939,231046.56705999922,579935.9546674816,351741.05627042236,439079.7606301488,194957.07482047993,254969.25048273968
2017-02-15,474687.4303196085,370518.30918912654,291407.1441269016,230788.36630620412,576696.6348094733,349776.3534799101,439867.677731137,195974.8479733225,256476.87696386722
2017-02-16,467484.7171055649,364896.2156783615,286985.4511272442,227286.4778856028,573771.0991946259,348001.96618931147,439515.2611305831,195807.9955537555,256397.54094670026
2017-02-17,472078.30239954573,368481.7486997348,289805.41956609883,229519.83393796813,574924.0984409396,348701.2799144105,440365.67189350264,196116.69026763193,257508.42680325417
2017-02-21,478345.59746824397,373373.69953668857,293652.8662030159,232566.93124385198,575889.3905723295,349286.7460700643,444028.39314523904,197284.5537348158,258778.0149635114
2017-02-22,478651.6518260665,373612.59093329456,293840.75073642476,232715.73186660116,572157.7796222279,347023.46032856964,443576.1021106034,197109.34982543165,258877.20768699716
2017-02-23,471256.4340872435,367840.2375957957,289300.8806159625,229120.24963680527,550662.8625181232,333986.42617713823,439633.31803684926,197242.8258485261,257905.1674278278
2017-02-24,472514.593819701,368822.29691943555,290073.25568021066,229731.95454125284,556460.6269509217,337502.86927604716,439745.5679318445,197493.11925927456,258401.10077588717
2017-02-27,470013.2567793117,366869.87283630116,288537.7031526287,228515.82904000676,569058.2278453693,345143.52926517796,441927.26325184986,197801.74006616155,258718.50538329384
2017-02-28,470291.59631032415,367087.13136438525,288708.57375641813,228651.15498617216,571551.196243766,346655.55715488456,439454.73319597327,197267.89509937528,257925.02413414657
2017-03-01,473784.44024219044,369813.47831447236,290852.805118055,230349.34139960885,582207.198288163,353118.6042975041,439121.4328417164,200029.1341352734,260741.92191879955
2017-03-02,474429.252372531,370316.7878293621,291248.65057213494,230662.84272412362,574574.4436075011,348489.20828916656,437118.32752575877,198769.49296848904,259432.65061527412
2017-03-03,475977.550684725,371525.3154543052,292199.1395899486,231415.61015633753,573996.9496930839,348138.94837199466,436567.97139309236,198894.60272036845,259908.7575263841
2017-03-06,472953.2444422569,369164.6866197163,290342.54009143356,229945.22216557295,572683.8865612848,347342.55316798703,433167.84154931945,198302.31210626048,259333.45789178836
2017-03-07,470373.72868297884,367151.2399670191,288758.99421971024,228691.08693906383,573084.5657674703,347585.5719463107,433003.2692806165,197710.02149215253,258897.03412394656
2017-03-08,469410.2367525465,366399.18423901976,288167.5135654878,228222.64662577395,573716.7744853932,347969.0173258149,429362.4266289058,197342.98460073964,259353.31459810716
2017-03-09,469498.3227687952,366467.9399711479,288221.5889270689,228265.47318170522,572857.2008204677,347447.6712247329,427805.69483504095,197593.23366729435,259551.66977570928
2017-03-10,472786.66080696916,369034.65939981735,290240.2756152395,229864.23083825773,573152.9318259577,347627.03712782235,431838.07781173155,198285.68303361582,260642.7291953138
2017-03-13,473598.9749491392,369668.7129754189,290738.9493301603,230259.16999574215,579666.8349094589,351577.8305431876,432806.45741471555,198385.73831604395,261079.1529631556
2017-03-14,474444.84948608465,370328.9621903689,291258.2255261509,230670.42588754068,583910.9004706639,354151.9287541446,433163.3306202935,197626.59528236897,260444.34374834227
2017-03-15,479053.0684665471,373925.9175676465,294087.1774781834,232910.89669454333,584608.7887401469,354575.20990284905,436125.45395199256,199336.7882387373,262051.19322232498
2017-03-16,477559.17561208835,372759.8562414152,293170.08757324045,232184.5806615173,586947.2922246378,355993.552185487,436579.559573311,198944.6525336794,261872.63421230286
2017-03-17,477930.37307823653,373049.59523332387,293397.9629847392,232365.05322370768,590052.038592391,357876.6338569302,437442.1341379019,198595.26463136668,261237.8552668589
2017-03-20,479388.50836737856,374187.74591394776,294293.1015816754,233073.9842796826,592000.0875160889,359058.15878321417,439037.71015972714,198377.46073321646,261475.89358772922
2017-03-21,470740.0896005272,367437.20378036785,288983.9005093723,228869.20801882885,580073.4285923217,351824.4365525788,432012.5259945351,195830.38937158362,257508.42680325417
2017-03-22,473105.694286357,369283.68167807284,290436.12793651683,230019.34178243278,585726.2486465484,355252.9684116189,435019.4894938758,196291.2437955082,259254.1218746214
2017-03-23,474935.0914691428,370711.62163962773,291559.18149652047,230908.77672461368,585926.419216045,355374.3752790191,436141.2267632541,196081.68791738967,258599.4862228587
2017-03-24,477649.746363975,372830.5514393656,293225.6882958695,232228.615271511,587018.5631599197,356036.7792243619,438195.70435360406,195939.28392995975,259135.10271418624
2017-03-27,482924.3292497423,376947.6386164929,296463.71617911715,234793.06566433745,586443.0789607909,355687.73823381914,441490.4569989344,195738.1977928416,259551.66977570928
2017-03-28,487409.1784568831,380448.2974480933,299216.9323289797,236973.55529927218,591605.3048722694,358818.7163706224,445194.6637042506,197162.6072020883,261138.66254337318
2017-03-29,491254.842945198,383450.03925313696,301577.7576515621,238843.2796018989,594925.3553754985,360832.3836755691,446592.6232776131,197346.91645258272,262348.74112341285
2017-03-30,488952.550769679,381652.98007346096,300164.39731176547,237723.92775896125,594753.7496435584,360728.30186976126,446896.28698295925,197975.28845898013,262785.1648912546
2017-03-31,490034.8849925061,382497.79841202416,300828.8343807069,238250.14802756073,598928.0791164497,363260.1039527299,446202.2575264592,197514.43403505554,262606.6361506019
2017-04-03,489524.78308768215,382099.6372575098,300515.6865495154,238002.14149158663,596886.8384005819,362022.05661366944,445648.0518450268,197170.91434771166,262447.9338468986
2017-04-04,489373.74680135987,381981.74555476,300422.9664772205,237928.70913263454,597614.212681531,362463.2215316675,445427.4363744772,197296.63013690527,262864.5009084216
2017-04-05,486133.9098114703,379452.88372512604,298434.0542281122,236353.53220938722,596117.627350491,361555.5169810148,458864.08494417026,196710.0894865829,261793.29819513587
2017-04-06,485460.6912265738,378927.4014901686,298020.7702591945,236026.21994567162,600281.9862839987,364081.27176164574,458166.1432054102,197263.15027064737,261932.14379252042
2017-04-07,484869.74642618955,378466.138237179,297657.99356527475,235738.908387904,602875.4270087053,365654.23783236655,457300.1224282545,197062.00500793758,261793.29819513587
2017-04-10,484874.357368303,378469.7373181037,297660.8241889382,235741.15018267152,598571.2538347774,363043.6833282294,461038.8143461625,197179.3249631204,261892.49091862162
2017-04-11,482154.7787243163,376346.9642752229,295991.29473596934,234418.91775729565,599066.7343391991,363344.2007122337,461518.4945164576,196944.655489959,260761.74835574895
2017-04-12,479463.0327355541,374245.91607209004,294338.8515466224,233110.21729552138,593658.2385365056,360063.855682472,455838.08629990276,196081.68791738967,259710.3720794126
2017-04-13,481402.9426421921,375760.1169813132,295529.748060095,234053.38243859832,592132.9482311251,359138.74107487506,453698.6329192603,194808.22614356282,258678.82224002565
2017-04-17,484076.1518733198,377846.69627783954,297170.8116694096,235353.07051087616,602005.0262260863,365126.32489957963,457798.7041234655,196534.17607009926,260821.2579359665
2017-04-18,486643.76092559285,379850.84912441135,298747.04810072505,236601.41681338547,606337.2920480105,367753.91807428043,457911.6178487153,195947.6797639706,260424.51731139288
2017-04-19,491091.10609671206,383322.23409888614,301477.2407969796,238763.67235436602,610625.9145460877,370355.04082805704,458915.2752353048,195587.39797140087,260841.1146422853
2017-04-20,492416.85742251866,384357.05218815454,302291.10984637827,239408.23962762448,618297.7747410005,375008.1549983362,462065.1031505425,197179.3249631204,263023.20321212494
2017-04-21,493101.7612886928,384891.6553949028,302711.56732406816,239741.233160326,619043.1411035531,375460.23242095957,461503.6997628711,196550.9233939272,262963.69363190734
2017-04-24,497194.76356995257,388086.4572537566,305224.23151002254,241731.21066856442,627526.9665366296,380605.81736879266,467298.3686080898,198712.61414934526,266137.67916723515
2017-04-25,509907.66142839857,398009.53740827844,313028.5865906119,247912.09674299223,643771.3387867032,390458.30643711914,471853.1214037723,199868.7855307852,268061.90297925513
2017-04-26,509794.17412168614,397920.95464347,312958.9175624654,247856.9203291255,645568.7206652705,391548.449228578,473619.5838839143,199743.15842997903,267684.9887916309
2017-04-27,507570.75226750865,396185.4578651599,311593.97513650113,246775.9144617706,646305.477818957,391995.3050190611,475508.2064540395,199910.7055752476,269291.80799624417
2017-04-28,502698.6818137567,392382.55264485726,308603.0466934265,244407.1616599678,635538.9363379196,385465.2138211619,474079.87387409864,199475.0386533555,269767.91490735416
2017-05-01,509332.7808484807,397560.81311761535,312675.6716042279,247632.5954514348,647006.8241336545,392420.68353121856,477958.3549002584,199977.7244333551,272168.2153611147
2017-05-02,506833.58335255884,395610.05906058213,311141.4325273572,246417.5101756945,650788.2945487549,394714.20988935826,480734.23119253677,200053.15390687124,272624.4655659059
2017-05-03,500341.80847019074,390542.89001540234,307156.17937348306,243261.2729892145,645716.7866038196,391638.2537478595,479088.89626317844,199810.16250668856,271751.6482995917
2017-05-04,491165.11766964744,383380.003993585,301522.6759606764,238799.65605419566,637263.5775672593,386511.238167149,478570.9920571368,200044.72851006465,271850.81075370807
2017-05-05,501150.5122438239,391174.12550996704,307652.6367095461,243654.4568209768,645858.3477367735,391724.11299150763,480478.0208924165,200832.35529750522,272842.6774498268
2017-05-08,496768.31828445604,387753.5944559416,304962.4398660153,241523.87715924345,641504.0537380421,389083.1593515425,477737.98951347155,200798.83108705355,273437.80352137197
2017-05-09,493461.096596225,385172.1353530285,302932.16064308945,239915.93845750575,637851.1438368555,386867.60713967663,477100.31319818797,200614.5070551612,274390.0173435919
2017-05-10,496686.63113436406,387689.83337275,304912.2927216004,241484.16166918873,644251.5427301979,390749.5583261436,483896.72799546254,200974.77406633296,274548.6893779259
2017-05-11,491326.5640165669,383506.02129184187,301621.7866930879,238878.14968236384,640818.2407340867,388667.2020575106,482989.62333878817,200564.23552088166,274330.47749400494
2017-05-12,492861.10684541,384703.8120442501,302563.83132020704,239624.22933367704,640654.6931451316,388568.0076529792,483984.6174369314,200229.06732335483,274945.46027186885
2017-05-15,492949.61646752385,384772.8984228603,302618.16673033277,239667.26184261934,635882.6014590982,385673.6525836732,486885.18155770126,201335.04107750475,275818.2775381831
2017-05-16,491785.371713045,383864.1446401419,301903.44538466964,239101.2174780449,630492.6723968987,382404.5685989637,485744.0796241766,201150.7318270103,276968.8465380052
2017-05-17,467312.23820967966,364761.58689994365,286879.5675936561,227202.62034048763,603316.6047577864,365921.81966828456,472066.8912948264,197581.52680015253,269926.6172110575
2017-05-18,482397.1899594412,376536.1788935802,296140.1092215023,234536.7757188833,621186.552917595,376760.2482751689,478488.5342586084,198377.46073321646,272287.23452154984
2017-05-19,483240.33638050035,377194.2986717242,296657.7106470893,234946.7052275331,619900.7450667106,375980.3838642957,479750.0370341096,199667.75851925867,273437.80352137197
2017-05-22,487047.5626870241,380166.0374701242,298994.93905080314,236797.74126370755,623016.9458087395,377870.41280926846,483102.9109904903,200681.55547606444,275738.9415210161
2017-05-23,482355.4455506925,376503.59520427283,296114.4826340687,234516.4799973576,618662.106332615,375229.1283279529,481582.09667551646,201125.5886691716,276016.6629851546
2017-05-24,484342.5040348876,378054.5980385551,297334.32331470895,235482.5683157559,618486.2591295312,375122.47399749263,483514.1270563251,201594.77980151537,277286.25114541186
2017-05-25,487088.74837935396,380198.1850521121,299020.2226463107,236817.76534279808,623504.8244931393,378166.319559663,486093.29892864695,202558.27566124583,279646.8987252736
2017-05-26,494567.70011810167,386035.89714590425,303611.49645734037,240453.95822093342,628962.5862435546,381476.54522770963,487039.2237850147,202516.41474237494,280142.832073333
2017-05-30,496797.12870221306,387776.08249036694,304980.12637090974,241537.88450138495,627614.4735895598,380658.89189017937,486208.2948809267,202340.47176309556,280380.8703942033
2017-05-31,501566.76708847925,391499.03413695475,307908.17251639976,243856.83583805,631475.9842908422,383000.9640482117,487549.8443649642,202290.2297916118,280281.67767071753
2017-06-01,503781.30720266566,393227.5982537408,309267.66250709747,244933.52349065655,637157.6055959559,386446.96435756487,494501.77914383885,203898.8745443634,281372.7370903221
2017-06-02,508742.17457921844,397099.8141058316,312313.1027320898,247345.4484841738,645181.1090471334,391313.3561654753,499453.9748587034,204577.51808504036,284586.40576891805
2017-06-05,508172.8504142521,396655.4268869794,311963.5987882344,247068.64866699147,642208.9074162719,389510.6651395545,498449.4815551912,204426.71826359964,284526.8659193311
2017-06-06,508372.5970176527,396811.3395339783,312086.2217681747,247165.76350368097,640621.8268672038,388548.0736943741,496114.72681430285,203773.20309936348,283396.15362582775
2017-06-07,523261.9621490787,408433.2659660328,321226.69420050806,254404.82658926703,643731.3148899243,390434.0312604971,499828.360924924,204150.2617785569,284507.03948238166
2017-06-08,536009.0517039449,418383.03452377906,329052.0393136331,260602.33633066816,642964.5833351642,389968.99548408657,503797.6978026268,204250.74572152435,284804.61765283893
2017-06-09,517470.07128608297,403912.3929188569,317671.0947308868,251588.86613884047,626554.7455981658,380016.1487733708,496675.86422787554,203940.76502603,277682.99176998547
2017-06-12,521436.46248344035,407008.36821998924,320096.36677290214,253509.6308960047,620737.6973319981,376488.00970033987,495676.0449616325,203898.8745443634,276195.1917258073
2017-06-13,527396.6566798438,411660.6108011828,323643.56788029533,256318.94001911365,626567.6000343435,380023.94520834356,500815.16611481266,204895.92417734128,278436.82014523394
2017-06-14,527413.6104547759,411673.84410718794,323652.16252507636,256325.74679810993,622778.8481368821,377726.0025068538,500280.3073453385,204636.1706719328,277226.7415651943
2017-06-15,524647.2171956383,409514.5298143327,322015.41285932984,255029.47527895533,618833.7403352003,375333.2272803895,496576.6009861509,204242.37945030935,275996.83654820523
2017-06-16,532704.4232179071,415803.5995504945,326777.69234457146,258801.10107620707,616454.9668612967,373890.46056174615,496842.2814277713,204286.98970919068,274052.75602986646
2017-06-19,539434.2650032296,421056.59223607957,330824.6186585324,262006.18211620345,630033.1927745531,382125.88636448956,502306.069917696,205987.69300810315,278635.20559220546
2017-06-20,536827.6294369348,419021.97715885815,329268.232417876,260773.55674972959,625961.8639829467,379656.5559529877,499562.5627476338,204598.52245146522,276453.08675299643
2017-06-21,538582.7863184144,420391.9686912853,330308.99938971485,261597.82243427823,633386.9811716365,384160.01627797977,501443.59275715397,204548.01441481922,279190.6485204824
2017-06-22,545059.1075566693,425447.07536084286,334142.8963285093,264634.1886625043,635893.16845072,385680.0616444751,504632.0777323343,204455.40895693583,279111.282233946
2017-06-23,545114.5475061723,425490.34913436073,334175.0717993816,264659.6709628096,641235.9169687992,388920.52982378274,506738.34467688145,204699.5680875532,280182.5152166012
2017-06-26,535750.7849358965,418181.44383461215,328622.68418894283,260262.2960475469,632394.8697461266,383558.28376262484,507146.11158622743,204834.27096667382,278873.24391307577
2017-06-27,521233.4818698986,406849.93125932023,319991.21766882227,253426.3550037068,620852.3338199062,376557.5386871519,497036.0072309832,203184.03136021376,273814.7177089962
2017-06-28,528580.9028566155,412584.97673770174,324282.0581599826,256824.61097303938,629094.4317463739,381556.5117758307,503364.1970722156,205002.64587022513,277762.35805652186
2017-06-29,514020.4417738172,401219.77707825403,316076.4614869418,250325.9499453124,614099.6019109657,372461.8915122434,494780.5829287161,203200.89693522494,272941.87017331255
2017-06-30,511075.6391865906,398921.2049951881,314415.38636177266,249010.41317081684,611142.7135620342,370668.48825321766,493796.0048489333,203579.78850775873,273041.0628967983
2017-07-03,504908.6224149428,394107.5266017378,311075.4369119011,246365.24302788626,605508.9982018463,367251.54371723766,491894.7836615108,203924.96371166807,270164.65553192777
2017-07-05,498130.97175491846,388817.2165947171,307395.82848840544,243451.07007838812,608870.9963631041,369290.6529928439,492611.3368549404,204396.44596068742,272822.8510128774
2017-07-06,493808.07773966214,385442.97224142106,305059.7530803484,241600.94719067056,612230.8884616969,371328.4849054924,488340.11367205624,202527.3529768257,270363.0107095299
2017-07-07,495464.6817162189,386736.0380889336,305947.20991532365,242303.79445175902,616871.6535697978,374143.18816347927,491397.4320622606,203840.76886919345,273279.1012176686
2017-07-10,498145.87997515046,388828.853238539,307379.2279594606,243437.92280649644,621893.6322240302,377189.1039446797,490933.6341675488,204059.6813721867,275064.47943230404
2017-07-11,501427.1578802601,391390.0618649445,309132.69880923314,244826.6350633529,630365.5591201722,382327.47222674865,492943.12856416136,203908.12769945277,275838.1342445019
2017-07-12,509527.1248717726,397712.5087689256,313460.40153515124,248254.08515201168,639920.6849772618,388121.62061160913,498989.6663976233,205440.44131341585,279111.282233946
2017-07-13,508382.29547169805,396818.90968343895,312848.29183672677,247769.30706696224,637788.4713255467,386831.53118435305,500360.88566004456,205785.63129872316,279726.2347424406
2017-07-14,511996.0653260744,399639.64562612155,314757.67185081734,249281.49612269035,641840.7685113198,389287.18222630146,501429.07099595224,206745.44659037492,281928.180018599
2017-07-17,511156.76864467567,398984.5307706671,314314.1555985505,248930.2405225657,637622.8037426991,386728.9159084504,501109.42190944054,206720.18518135298,282067.05588535295
2017-07-18,513419.293988095,400750.5498628028,315510.559420977,249877.7673392043,643543.5910098423,390319.97260797024,503505.6505203438,206829.67099564537,283951.5965541047
2017-07-19,515689.6720046969,402522.6983761205,316710.1600119079,250827.82592967025,645737.032485783,391650.3316213556,504668.4084565309,207949.4357940419,285617.9253389356
2017-07-20,519221.15547912417,405279.2055054395,318573.72640330833,252303.7315539577,648344.4614779551,393231.7810010392,504824.7133859157,208042.0560333231,285994.8395265598
2017-07-21,534463.7228604624,417176.824724116,326618.81033891614,258675.26984914328,670577.7458098041,406716.64053910866,509421.72949713474,207856.85989895437,285875.8203661247
2017-07-24,527514.1416442632,411752.31394643453,322865.2090511353,255702.49609794607,677700.3283267118,411029.961472059,509624.45660606277,207806.32229951248,287185.0916696501
2017-07-25,524809.3404038902,409641.07543817896,321451.41482450836,254582.80062570915,677183.0059053306,410719.3278899359,508164.3096073673,208311.46179156454,286451.089731351
2017-07-26,527774.2690841195,411955.35698703985,322989.87686863326,255801.230403234,682435.6647731417,413831.07103250286,509411.1914979659,208319.87240697324,287383.4468472522
2017-07-27,516906.4086078567,403472.4247858291,317335.50620735466,251323.08704365342,668487.3778244195,405415.9288832947,504797.08387515304,208126.20653160408,285578.2724650368
2017-07-28,524213.4969212857,409175.98850809666,321163.36304309237,254354.66963652632,672519.7395357979,407855.49074004113,504830.9793242861,207882.0474009868,285340.2038747971
2017-07-31,521303.5473091085,406904.6209907316,319664.5792569369,253167.6642098426,662846.8958965295,402074.3036961448,501874.83161841496,207764.18053408145,284130.1252947574
2017-08-01,524173.00191754533,409144.3800445939,321140.3986915051,254336.4823501371,666707.140849977,404385.88382162637,502389.463739406,208227.26694908988,284784.76094652014
2017-08-02,535919.067448601,418312.7971169843,327263.4875913509,259185.8407561468,671444.57544154,407215.0868995471,504733.1051640211,208328.26824098406,285558.41575871804
2017-08-03,539536.8370246685,421136.6550511576,329166.7883004495,260693.2151294086,681449.2979282719,413238.18894549104,498541.66836954176,207924.1891664178,284447.5299021641
2017-08-04,536744.5723014378,418957.1467305702,327716.1206438004,259544.3166714302,685366.5564625321,415595.0544144073,497479.857598825,208303.0363947579,284963.28968717286
2017-08-07,543894.1796896397,424537.78837313276,331437.7085366135,262491.73648305034,694121.3487614158,420827.4382909133,497056.95484735473,208690.3385827004,286768.4943387577
2017-08-08,539776.586326991,421323.79189205944,329299.8230071299,260798.57583601988,679060.0051969016,411796.34921109205,494041.8505306657,208176.72934964806,286272.5609906983
2017-08-09,550562.2713725562,429742.581881587,334908.31985142775,265240.3880915401,688596.7370222491,417477.98927747767,497087.4184144362,208168.3187342393,285895.64680307405
2017-08-10,538605.0710304826,420409.36307190044,328724.24737790617,260342.73197003576,669069.2776707918,406127.09697822266,488044.65663701907,205229.93942583134,279765.91788570874
2017-08-11,537727.409747634,419724.30264309805,328269.3475089124,259982.4607834369,682481.0206252508,413883.5665300865,491939.24723441305,205533.04677129924,281888.52714470023
2017-08-14,542356.3088962681,423337.3999707524,330563.7788499368,261799.60244063038,692267.9987526102,419312.4754123684,500040.46696524735,207570.559002906,285518.7326154498
2017-08-15,541054.8652643026,422321.55530493485,329824.8844812737,261214.41354717506,693660.2045731064,420153.24581835145,499660.7770648751,207545.20890549658,285717.11806242133
2017-08-16,539545.4588887529,421143.3848659758,328947.33514955174,260519.4128215476,694696.1742453595,420780.7375174528,500111.62415448565,207907.35315420243,286213.05141048075
2017-08-17,530346.6770132212,413963.2556073883,323605.1843316494,256288.54105099096,681633.8783819902,412868.843525766,491716.36197554553,204665.91084452035,280361.0439572539
2017-08-18,527747.1767782032,411934.21002855944,322090.02884848346,255088.56958252392,685628.9575641322,415288.68176156515,492154.5129784375,204345.96748683715,280162.6585102824
2017-08-21,530349.7577655172,413965.66029531305,323587.34891772334,256274.4157760094,683488.621275324,413992.2700127623,491830.40599235584,204505.9317749798,279805.60102897696
2017-08-22,534879.3410801475,417501.2364320945,326188.9753124264,258334.84949382913,694885.6105282266,420895.47996425553,498904.8413720583,206644.41573568492,284070.6157145399
2017-08-23,532662.5813667418,415770.9398022961,324913.9043374211,257325.01993687844,694785.7795722861,420835.01188507926,497211.99729926285,205903.5129470264,283058.92258147174
2017-08-24,537959.1706121608,419905.20409145294,327976.7007389472,259750.69065938113,697080.6492639211,422225.02524221566,497611.46452318085,205423.64964539424,282225.7581890563
2017-08-25,539499.9181085255,421107.83791062963,328866.35034006287,260455.27454541318,692380.9177082122,419378.37575218006,495430.814449107,205903.5129470264,281630.6321175111
2017-08-28,543196.6891071221,423993.3605774868,331000.09669546207,262145.1570530979,695320.9103865965,421159.14313419466,498394.8892133951,205911.9235624351,282503.4796531948
2017-08-29,544517.6318438565,425024.4253120658,331761.9247657223,262748.5089587911,697421.5820640239,422431.52984147734,498829.1261355321,206147.70164043948,283614.3655097487
2017-08-30,547983.5650135073,427729.7670080042,333766.32138626056,264335.9491805114,707475.0483377702,428520.9616105081,502400.96518183977,207124.3233815108,286947.0230794104
2017-08-31,554419.249285358,432753.1544047922,337487.4026369831,267282.96774218715,715118.6101143546,433150.7029000801,507284.21500367793,208370.3656622214,290021.8158912524
2017-09-01,555354.2889372,433483.0016446738,338016.17186977656,267701.7419206824,716259.3085131996,433841.6292810586,509803.41077780596,208665.1067364742,289625.0752666788
2017-09-05,552591.4516324585,431326.4629597792,336360.4902423191,266390.476683624,706837.5850659347,428134.84711095074,526310.1150088521,207166.3764585544,287026.38936594676
2017-09-06,547365.4869073267,427247.32479398843,333179.46373215236,263871.1701866686,709302.5604491459,429627.89428489935,527767.117988328,207873.62200418016,287899.23690163036
2017-09-07,556149.7464214999,434103.8977192047,338526.4118759833,268105.84133907297,716549.2806874296,434017.2667897359,530877.7283631156,207848.3458137603,288573.6989903425
2017-09-08,550914.1348615495,430017.22969545337,335339.5133710918,265581.8843450492,709999.2701884005,430049.89464820584,527387.1609261474,207604.23102733673,286074.2058130962
2017-09-11,558341.3863179667,435814.58702109667,339860.4554407768,269162.37595431885,728699.8028095136,441376.89514137676,536881.5369150675,209818.5287779036,289367.1802394897
2017-09-12,554320.8270026161,432676.3306773058,337413.15500142955,267224.1651669695,729534.7917762431,441882.6518826184,536900.2027631355,210525.72997933556,290061.49903452065
2017-09-13,556288.8929378509,434212.508836068,338611.1098754132,268172.92038401676,743410.4302215759,450287.1912985653,537749.9675935232,210626.79039682142,290458.23965909425
2017-09-14,554836.3026463804,433078.68631547206,337726.92322881037,267472.66304375627,735824.4458072128,445692.32488788,534940.4488949936,210559.41678516415,288752.2277309952
2017-09-15,553921.5280066256,432364.65697497997,337170.1030945499,267031.673137701,747676.1718372597,452870.9710423593,537026.1844635757,210842.89443421245,289744.09442711395
2017-09-18,555852.8022517597,433872.1172997789,338345.6629950272,267962.6920038963,767896.113683209,465118.28484359174,538049.5082983989,211291.33248389565,288732.4012940458
2017-09-19,553990.883016243,432418.7921790234,337212.3192471284,267065.10744801786,766140.7911515165,464043.7234321556,536193.8126999236,211502.7951623441,289228.3346421052
2017-09-20,554805.9350376094,433054.9828122039,337708.43857121473,267458.0235813608,786241.2988784717,475921.1525655995,539104.5752755166,211578.96370575554,288335.6606694722
2017-09-21,549988.5094614862,429294.73077033326,334776.088416858,265135.6635596482,760073.9826438634,460464.56697133207,533512.9354103655,211012.14144024026,286570.13916115556
2017-09-22,550206.8534290732,429465.15963051503,334908.99362876825,265240.92170910863,766459.041371339,464176.8781398672,532964.3981306581,211054.38667545668,286292.4176970171
2017-09-25,542811.5423107379,423692.7334054341,330407.49353152775,261675.82773558228,754492.0554212574,457473.4457067174,529186.2354798241,210622.87332637617,283277.1344653926
2017-09-26,528961.8557283574,412882.3303327262,321977.2375896562,254999.2412634248,753149.993949185,456710.8087247868,528167.5009105373,210749.78640880022,284011.1061343223
2017-09-27,541700.4301868533,422825.4524134262,329731.16345512145,261140.18845369294,773518.5726348705,468376.134725873,533724.7700664081,211570.523527551,286570.13916115556
2017-09-28,549456.1473192091,428879.1943389176,334452.04143669957,264879.0251255381,776471.1533834796,470060.5731672801,535049.9238781555,211824.4088179907,286470.9464376698
2017-09-29,555770.4668846809,433807.8502494043,338295.5457441122,267923.0001888686,782101.1974814362,473231.23969908257,538416.6979814924,212568.94783053425,288534.0158470743
2017-10-02,572521.8737874869,446883.1974478498,348492.06872945884,275998.4332357915,791697.9204795704,478633.4597693174,544556.312615355,213491.2035901059,288791.9108742634
2017-10-03,579936.8161312738,452670.94686877914,353005.5182851959,279572.9909306448,796876.5576873434,481544.12757601665,547733.081817089,213948.06703659572,289406.86338275793
2017-10-04,580223.534843818,452894.74578528554,353180.0429660033,279711.2108294202,802586.8216050206,484745.23196808406,545896.0841967519,214201.90798284172,289684.5848468964
2017-10-05,581789.4509781367,454117.0250397185,354133.21065808716,280466.0997156587,798169.2577864759,482267.1179538824,548361.3157210794,215471.1570582653,292521.33933786815
2017-10-06,595095.7617118789,464503.2949084861,362232.7156151329,286880.7383221561,809956.7257609126,488901.45342677546,549983.5213272556,215225.72672742803,292918.07996244176
2017-10-09,585030.691505865,456646.982403874,356106.1424681599,282028.62046525953,789197.8674722313,477207.0889099445,547486.34704394,214870.38192175905,292580.8489180857
2017-10-10,584323.4716452244,456094.96039896633,355675.66020439815,281687.68751155643,788810.3941249462,476972.4374779456,549143.6524307039,215437.2780942639,292799.0608020066
2017-10-11,573577.6112795182,447707.2556501739,349134.69246049516,276507.37779677624,786754.2347927847,475857.5260750298,548945.7275316253,215775.68341793213,293671.87806832086
2017-10-12,572870.6385415812,447155.4265374315,348704.3606194615,276166.5639747292,781411.4736209129,472952.9884013555,548479.1476522018,215454.18801346878,293136.29184636264
2017-10-13,570084.8580613267,444980.9795068433,347008.66575252544,274823.6090884771,776756.787431027,470419.51512407564,548287.1370961975,215716.513482113,294267.004139866
2017-10-16,572969.9671096912,447232.9576679389,348764.8215726049,276214.4477856875,781904.9376222374,473207.3223096692,549021.8455800272,216004.14470397288,295278.7275423035
2017-10-17,566277.2910713006,442008.9747871926,344691.0129990995,272988.0765581033,782362.3792927482,473435.5555395435,548994.8439969601,216156.46700939798,295655.6114605584
2017-10-18,558202.3549238916,435706.0657631772,339775.82751587476,269095.3524069363,787040.7372796248,476069.15354876313,547727.6818233567,216368.00359483587,295298.55397925293
2017-10-19,560551.408745773,437539.6248479243,341205.688388314,270227.77232678456,778606.7663488842,471307.67778715264,548109.7513967702,216427.18831205304,294207.4945596484
2017-10-20,571087.2600115763,445763.40653568704,347618.8243252102,275306.8419227288,780460.7750664662,472352.1478848622,553095.7875327016,217544.1003006536,295001.006078165
2017-10-23,568495.8693157729,443740.6908753818,346041.45384241524,274057.59747515497,765946.0044692943,464197.2774261359,550502.0756373991,216697.98352169755,293076.7822661451
2017-10-24,570876.9538510586,445599.2516033463,347490.8116984427,275205.4585984223,769358.5705201005,466153.6621389861,551040.158245997,217078.73755036757,293572.71561420447
2017-10-25,562531.7621417841,439085.39401099837,342411.12259683723,271182.45102043235,764038.1024308306,463146.40459813294,545701.3309969774,216004.14470397288,292461.7994882812
2017-10-26,564826.7843603565,440876.7786099215,343808.0946206996,272288.82365974644,763788.3754327436,463002.0188413017,546819.1603130152,216283.3505290262,291529.47264174937
2017-10-27,575270.8646760894,449028.92828242347,350165.36990020686,277323.6527828011,776632.5140146491,470319.7562654343,556545.3351299674,218051.7526303497,300019.8491389764
2017-10-30,571430.0804849174,446030.9958039603,347827.49795224046,275472.10707303183,770824.241951263,467010.1166792039,552948.9238011525,217239.50003399723,300694.31122768857
2017-10-31,579654.7921818395,452450.812459859,352833.8512903274,279437.03425939323,781454.7991922263,473051.7715759019,557661.1171743639,217577.89057626756,301825.02352119185
2017-11-01,574971.0985889001,448794.945209177,349982.903327937,277179.143072012,772463.6680084269,467963.4046540208,556598.1183253528,217865.6104865149,301725.86106707546
2017-11-02,581503.6022749469,453893.9052109114,353959.215548941,280328.29922656826,776098.7816710053,470011.8183392454,552630.1371180398,217950.1748639372,301150.56143247976
2017-11-03,595350.780113106,464702.35007784504,362387.94442695065,287003.6762960703,779647.4994230785,472052.4583301857,560243.3578721307,218677.9074270612,304046.82550366904
2017-11-06,605096.1625603725,472309.1296050202,368319.9247496244,291701.68070406874,795177.5864164915,481032.1189263629,563861.2816839274,219016.3423135252,305078.3450736866
2017-11-07,597519.6070438271,466395.2326695614,363708.10181902215,288049.21335280954,782266.6692285931,473221.8310632883,561395.9066174306,218864.02000810017,305256.9040837087
2017-11-08,575571.416319831,449263.5245235504,350348.3146380118,277468.5411906979,756668.2494930746,457733.45409719815,559417.6719336218,219236.274732974,306486.8091006978
2017-11-09,561809.673147219,438521.7658711714,341966.1737877441,270830.0608652487,718660.3673186528,434858.5288450094,550668.2058560328,218441.00596281586,304879.9898960845
2017-11-10,570213.3514189391,445081.27527741506,346992.2647965173,274810.61987417936,720693.71424637,435968.30341902626,553231.4152477157,218373.26281621106,304860.13318976574
2017-11-13,565078.3341417222,441073.1263404813,344005.3870851096,272445.0751671765,716699.6026784109,433936.4068451931,554649.4170955837,218576.32966064863,305237.04737739
2017-11-14,559466.3406286987,436692.67256224283,340719.73755878065,269842.90942855616,712462.028780314,431752.5835620445,551724.8522868655,218068.67733095255,304126.16152083606
2017-11-15,555066.9062982948,433258.68449899805,338150.69947292696,267808.28497008927,709263.6510458426,430103.7568876992,551035.8017199952,216977.2041281488,302697.87105687545
2017-11-16,565417.1105077249,441337.5589719499,344160.93146851775,272568.2630671932,717483.582936471,434334.88618209417,558852.9117149852,218821.68608449635,306566.14511786477
2017-11-17,566329.6570576266,442049.8491720471,344685.47541237774,272983.69090518245,726137.7943215376,438823.7760205328,559707.7387425915,218178.62136858,305395.74968109326
2017-11-20,574377.160191936,448331.3452978469,349285.25959774887,276626.6238218876,727894.166473177,439727.531325299,559962.8402419359,218550.96478184132,305157.71136022295
2017-11-21,581297.4827213436,453733.01814373024,353250.68191853515,279767.15540312394,736826.2506089911,444308.44675532635,565835.8338656427,219980.87287110917,308470.5424929353
2017-11-22,581016.863584461,453513.9802643117,353089.85191959585,279639.78140610195,738700.2969994099,445268.3457496721,566935.0399392914,219786.29054906973,308847.45668055955
2017-11-24,584417.1511217562,456168.0821187198,355014.97677116405,281164.44004396774,735156.6540962281,443458.8656977655,569159.8372396603,220293.9133159701,309978.16897406284
2017-11-27,576441.5773674678,449942.7306273976,350501.42600623204,277589.8021935479,729587.184926127,440610.5308185233,570955.6174224907,220183.9544969447,309839.32337667834
2017-11-28,574624.141632802,448524.1272002647,349470.2487008224,276773.1313243399,730874.0008027245,441272.1622719114,570861.6499255315,222417.67500436047,310632.80462582555
2017-11-29,557673.6896461525,435293.414927441,339906.9629871106,269199.2089587788,718207.8117614283,434746.53219074896,565337.2535285894,222282.27739953817,305217.22094044054
2017-11-30,569383.0863358208,444433.2100556994,346511.613733424,274429.95428018016,723585.6048475163,437522.42364519916,571906.939553612,224228.381466492,307776.22369790444
2017-12-01,573406.6076210237,447573.7783715195,348692.19919338543,276156.9323795105,719389.2501926378,435367.6162853859,570506.6037348009,223763.01871620605,306466.9826637484
2017-12-04,561492.6154507776,438274.2857946045,342311.8739149713,271103.84813918,701956.8136294531,426423.7936340855,561933.3102173868,223492.28263215302,302935.9396471151
2017-12-05,560210.4232683319,437273.4678897036,341613.6878387303,270550.8993623193,696662.5736142123,423684.3007149749,559322.3136092806,222688.45543260715,303134.2948247173
2017-12-06,560236.5607213684,437293.86953568587,341625.56272673083,270560.3040253722,694744.7422306899,422703.04420486686,560243.8079383123,222730.73023061935,304503.07570846024
2017-12-07,563733.9334409834,440023.7514409292,343502.89547881513,272047.1123195367,701347.6009330722,426137.16769080615,564423.6885928112,223433.06835214017,305534.6255478472
2017-12-08,564454.0053395018,440585.80513203697,343889.843797355,272353.56729869766,699417.9762209059,425130.84491582535,568614.4353355665,224651.43985597003,306883.5497252714
2017-12-11,563793.6023999748,440070.32617702795,343534.99274289905,272072.53268170054,696044.3037955796,423356.82132936834,571198.691098551,225328.2800661024,309264.0237420826
2017-12-12,557432.9677528362,435105.5189285175,340116.6062306994,269365.24202512635,689179.2317496613,419730.6831904032,570081.8608940127,225725.98835817102,308847.45668055955
2017-12-13,559806.828971276,436958.44148076145,341392.66501084465,270375.85390309786,695412.4697271156,423048.89568103786,570073.7600754342,225700.62347936365,309442.5827521047
2017-12-14,559678.2075454207,436858.04574624356,341323.78338481137,270321.30109524424,700329.6690870655,425754.1611911412,570331.5539344859,224778.41206398566,309224.3708681838
2017-12-15,566349.2998619705,442065.1814058256,344893.5945261877,273148.5168926069,706740.9500216702,429251.96092838765,578705.8462760698,226650.2100436642,312735.55717849825
2017-12-18,577123.0806386555,450474.6794923115,350650.19970303663,277707.6278513151,711062.3597566424,431673.36912978074,581512.5852667132,228087.390580702,314699.4641337864
2017-12-19,576738.757912412,450174.6955500049,350441.5987451554,277542.42025345896,702740.5426494298,426770.5323227194,578060.2253144046,227211.50406636254,312834.749901984
2017-12-20,575757.9209365456,449409.1011089565,349924.16401897545,277132.6227672547,702574.3226977201,426670.3293763321,576580.3130079149,227092.36599923726,312497.51885762793
2017-12-21,577787.5324673859,450993.3188166202,350989.5872880253,277976.41572375665,711380.8973121233,431895.6649283281,578627.559506407,227560.1972429736,312537.2020008961
2017-12-22,585041.8852662904,456655.71971799183,354937.0187769641,281102.6989422667,724533.3720672982,439687.3813302367,579125.1924982218,227500.64299080882,312180.1142502213
2017-12-26,584091.076905941,455913.56417828787,354406.93621605134,280682.88463535596,724930.2990322703,439923.65791001753,577902.6720563113,227228.4878925569,310493.95902844105
2017-12-27,584098.9297956933,455919.69376851385,354409.80046520405,280685.153060808,725390.8990500016,440198.70592086425,578625.3831656453,227339.02318610073,310533.6119023398
2017-12-28,586402.9684973718,457718.1162029935,355687.6531341813,281697.1856612334,728900.6895191835,442310.71464004,580008.4614220384,227806.69183446013,310910.526089964
2017-12-29,594059.6074235555,463694.5224185343,360156.52642106835,285236.43988302065,740994.4557784277,449649.44057860994,578943.8279660282,226947.80392771304,308986.3022779441
2018-01-02,608342.6604543607,474843.19061787834,368551.69161052676,291885.2352128362,751799.2064205846,456201.7870712119,589913.7173644878,228572.11696224535,314401.9162326985
2018-01-03,596856.3158871826,465877.49931038154,361847.6676476176,286575.78838127985,759317.3674404568,460716.2388262422,593072.6583787131,230017.91505426247,317456.85233822174
2018-01-04,597076.358345904,466049.2539315232,361970.6775102493,286673.20962097315,752675.1528690071,456766.99234334903,593358.0402334477,230987.42694294083,318012.2952664987
2018-01-05,613991.5202653826,479252.4204654372,371634.43256696867,294326.70160589286,757171.201566309,459449.6640246357,599008.985763875,232526.73215811362,321206.10723877593
2018-01-08,609300.6112713284,475590.9212176758,368906.4851630399,292166.22428949666,756472.8830220784,459025.9260115349,600441.0622146891,232951.96341308387,322455.86896208377
2018-01-09,601341.7085526591,469378.58233957115,364455.5266053016,288641.1581586893,760278.0614223417,461334.899112913,599668.9105361791,233479.21587640382,322475.69539903314
2018-01-10,599346.3075447332,467821.0677301929,363321.03811112745,287742.6669876917,761262.1294515386,461932.02922623034,598989.0545629917,233121.93470760918,321721.86702378467
2018-01-11,618978.5083480743,483145.0248916828,374356.25021033554,296482.3242800662,765530.0204913039,464521.77524438006,607954.5932302388,234822.81538329643,323923.8122999431
2018-01-12,619450.1413371182,483513.15905007144,374606.2233584145,296680.2977876767,775413.433485389,470519.0064784201,610377.9144510885,236353.7395458563,326304.31658612366
2018-01-16,607016.5216701736,473808.0700971258,367922.04788618814,291386.5705458101,774548.1518941897,469993.9556899843,602220.1843843153,235545.7439921008,325371.9594702225
2018-01-17,622521.6343864128,485910.6196496591,376331.8616909077,298046.96727268427,791494.2651661608,480276.81646602077,611131.4661918286,237790.87573870033,328883.1457805369
2018-01-18,631297.3906087452,492760.55531188054,381029.7668875087,301767.6099790718,795335.1397303571,482602.2865654548,612798.0558355538,237391.18673931228,328942.6856301239
2018-01-19,630669.6453836014,492270.5674070709,380699.55037259107,301506.0854024061,799424.1989659023,485056.41721229063,617333.2880750144,238471.2487029323,329974.20520014147
2018-01-22,652400.5911455187,509232.7045240469,392131.47489046236,310559.93063712143,813184.3525161471,493303.2080330457,625994.8864261208,240410.21335469733,333505.2482167747
2018-01-23,675128.187181943,526972.7791868193,404038.9898294934,319990.4335432167,808582.9397395174,490508.54540493444,632514.1123508837,240920.4967732208,336262.6364212101
2018-01-24,666291.746554829,520075.47618007247,399599.36561335187,316474.34397401055,797677.8617140193,483937.02060414833,627417.8186910262,240826.97486866725,334080.5478513704
2018-01-25,674217.629587084,526262.0414699194,403474.65972645837,319543.4958988872,796441.177038776,483185.90030031546,631348.2897481308,240928.996077017,333961.5286909353
2018-01-26,687488.5506826423,536620.6878794058,409893.6485103878,324627.20082732843,816541.5509968031,495174.4941551248,638904.4952364962,243718.4823643141,339079.534205863
2018-01-29,702046.7444354359,547984.1177694724,416949.41077949054,330215.2170443298,814677.4504083847,494034.1790850294,639249.651085418,242102.56516379263,337433.06212735095
2018-01-30,685403.4962558353,534993.1940983556,408961.7584413179,323889.16337371,800466.625516768,485671.21122915787,626286.985243241,239619.31987831945,334655.8172165968
2018-01-31,678580.796870466,529667.7212105003,405688.8195061796,321297.0641575989,785499.2153179987,476788.3353353724,621836.916320481,239738.38403845526,336044.4245372892
2018-02-01,664869.8983141242,518965.6494342604,399241.5425225319,316190.95556634315,770471.0203652403,467943.15796113794,618894.9457636835,239466.24372160115,333187.87387873745
2018-02-02,659371.4286787574,514673.80696636066,396652.447882726,314140.4467364267,760761.5083929846,462320.43707957055,605542.500432472,234253.09596379145,326542.354906994
2018-02-05,624916.9471986562,487780.2862902396,380426.2909478785,301289.6696504993,736445.3428604685,448475.86363116436,580616.5189360351,224456.04455704583,313667.91429439944
2018-02-06,643624.9714918375,502382.87546078395,389351.3255859939,308358.11050677404,750364.3394066233,456499.3626076359,592534.846829675,228878.38752686512,321979.7620509738
2018-02-07,673359.8409155824,525592.4926512525,402378.3471928155,318675.2392905651,753107.9193551879,458016.1190970386,597467.163081081,227636.70575853696,317813.9400888966
2018-02-08,628879.6522788755,490873.38438459905,382752.22680500057,303131.76222584286,713920.9587052867,435466.93113717955,567762.0139272604,219098.29038351815,304403.88298497454
2018-02-09,620427.0842728387,484275.7139895895,379052.8731954746,300201.9515017802,725084.3904339379,442248.6597397101,575097.3393592923,222389.45731575726,309660.7946360256
2018-02-12,635001.2083626802,495651.57833898824,384741.62403904187,304707.32324701844,734504.4178214694,447626.3519874788,583758.1111248778,225655.12633660788,315155.7143385776
2018-02-13,653941.2995342351,510435.3078176632,392054.01309509925,310498.5825145261,751019.5406479336,456960.49594292266,589385.8336885604,226216.46470349992,316782.39024950966
2018-02-14,663587.6000163713,517964.7487008248,395711.56961481797,313395.2908172261,765263.4819063578,464948.9538364377,597583.8169188265,229269.50331546747,322713.73371990345
2018-02-15,674222.7931110662,526266.0718698269,399672.53302374337,316532.2910334818,774959.8639882489,470275.09923352866,608717.1785689424,232195.0375890948,328704.6170398842
2018-02-16,672576.1644439765,524980.7922718783,399060.5655686742,316047.62560219615,766545.3279197724,465696.70287777,607604.4124429846,232263.07636365786,327236.67370202485
2018-02-20,664441.7266267639,518631.4390897045,396049.04077863734,313662.5609241642,757236.1809642352,460626.53909484687,602893.1164526133,230808.8233120382,327891.27908441814
2018-02-21,671354.6124471583,524027.30719614547,398624.20871344325,315702.04009485734,752523.5562380691,458072.5835402823,603662.3101813685,229660.67822966145,326958.9522378864
2018-02-22,668878.3720680085,522094.4723666858,397707.2706654373,314975.84432935086,755906.8710524538,459903.6338041305,604367.22664711,229958.3608020977,326919.2690946182
2018-02-23,681950.641237545,532298.0605819892,402547.6893002091,318809.35469953803,780527.0005482578,473203.46399868967,616555.3054821405,233623.77794792806,333604.4409402604
2018-02-26,703795.7567942938,549349.3131813639,410573.5919210664,325165.70179442497,802014.388368452,484760.2951081793,625488.1234714488,236336.62268708073,338028.1579295267
2018-02-27,689141.4507883491,537910.8626624469,405250.18634050654,320949.6758599759,792565.7119073884,479864.40165467846,616209.8807241421,233385.64962765653,333842.47926113073
2018-02-28,690142.6032147858,538692.3143727527,405608.1915137705,321233.2084731324,791838.0482271137,479494.4602378102,609391.4752328508,231021.39459532965,331700.0738345593
2018-03-01,671348.8706368838,524022.82541361096,398773.8285122015,315820.53584768437,772163.9186302607,469496.3181719766,600648.5073296735,227662.17410712963,326284.45987980487
2018-03-02,692003.302653291,540144.6873782902,406405.54219478497,321864.6935439457,790928.9187435994,479071.6584392154,609714.5201492911,228835.7431939053,329279.91667447996
2018-03-05,694422.5586324987,542033.0429100728,407272.88774739316,322551.6130898241,794160.0406147898,480675.18712545035,613642.2919596527,231480.65262828034,332929.97885154834
2018-03-06,696097.3543054565,543340.3083258934,407870.8288059338,323025.1699082798,797121.0459933975,482152.997195696,615845.3258695063,232067.51846935664,334338.41260919016
2018-03-07,697868.5769949231,544722.8400597898,408503.18459177617,323525.98247132136,805155.6833378295,486177.0401808542,617768.7377231631,231982.42196160977,335112.067421388
2018-03-08,708833.3362314177,553281.4067996684,412415.2044042212,326624.2203823265,811585.000483661,489394.56128732493,621461.218685584,233105.03956980217,336956.95521624095
2018-03-09,726957.2803907165,567428.0909476354,418842.35761563247,331714.39136665664,831472.4402626972,499330.8940231115,630423.2687243909,237161.54294143902,343503.28146449866
2018-03-12,740133.1316659732,577712.5304015061,423455.53983786155,335367.9352484685,839300.1658714532,503219.40138089936,634401.8239981604,236863.91949459442,345328.3125530329
2018-03-13,729458.3681274988,569380.3204362954,419772.8828723406,332451.34791741584,833830.1371720979,500540.2503623061,630747.4994379545,235333.0840204219,340626.8740996281
2018-03-14,730765.1740249649,570400.3506301465,420225.15232323785,332809.53586787096,828437.4670277083,497884.17044632364,626263.3959397589,234125.51771846163,340567.33425004117
2018-03-15,717635.2290929842,560151.7434726569,415698.51833757473,329224.5363801357,826331.8809726946,496847.4978757714,624853.8267557172,233870.3760091999,340269.7863489533
2018-03-16,722092.5026301565,563630.8780549115,417244.7872652075,330449.14904619654,829402.7927580307,498354.4277110933,629026.8534130024,234124.0247972731,339258.09321588516
2018-03-19,710606.1388010024,554665.1717124372,413297.0841245609,327322.6506852128,816396.876062765,491973.2231560698,616412.9171514718,230956.17906776676,331481.86195063835
2018-03-20,717755.5763509157,560245.6807873533,415778.2641891025,329287.6934274653,832378.754238423,499838.3936667656,619070.5656823304,231349.02427992417,332572.89110087353
2018-03-21,716788.3412097075,559490.7032880177,415445.9945113546,329024.54278875916,827441.7636276268,497424.01670502813,617481.6694285331,230904.96152402126,331124.77419996355
2018-03-22,705309.4762081249,550530.8501717617,411501.5590976452,325900.6323991982,807788.7738772726,487908.60730392573,604725.0596062588,225132.98823696352,322951.80231014313
2018-03-23,696161.7057010488,543390.5379480951,408337.64834726416,323394.88122618955,795403.4405064736,481874.31400268455,592395.4906479963,220334.41434623353,314441.5691065973
2018-03-26,712985.3601991916,556522.2781646771,414150.9174839794,327998.8688565564,822411.9037965336,494870.8323609629,608040.9642258254,226362.50491481472,326125.7575761015
2018-03-27,680422.5056610332,531105.2710243649,403053.4221601718,319209.8845523247,772769.738811029,471355.29897640296,589190.9420894156,222511.72903923868,315572.31166947
2018-03-28,677585.4751838846,528890.8206969076,402065.6454363412,318427.58603644173,768178.246583573,469186.33747271594,586154.7276530714,221854.1489905783,311942.075929351
2018-03-29,684678.1660755941,534427.036043979,404416.11801939376,320289.11118578404,785354.1690635526,476365.18599872454,594731.2653233616,224688.99938805008,317655.23778519325
2018-04-02,661317.1518076514,516192.54539889627,396699.29313969665,314177.54720065126,756997.2499234634,464531.67166850343,576764.1561011944,219839.19317217666,308490.3689298847
2018-04-03,669828.6459211821,522836.21069564787,399570.3738854281,316451.3831315645,761138.484009853,466258.25742095086,583591.839556444,222656.83802248543,311961.9023663004
2018-04-04,678738.6933489535,529790.9676512091,402518.9524058325,318786.5956799341,778331.5301048639,473238.46148455556,592159.016813296,225039.14114165603,316881.5829729954
2018-04-05,682473.4874958314,532706.1693693986,403743.46735997655,319756.38592523214,777173.4797785926,472767.86616185517,594206.99493578,226815.0965373097,318686.75735521084
2018-04-06,672101.1357208646,524610.0075658557,400313.11953158816,317039.62215628684,763002.9717062332,467107.89022072055,583173.693783143,221760.30189527082,310712.17091236194
2018-04-09,679297.2743727824,530226.9692878121,402712.01601450564,318939.4980220244,771805.5604843686,470643.77302683215,589608.6468894957,222853.28280066096,312894.2594822016
2018-04-10,687742.3583732826,536818.798025975,405511.02716376167,321156.256339138,810455.6637241648,486001.89227846585,606273.953110308,226396.59081838685,319797.6734811341
2018-04-11,685676.0051991616,535205.9015485026,404827.0994136551,320614.5998585069,808743.1660125023,485318.7048194082,604343.6609792315,225209.8515060766,317952.78568628116
2018-04-12,691304.1812720072,539598.9866591098,406709.80184790195,322105.6608286913,834563.4091781202,494881.27005958604,610658.4087836188,227062.74407783293,321781.4068733716
2018-04-13,688659.1832014308,537534.4276454897,405826.61392704945,321406.19445834676,824570.5073027858,491208.3907959304,609071.2862959555,226396.59081838685,320115.0478191714
2018-04-16,695381.0253420041,542781.1761909159,408085.9072958421,323195.5075760891,834726.1857419361,494880.9903938462,614030.9005370262,228258.04181953098,322555.0616855695
2018-04-17,706163.2595043031,551197.2725859823,411730.3924791603,326081.8636536151,854699.9817797511,502108.35637815594,623882.8008275091,230700.09134903902,329498.12855840084
2018-04-18,706691.8168466601,551609.8391725207,411907.4543141254,326222.0929254444,858396.4894971865,503427.86659896036,624176.8310449321,230870.78693206166,330172.590647113
2018-04-19,701265.104301497,547374.0068579059,410083.67394798214,324777.697001437,848797.5768750106,500031.572199572,622045.2497467163,229590.08227326072,327137.4809785391
2018-04-20,695775.8897331206,543089.388452734,408197.0587683478,323283.53721870127,842160.1447602398,497661.6236931818,614650.669536141,227643.2686992074,321959.93561402435
2018-04-23,695566.928225847,542926.2830924161,408123.2014674121,323225.043780341,835888.7802989414,495419.8367735798,613540.5856693488,227609.18279563537,321146.59765855834
2018-04-24,693988.127950894,541693.9470939063,407567.4925969166,322784.9339719566,825245.0600766378,491594.82534121093,604189.0005562488,224543.86084200753,314342.40665248095
2018-04-25,695941.4388883373,543218.6082069569,408254.83755534,323329.2968101383,821489.5578872019,490237.76137349335,604576.2375486257,225098.90233339145,314719.29057073576
2018-04-26,705177.1651136716,550427.5744583709,411529.7280195948,325922.94159651315,842961.354798289,498061.0800301312,615525.3045091765,227387.13663628593,321344.98310552986
2018-04-27,700968.3382230584,547142.3654480339,410029.2977749551,324734.632209129,844837.1087451277,498735.61758300004,616072.8479980576,227600.60958484962,321543.33828313195
2018-04-30,701736.9057912944,547742.2725399252,410305.47550995386,324953.3592017753,831652.859330785,494012.5048460588,612172.8488791964,225850.28513316554,319262.0569898066
2018-05-01,706797.0140350468,551691.9510673864,412125.565802336,326394.83266450453,843397.0399446306,498276.39307185914,618106.8847147172,226251.55574212965,322912.11916687497
2018-05-02,703666.772791384,549248.634436535,410990.7114546861,325496.05174520233,843675.9715289723,498377.09139263665,620489.089644295,224731.70284660158,321007.7520611738
2018-05-03,703150.8191973169,548845.9057332174,410786.4404045484,325334.27334376273,844621.3479845535,498712.3293442271,615935.2931166417,224236.4816725447,320968.0689179056
2018-05-04,708999.6926301236,553411.2566495574,413046.8705033425,327124.48672790296,859219.0249235792,504127.22542676615,623001.571128242,227139.47431436484,327058.1146920027
2018-05-07,715442.198500856,558439.9686602327,415567.78360907023,329120.9972081589,876399.679748884,510497.4847308323,632122.7869306939,227908.06266130198,329775.8500225393
2018-05-08,714464.6227634982,557676.9197860162,415120.12941599474,328766.4644454171,882153.8539441597,512585.739674841,633951.8817803315,227908.06266130198,329438.61897818325
2018-05-09,715781.7482290204,558705.0049412239,415742.4337057648,329259.31643369514,892860.9794990801,516746.9784073389,640195.9797522757,230110.90482849145,333029.1715750341
2018-05-10,715984.0971573725,558862.9488386402,415833.54905163625,329331.4778828666,898454.7789859821,518919.94180513563,644807.8944289368,232262.55901473112,336480.84830513096
2018-05-11,713318.0095078498,556781.9283081702,414525.85987725883,328295.81539389386,898517.9308482918,518941.38015982165,648022.6415631776,232971.3418257391,336163.47396709374
2018-05-14,715598.5862453829,558562.0374553575,415667.7626829395,329200.17854460905,913589.2026838538,524835.4328402561,652157.5218719194,233082.29099842432,336738.74333232007
2018-05-15,712259.1388851686,555955.4245338829,413980.0267879277,327863.52699773933,912359.5591729747,524353.1629375677,646360.7519581357,231477.10509278276,333009.3148687153
2018-05-16,716623.3994882626,559361.9576675502,416201.97226288216,329623.2613643164,917774.5240643695,526467.4305340712,649766.3731660283,232450.430582121,335211.26014487376
2018-05-17,712053.1188322004,555794.6151321395,413876.2364966328,327781.3272567612,942507.4070398207,536152.4716401485,652364.5074146483,232254.13361792447,333921.8455476671
2018-05-18,712623.4375960575,556239.7786873255,414167.83480153844,328012.26701840793,941557.0833149751,535777.1793560332,650894.5354934933,231673.446401173,332196.00718261866
2018-05-21,717847.2824882776,560317.262212913,416844.7537804425,330132.33088892966,941001.3970183507,535562.2226043498,654036.4343955751,233415.2419862651,334060.6911450517
2018-05-22,716516.9095686014,559278.8367284683,416158.14236135577,329588.5489985679,941862.5978584781,535887.3028054965,650450.2290396969,232766.33861817577,333624.26737720985
2018-05-23,720185.285944057,562142.1959102947,418046.3454083558,331083.9663390631,961346.9727615594,543563.3993978032,655938.0017323038,233406.71311967314,336441.1954312322
2018-05-24,726310.2037357675,566923.0138531227,421358.0119420069,333706.7370035991,967013.9697919837,545817.4600728796,658049.489291977,232928.6088043918,336342.00270774646
2018-05-25,723098.1190616537,564415.8141541047,419580.18276682834,332298.73346222995,965476.4571823874,545208.0074678033,657972.470162912,232373.59687580375,336679.2337521025
2018-05-29,722648.8551152104,564065.1402007124,419316.54168223735,332089.935234629,965710.3344209464,545292.582947439,654195.0297675023,229701.0905715375,335191.4337079243
2018-05-30,732804.5644043817,571992.2012393973,425136.1959275443,336698.97973752033,978135.4706911957,550321.12225288,662773.4151586085,232766.33861817577,337591.7341616849
2018-05-31,731056.2287775022,570627.5340521277,424121.8999013995,335895.67848858837,975888.1151418609,549402.6131162492,658447.1673572039,231340.48063193425,337373.55254713335
2018-06-01,734569.9648799249,573370.1884315156,426160.392116976,337510.1217088134,983183.1753023736,552375.2927636914,664495.93643389,233611.61285745117,342670.11707208323
2018-06-04,741984.671274045,579157.7536814179,430462.03026640264,340916.92919776874,971002.5351660886,547425.7786309472,666410.1164595805,234721.62193322944,345764.7363208747
2018-06-05,740481.2622420082,577984.2644820202,429589.82827988424,340226.16345775675,973927.8525167324,548616.960573025,666383.265317237,234892.48011162912,346835.9390341604
2018-06-06,744396.0817976854,581039.985425744,431861.00885719975,342024.89099614805,993641.8630925436,556599.1625899312,674865.6281407445,236856.30707467266,348859.35556966614
2018-06-07,739346.9929944632,577098.9081466257,428931.7825518929,339705.00499757926,979194.9892319823,550699.5111994352,670547.0576458401,236830.676130703,346022.6010786944
2018-06-08,738436.3024713641,576388.0666722979,428403.44590735756,339286.5734199412,980278.8619497049,551138.0794705938,671774.2482979327,237530.8413867316,346042.4577850132
2018-06-11,736337.7019085492,574749.999425238,427185.9438564912,338322.33724743495,955061.4570877313,540942.4869475532,670983.1182020586,237846.7346413885,346974.8149009144
2018-06-12,746920.1727628292,583010.1701344793,433325.35894891684,343184.6256566702,971271.5862472237,547551.616823844,677758.2837329245,238154.158155045,348799.84598944854
2018-06-13,748016.0960827302,583865.5954724058,433961.1583064572,343688.16545650904,980397.3098328287,551179.4098822677,679155.7690054899,237394.21692588308,348780.0195524992
2018-06-14,744916.8174355775,581446.4467638002,432163.11337309785,342264.1514572693,1005561.2324555904,561104.5532281694,685849.7288707306,237991.90275022687,352311.0625691324
2018-06-15,741639.2372745539,578888.124419607,430261.6269070061,340758.2139265423,999682.7070351837,558781.1611414746,683770.6246825577,237688.32240002602,351081.12728277396
2018-06-18,745594.5389250068,581975.4437507129,432556.29315104923,342575.541622016,1007411.8419954769,561818.8480456735,684876.8813929348,237199.3981014772,350128.94372992334
2018-06-19,747057.6320052687,583117.4642460102,433405.1058586176,343247.78354205046,1007000.0144419855,561649.517935335,682082.118341888,236290.28300464427,349137.0770338046
2018-06-20,750373.5078836099,585705.6783958914,435328.8095656648,344771.31666316465,1024907.9578385118,568808.0488092354,688531.5257361829,236693.35694415288,351616.7437741015
2018-06-21,741698.4457846468,578934.3397513138,430295.97669407097,340785.41823981825,1016595.5098893326,565458.8589689881,682280.083947635,235209.62978510797,348561.8076685782
2018-06-22,760812.023743511,593853.4847202561,441384.70924120065,349567.462608106,1027475.7467628258,569871.3200465494,683572.7818633644,235638.42335697368,347788.1528563804
2018-06-25,782925.2153575361,611113.9846709018,454213.66612719477,359727.7282735283,1008983.5763774262,561206.8910265804,678094.2004200213,232430.72697871175,339952.3817415467
2018-06-26,795536.9243418273,620958.0816289751,461530.3426903173,365522.3831570016,1026731.63362695,569567.317510096,683753.9668014297,232945.37090961763,341341.01933160843
2018-06-27,771456.2389960238,602161.8501542234,447559.9453149079,354458.12048568163,1001622.8447403273,557824.5002286113,671195.2851518042,231015.58550595245,336699.0601890519
2018-06-28,792470.2063725404,618564.3482285036,459751.18781768775,364113.3296909648,1005550.1061682869,559760.6054611953,677871.8946646755,232336.3773158755,339595.3242602412
2018-06-29,789900.4242403146,616558.4991796344,458260.33001858956,362932.60148033826,1004048.4482269717,559033.6761080496,677014.7676872612,232670.88035049645,340507.82466982363
2018-07-02,788980.6022624397,615840.5301283626,457726.69576520287,362509.97430723597,1019657.9642581198,566624.0715967251,681416.4096129416,233168.36307843303,342789.1362325184
2018-07-03,794848.7008268217,620420.8872630903,461131.07016756077,365206.16766573745,1005530.7641335322,559759.4295694524,676989.0614108358,232344.95052666118,338821.66944804334
2018-07-05,796744.4378155051,621900.608904848,462230.88101890706,366077.1948685486,1014063.1895711158,563971.8479522069,682764.9703285359,234240.4283057857,343027.1745533887
2018-07-06,802723.8234474662,626567.8314029292,465699.8185570104,368824.52088087343,1028724.0801458905,571075.1589787464,689059.3011463755,236221.60862997134,348363.4222216068
2018-07-09,810141.227501931,632357.502317498,470003.02175271616,372232.56785376463,1035005.8201868394,574433.93486182,692618.7222405155,238348.74047708436,351497.72461366636
2018-07-10,823303.7965813795,642631.5743244577,477639.2795203224,378280.3243703702,1041225.7838916284,577726.3700654868,697284.0277708669,239206.35718361154,351755.61964085547
2018-07-11,818591.842185453,638953.6480423578,474905.64157021436,376115.3402603604,1033009.5080859337,573169.6123956027,695828.3260783015,237456.72745762908,349970.24142622005
2018-07-12,838336.1770946921,654365.1317248086,486360.3074418113,385187.19617182034,1045063.6392035144,579857.8970690238,703701.629044611,239609.47546731384,356000.80788946897
2018-07-13,838222.003195254,654276.0130385505,486294.0695120288,385134.737116131,1043828.204452976,579172.4109708192,702853.1755363566,239798.11566739483,356298.3557905569
2018-07-16,845591.0209041898,660027.9158855698,490569.201393946,388520.55219533027,1043825.1900777584,579170.7384322205,699314.7016626622,239583.71149076306,355445.33469182265
2018-07-17,849154.5353792113,662809.4248822731,492636.57250710874,390157.8668987326,1049448.4303341256,582290.8166240674,703911.995434129,240552.88340728957,357607.6270940822
2018-07-18,853802.0714293286,666437.0692840335,495332.83818660676,392293.25295168353,1052771.435841083,584134.6000195759,703718.9710489896,241058.9393460118,356933.1347360008
2018-07-19,854262.0964747675,666796.1428367204,495599.7214831215,392504.61894334987,1043490.8913441763,578985.2513926029,702410.6423333155,240149.73556079136,355147.78679073474
2018-07-20,847273.4537507896,661341.1425139359,491545.2639555765,389293.5733396343,1042222.6418004858,578281.5578702415,700523.3745875477,239875.46672263887,355068.4507735678
2018-07-23,852404.4633163428,665346.1632227885,494522.01654955104,391651.0991652948,1042393.2647177931,578376.2287039688,700872.1089266563,240321.40671607593,356199.1630670711
2018-07-24,848488.7658719232,662289.7570410918,492250.3266655275,389851.96826663765,1025558.0535675887,569035.1419336832,698104.7079971709,241530.6580973976,357667.13667429984
2018-07-25,860171.0218313584,671408.3674131638,499027.78152824787,395219.57083577756,1033290.3568973662,573325.4425241064,707316.4006799154,243589.15991403136,362666.15329816187
2018-07-26,854876.3847887901,667275.6269202004,495956.1005365716,392786.8637036076,1019328.344648838,565578.5620877591,699361.0600335277,243014.47394482992,357171.2033262405
2018-07-27,845364.7081144335,659851.266943861,490437.90614388854,388416.56910200114,979380.8407176259,543413.5237553917,687146.4243121854,241367.66362268408,352350.71544303116
2018-07-30,837694.3632255403,653864.16250923,485987.9594515303,384892.30434742174,978010.1874258476,542642.5680695173,679362.3382037627,240106.9877580462,347371.555525488
2018-07-31,862865.23485116,673511.3412627558,500590.8278435882,396457.47084217286,983060.2693398006,545390.355642269,686876.1417148272,241290.54906980658,350029.75100643764
2018-08-01,870668.2181550459,679601.9769015384,505117.7246450519,400042.67847452796,987381.5395643774,547734.0968215261,689089.6165368743,240887.4603489001,351358.84874691244
2018-08-02,863339.2443904,673881.330442584,500865.82423708047,396675.2622370417,974611.455104433,540708.9457421734,700655.0345811031,242199.6937294353,356139.6534868535
2018-08-03,865980.6769924193,675943.1064219442,502398.2500198459,397888.9114217574,975314.3900970705,541097.281434771,700288.5959729413,243237.51045783891,357230.71290645807
2018-08-06,868439.5622772427,677862.39469467,503824.7710692359,399018.6862715695,984651.8946260345,546260.2151482753,702130.6893604234,244129.44957030474,359333.4654591307
2018-08-07,885081.0179075627,690851.9191875356,513479.3031027825,406664.87381494296,990954.8739602943,549756.9502543561,710192.2622216276,244935.64179351565,360642.73676265613
2018-08-08,877501.056199649,684935.3635419742,509081.79216697364,403182.1370833856,989117.3542088409,548737.2444644589,703942.8332953892,244832.74848268947,361079.16053049784
2018-08-09,878250.8541682436,685520.6199819226,509516.78707771306,403526.64395915845,995817.0584134285,552451.7751385485,700097.7878070407,244498.23066667057,360860.94864657696
2018-08-10,885753.3166432638,691376.683432197,513869.33687291207,406973.7724072618,984287.3686563227,546055.4219938674,697609.3653202888,242860.12658789163,358103.5604421416
2018-08-13,881975.3263634566,688427.7648782242,511677.53773051186,405237.91330586094,978614.866157579,542908.4744210856,695016.1187798923,241950.9819282629,357706.819817568
2018-08-14,886856.039215075,692237.4159410335,514509.0808129957,407480.4362340136,988474.8232863948,548378.5060625228,697704.934681013,243494.73634420548,359948.41796762525
2018-08-15,879725.394944863,686671.5760015829,510372.24116051017,404204.1457095366,974471.4325350338,540609.8119904672,691550.4588104582,241676.4765877438,355544.5274153084
2018-08-16,913146.8953917089,712758.801078917,529761.7076736063,419560.19785271125,992818.6141649323,550788.3211599885,701115.2930233616,243632.0111865619,356714.9531214493
2018-08-17,911491.9431398748,711467.0244887396,528801.5879650748,418799.8031147776,991123.6721557677,549848.0141891362,697795.6770295737,244489.7165814765,356794.28913861624
2018-08-20,916798.9757554855,715609.4403732799,531880.4602421572,421238.20559465594,993174.1774577935,550985.5778454969,697503.3964382175,245012.83025338268,356476.8845312096
2018-08-21,924049.1867285622,721268.6083634668,536086.6664565948,424569.4329860967,993995.1810076532,551441.0479187227,703372.6710668898,245587.47187839044,357786.1558347351
2018-08-22,927049.8953466103,723610.8180208404,537827.5260376224,425948.1573817446,1003798.3052059253,556879.5502214123,704184.5432730783,245441.69773223787,359174.7631554273
2018-08-23,929260.5526458125,725336.3513979207,539110.0377472023,426963.87984493055,1005812.9103285185,557997.1974506666,704827.5299617168,245115.82703399422,358659.0033704186
2018-08-24,933910.2284556163,728965.665993772,541807.5448071958,429100.2490452829,1021592.7415513252,566751.4115874633,710438.6879785426,246591.04010784504,361991.6609400803
2018-08-27,937825.2369598754,732021.5344217236,544078.8350029351,430899.0633991744,1027845.1466641537,570220.0730994188,714891.8805820035,248537.88324469418,365681.406260417
2018-08-28,939050.6478246729,732978.031545275,544789.7564938946,431462.0983582591,1032317.556467977,572701.2424210267,715889.5502685524,248658.05600967284,366217.02275174455
2018-08-29,941123.6074483584,734596.0847013658,545992.3829669452,432414.55338410806,1041663.2555110481,577885.9778929028,719461.8211516197,249995.92033417782,370442.3845634087
2018-08-30,941604.4741997517,734971.4262930983,546271.3575685862,432635.4954366667,1046350.0948701474,580486.1068039789,719814.404285869,248983.83801952915,369787.74891164585
2018-08-31,942678.3594603974,735809.6497758006,546894.3715572405,433128.9094916248,1052270.4447728917,583770.5532648815,720482.8372229699,248992.5590442939,370263.8255533866
2018-09-04,942405.7010766623,735596.8256796164,546736.1889343701,433003.6321611061,1045706.5397270394,580129.0802013457,716947.6851042043,248563.6915654387,368676.86305509193
2018-09-05,932339.3764801323,727739.5340577508,540896.2158312836,428378.49554761744,1035623.5648074109,574535.3244547821,709603.8533170759,247894.61158920717,363915.8847521003
2018-09-06,917631.4052439324,716259.1950262962,532363.3937871795,421620.6788666278,1019654.9135097542,565676.358160296,701702.7572445453,247148.3727159045,360662.56319960544
2018-09-07,910584.7490276569,710758.912145552,528275.2797615367,418382.97802000516,1018414.3227465698,564988.1127003982,702156.8508586533,246668.11031652882,359273.9558789132
2018-09-10,904774.6126594042,706223.797529448,524904.5320978306,415713.41633555165,1011254.9742279423,561016.3040589065,704094.1227804421,247097.02213957775,360484.0344589528
2018-09-11,914977.8910086687,714187.988701753,530823.9588510222,420401.4785789516,1025690.046774979,569024.4832575736,704199.2163653297,247911.80235497231,363261.24910033756
2018-09-12,914039.9216521056,713455.8546744606,530279.7964051047,419970.5132974559,1030875.2197702248,571901.0738937974,705137.3361791208,247971.82961187002,362190.0463870519
2018-09-13,918549.1266197461,716975.524448047,532895.8093773471,422042.3408839365,1037291.3439068409,575460.562194219,709560.4761706884,249438.42513074144,366058.32044804114
2018-09-14,912940.4105371472,712597.6288752757,529641.9155900836,419465.32502680493,1034667.2421858717,574004.7831014174,709676.7717204066,249481.3503102615,364987.1177347555
2018-09-17,907917.7185368408,708677.1556782537,526728.0033765842,417157.56746880786,1022918.8467919648,567487.098115448,700588.2298502848,248160.4254677573,359730.2060837044
2018-09-18,923863.5554734851,721123.7134823923,535978.9725782239,424484.14168575866,1045765.1898089118,580161.6176454162,708236.6770948612,249507.06994261857,362705.8061720607
2018-09-19,922830.6544967985,720317.4803719346,535379.7356010971,424009.5585268739,1034159.9660966169,573723.3603504949,707784.8312241634,249772.98729095404,362428.0847079221
2018-09-20,930126.4019508678,726012.1919616908,539612.3597818596,427361.7083953785,1045405.7785412745,579962.2262098774,713558.5210275709,251797.03366906813,366435.2346356654
2018-09-21,925681.9910640315,722543.0973492137,537033.9370626939,425319.65150351345,1040818.850835729,577417.5255221848,707615.2246107854,251567.0055548493,364431.67480647843
2018-09-24,920142.0771906395,718218.9054909196,533819.9588421647,422774.24794080376,1036243.1655312038,574879.0618077875,710241.3609843202,250731.32444281518,364788.73228778393
2018-09-25,915717.783999617,714765.5137897935,531253.2073940098,420741.43445159245,1046286.0786395407,580450.5923689355,709645.9041555222,250498.72436536066,365284.6656358433
2018-09-26,905966.0375750634,707153.766846265,525595.7366576554,416260.83589735866,1031294.7613009546,572133.8239370285,706130.244902096,249749.04142634574,365542.5606630323
2018-09-27,903315.7885608556,705085.1091971394,524058.1960378357,415043.13586862123,1007509.0789188656,558938.184894851,706244.1516974245,250447.01903548418,368637.1799118238
2018-09-28,905839.3099794436,707054.8493450682,525522.2157074077,416202.6088417119,1025149.5663386502,568724.6396528123,702103.0619924054,250472.85691902452,368557.81362528744
2018-10-01,907748.194283036,708544.833152157,526629.6539668224,417079.67679226294,1030437.5527530195,571658.2683317398,702448.8024699211,251343.0378137721,369311.6420005359
2018-10-02,910168.3462189928,710433.8880249346,528033.703883536,418191.6549747525,1025821.7686257588,569097.558899001,700208.155201483,251196.61328611165,368478.4776081205
2018-10-03,902805.8050045469,704687.0404198167,523762.3293366083,414808.8156263182,1022325.8208749484,567158.103730595,700777.7043070823,251334.43504019058,368875.21823269414
2018-10-04,892051.8857475674,696293.0452858616,517523.44854041643,409867.7524590225,1007373.9101810708,558863.197015795,691022.5349915813,249370.0759468224,361793.3057624782
2018-10-05,868687.4317974851,678055.8697893819,503968.57244553865,399132.57395544555,974573.9735611343,540666.698917052,680674.1649860987,247974.31288671828,357369.5585038427
2018-10-08,872526.2109565928,681052.2372356936,506195.63822539704,400896.363496467,968998.946371404,537573.8279510543,675567.9194312061,247974.31288671828,355187.46993400296
2018-10-09,878205.3479157807,685485.099977298,509490.38664845447,403505.73537108453,971528.1308795861,538976.9495981411,676768.4224245107,247612.56773575587,356338.03893382504
2018-10-10,859407.5911417862,670812.4699231182,498584.8776013557,394868.80018454907,924066.5655966934,512646.5852306506,653364.4074206449,239772.18909546707,340666.5269735269
2018-10-11,842912.5459690369,657937.2264322798,489015.28552042285,387289.883307983,908185.2397241018,503815.9919977594,645565.8237626802,234490.92865610486,336441.1954312322
2018-10-12,865708.870448848,675730.9472314577,502240.5615916139,397764.0254830614,942558.6552755011,522133.41681140795,660860.4433432134,237747.6105870284,345804.4194641429
2018-10-15,861998.7468056568,672835.0021287357,500088.1352439844,396059.348812034,920837.3135855332,510648.5554720844,654801.6285718922,236412.18519317807,341618.7407957469
2018-10-16,878311.2025131565,685567.7250141844,509551.79813937005,403554.3719880875,952169.1791080923,526067.2115209921,674736.4074527335,241581.50610619542,351557.23419388395
2018-10-17,875114.1336710072,683072.2459555608,507697.0202740404,402085.4266927246,958038.144742734,528871.0304354801,672908.7350750527,241624.6382252862,351696.0797912685
2018-10-18,871250.5053354613,680056.4824303759,505455.53825708973,400310.2197932962,944706.9283733873,522761.95847702713,661094.0478985982,238135.32665411234,343542.93433839746
2018-10-19,873377.8924506125,681717.019083655,506689.7408116764,401287.68241562624,928462.336472438,515255.2039827115,657835.6521664716,238006.12245501278,343225.5600003602
2018-10-22,872933.3048152957,681369.9952351132,506431.8135208051,401083.4093932049,932272.0581763528,517013.2659779169,658965.5327868102,236937.7673585346,344991.0815086768
2018-10-23,869143.0298189514,678411.4878188503,504232.887406344,399341.90587892063,921167.5814203343,511882.72281632037,656685.5951624064,235731.48703819214,343721.4933484196
2018-10-24,838066.3687675202,654154.5322464916,486203.7782778089,385063.22834615957,863652.6664866298,483874.2284940732,630611.2402281907,228589.18947682716,327990.4718079039
2018-10-25,858788.7643075106,669675.2887555085,498225.86552768573,394199.406898974,886429.2829227755,494578.54523191764,647222.0172099943,232690.2587631517,339337.4292330521
2018-10-26,842653.0803464208,669474.3861688819,488864.7566712167,394081.14707690425,866256.7482402481,494430.1716683481,635557.9240000498,228597.83659460236,330609.01441495476
2018-10-29,843322.1855273958,669633.864176177,489252.9377021937,394175.0226266591,851547.2636578851,491911.46817703854,627030.0229645658,227331.3220777915,323804.793139508
2018-10-30,855233.3254597718,672136.4335229779,496163.17948559043,395648.14156772936,876401.3162451086,496004.1799922599,637335.266114649,230700.03222344737,329141.04080772604
2018-10-31,858527.9564719171,674207.8603229914,498074.55799430213,396867.4716366608,893891.7403113472,503281.79140835616,649622.8174773594,233164.0469102444,336877.619199074
2018-11-01,882004.5683623555,688956.9350861062,511694.5024613246,405549.4054358505,928775.304348415,517396.6214105128,664428.2904581826,235645.42973958133,341321.16262528964
2018-11-02,879243.5713153088,687231.5852350531,510092.7114264903,404533.79100390355,917391.4442702144,512872.5258413864,663851.134996025,234249.62233528346,336004.7716633904
2018-11-05,894731.0842295542,696915.8260062269,519077.78417926806,410234.34772499424,923412.0390920826,515166.9279793614,663935.2605507212,235542.0486426242,335171.60727097496
2018-11-06,892591.479085535,695582.5765304426,517833.57927972666,409449.54027961387,920799.568742338,514174.29329652764,665451.7668876643,237032.51611911436,337710.7835914894
2018-11-07,915325.3325521491,709755.4856287672,530948.130597763,417792.3184206069,943584.0985532737,522846.530726429,683015.2398372331,242107.22130413319,348303.9126413892
2018-11-08,916133.0318019736,710256.5262558874,531398.3388414808,418087.2522808813,946564.1007211929,523968.0235866142,680992.1049932443,241667.75556297906,346082.14092828135
2018-11-09,913327.9152531344,708516.7332201073,529826.3437008371,417063.13597504306,944084.2801711123,523042.49641213974,668329.2621696473,239307.0628475476,340249.9599120039
2018-11-12,906785.5145569474,704314.8010848624,526133.569466053,414589.6996942726,915512.0806145003,512338.27758895146,652533.9713478008,234835.48304130213,329954.37876319204
2018-11-13,902467.5586433166,700960.9757186865,523628.21233234805,412615.49519189924,915274.2013420446,512240.21853856946,652546.4055967616,234396.0764257397,330232.1002273305
2018-11-14,885264.0554395163,687598.7398399324,513646.4245747893,404749.9138471886,897613.5953501175,505637.38280356425,647833.1560612515,232793.65464150673,327712.7503437654
2018-11-15,886492.4514112029,687865.2558830957,514359.1624239565,404906.79654527846,907893.6258523602,509168.9014575229,654530.6422688095,235223.16954559024,333445.73863655713
2018-11-16,885527.0270444978,687177.3906272126,513799.00551810616,404501.88974873314,914744.2859677274,508831.5323156353,652883.4308055509,235834.97160493454,332275.3431997856
2018-11-19,877295.9559630054,680102.8238344516,509023.1872687925,400337.4983181399,880426.0478465571,495845.777325629,636043.8100708391,231845.94531474027,321483.8287029144
2018-11-20,857038.1552322855,680102.8238344516,497269.2401259631,400337.4983181399,857451.3075074358,495845.777325629,625546.0835446168,227555.393288654,315731.01397317334
2018-11-21,856903.7903632512,680102.8238344516,497191.2791671465,400337.4983181399,863870.6721895806,495845.777325629,631039.5848519603,228330.72195303647,318131.3144269339
2018-11-23,859875.2065590225,680102.8238344516,498915.3492855517,400337.4983181399,868541.48316302,495845.777325629,629047.9861105623,226805.7990380265,315830.2066966591
2018-11-26,863766.7926377759,680102.8238344516,501173.25069797004,400337.4983181399,882326.2821893673,495845.777325629,642249.2039238964,230467.40258319708,323130.33105079585
2018-11-27,869932.5731796327,680102.8238344516,504749.42278933915,400337.4983181399,882824.4049664373,495845.777325629,642257.6882226304,231242.83471736487,324221.3904704004
2018-11-28,888895.2014461427,680102.8238344516,515730.22092553193,400337.4983181399,919497.2883696504,495845.777325629,659882.8687444739,236567.27162001163,334655.8172165968
2018-11-29,890380.4915297849,680102.8238344516,516573.84056848177,400337.4983181399,916688.4806166771,495845.777325629,658182.1726629935,236050.3513538282,333564.75779699226
2018-11-30,892255.5039731412,680102.8238344516,517624.9427003743,400337.4983181399,923160.4071308475,495845.777325629,661801.5743148128,237489.11350044192,335984.9149570716
2018-12-03,897001.5749567277,680102.8238344516,520297.7015235512,400337.4983181399,949329.4382233219,495845.777325629,673071.7657093822,240633.84112362275,341856.7791166172
2018-12-04,870206.2281243562,680102.8238344516,505001.53566047165,400337.4983181399,920669.2916790677,495845.777325629,648697.0653026203,232836.74241640378,328744.3001831524
2018-12-06,871440.5402192014,680102.8238344516,505687.0969405053,400337.4983181399,931984.9977250278,495845.777325629,650074.351467894,232483.43744364587,331065.26461974595
2018-12-07,844736.3169272438,680102.8238344516,491035.78675066127,400337.4983181399,908142.4570604177,495845.777325629,631549.0174419379,227081.51645317394,320134.9045254902
2018-12-10,841483.815226278,680102.8238344516,489218.0383175712,400337.4983181399,909255.8534404171,495845.777325629,635023.829872527,227512.29073235908,323487.4188014707
2018-12-11,847035.3588081835,680102.8238344516,492165.6526048504,400337.4983181399,916596.3270979766,495845.777325629,636346.2029044083,227563.95171804185,324558.6215147564
2018-12-12,851491.6463839986,680102.8238344516,494533.54218322615,400337.4983181399,920588.3614869681,495845.777325629,642703.8893572672,228709.8056837431,327415.2024426776
2018-12-13,851885.9544416677,680102.8238344516,494742.27025797823,400337.4983181399,921791.1377217025,495845.777325629,641190.8747651374,228632.2772517242,327514.39516616333
2018-12-14,820503.0330207668,680102.8238344516,478105.7577265101,400337.4983181399,896525.5250058938,495845.777325629,625445.0311598063,224410.65088407538,319539.77845394507
2018-12-17,798314.0703722797,680102.8238344516,466099.62559481105,400337.4983181399,876782.1718739838,495845.777325629,606974.2526306944,220008.0706432568,312299.1334106564
2018-12-18,798268.9197308864,679898.7929873012,466068.01107731817,400217.3970686444,874207.5474281373,495697.02359243133,603539.5381896917,219766.8234480271,314263.04036594456
2018-12-19,798656.1550459072,679997.7373969272,466262.40990369034,400275.63996373914,875634.7405498085,495939.79959611094,591644.8843489825,216475.6860785838,306546.31868091534
2018-12-20,787853.7843915897,676898.5082047473,460839.59200005635,398451.30161661026,863954.7567129254,493812.7091026774,578636.1534608932,212951.90428749225,302102.7449853303
2018-12-21,778208.8278052596,670269.2002246855,455985.6211987836,394549.00849370385,851203.5393291719,489531.7522712637,560492.0141697426,208588.5686581151,292739.55122178904
2018-12-24,756146.3735440911,655067.3335336254,444918.97386911896,385600.54207424034,824758.0781237923,480591.62949892425,548607.9139977393,203077.10272775916,284665.741786085
2018-12-26,789176.667325195,677959.2679315713,461527.9106899461,399075.70998615515,862239.2612270856,493425.5154147616,585972.5842042591,213337.50661467554,302440.00629905576
2018-12-27,798213.8707074479,684170.1517986243,465907.8228934907,402721.8921225958,871128.5600650891,496384.649767334,587427.7240618367,214975.38897248585,303610.40173582727
2018-12-28,800007.859768803,685400.2920539867,466717.88316526735,403422.09286908084,873508.471026162,497149.30421714956,590400.7292395547,214698.0603849667,303451.6994321239
2018-12-31,807234.4875477522,690353.3761816238,469969.7289033349,406232.9266953776,883254.8952214483,500273.376174406,595641.5866180841,216578.59417080792,306010.7021895878
2019-01-02,802808.5335739057,687325.2872525182,467981.026401161,404513.92994282144,875825.4809326573,497903.4617974552,596254.5516277885,216803.86267490088,307240.6374759463
2019-01-03,787167.1871702485,676612.2044086672,460964.2107464624,398448.72747511853,859256.3719448508,492615.9349977698,577727.6153341662,211630.4177518676,297202.9513543235
2019-01-04,806107.0491173649,689636.0620613745,469519.5926917854,405843.8374851938,878866.3397561536,498935.467954997,601451.6556880733,218719.0292760367,309918.6593938453
2019-01-07,808737.3483770667,691436.2688458108,470705.6352119195,406869.03016146144,883574.5915421458,500452.60039661557,622975.22595321,220443.60453256787,313608.40471418184
2019-01-08,815729.1844394185,696218.4484239253,473813.27755316294,409555.2173045178,880913.3192309526,499603.78117484215,624718.4753250646,222514.70010021777,316445.1592051536
2019-01-09,818578.330743711,698163.8276082394,475075.08431620966,410645.8991564588,892831.9323176035,503396.1896907786,628451.5423430426,223554.6896941137,319024.0186689363
2019-01-10,819373.3945893177,698706.3143043017,475427.6300123805,410950.63297470607,892665.3155619884,503340.6446402625,635043.4861914671,224343.24770962232,319936.5190785187
2019-01-11,817532.979611433,697450.8089881861,474584.235008583,410222.0018690745,889643.2055585617,502332.2580203776,636048.2382106154,224429.92582694528,318766.12364174717
2019-01-14,811795.9820837415,693535.34755322,471916.6972250951,407919.0316704692,880123.3421803109,499086.1370743861,630685.719357508,223060.710157481,315949.2258570942
2019-01-15,827196.2406155015,704060.7740287918,479084.83476901543,414109.80736918654,892640.2930740293,503403.78849075636,643335.4124143072,225617.1233625906,322118.6379177277
2019-01-16,827621.3069814175,704350.2072151685,479279.3108516142,414280.04426559946,891937.2650386824,503155.5667213317,643978.038536611,226163.11863845584,322059.1283375101
2019-01-17,834432.2710507945,708987.4043613833,482435.83207480266,417007.52019919467,899671.6473687801,505863.05878649076,651427.9012550748,227878.9285260285,324598.30465802463
2019-01-18,836826.454025176,710614.8060153823,483543.1748964969,417964.1870141855,899414.5912442891,505771.7499958125,652496.26343754,230912.02703222045,327811.9430672512
2019-01-22,833638.3433749069,708448.9866912925,482071.5983401849,416692.1882953125,893043.9567471489,503530.86409517564,640030.6615534454,227792.25040870561,321245.7903820441
2019-01-23,840915.0781919265,713396.1635561843,485431.20197533636,419596.15649289195,900766.3728292068,506254.8900026101,637473.4109710354,228268.9357097879,321662.35744356713
2019-01-24,834332.6543736273,708928.7674819245,482380.387374742,416972.8568915386,894108.6361666783,503879.7840371781,641915.7833201912,228390.21707960963,323745.2835592904
2019-01-25,830350.075740208,706221.5839170101,480454.2771156355,415380.56424244534,888666.5443929853,501774.04412916175,646108.8778013051,230322.7370418875,327613.55762027967
2019-01-28,828781.7345114526,705154.4711807761,479677.27308975434,414752.9171971247,883093.757074211,499581.29607345985,638700.3607044788,228572.19086923488,323566.7548186377
2019-01-29,825684.3031258796,703046.1548414929,478133.13772070594,413512.8621626188,884875.9578586337,500289.0945836001,636058.8235598928,228268.9357097879,320511.8187131144
2019-01-30,830819.4497696923,706544.0971798049,480690.92538353725,415570.25787986204,880746.7113361219,498624.72839185805,647108.1603219792,231882.55883735427,328664.93389661604
2019-01-31,840532.8742823288,713152.4766583618,485568.95975896716,419457.12916650024,897672.0616010448,505573.68163783697,651813.2372436814,233919.09549669927,333584.61450331105
2019-02-01,832609.092010052,707774.1124088487,481588.49098028045,416293.7197953605,900357.2474692216,506669.6087472946,653571.9532570537,234031.7888743374,332176.15047629987
2019-02-04,839451.6837470589,712427.4454936886,485109.3818767832,419030.6853121437,908379.3188135547,510094.9334406039,658999.6140253856,235678.21488013762,336302.31956447824
2019-02-05,843042.2328104238,714865.2326794523,486945.73468981223,420464.5262478868,905053.4221491067,508670.9542723888,663196.1532343264,236666.24786039264,339277.91965283453
2019-02-06,840009.4034995934,712807.8607978694,485373.65895884816,419254.43537486566,911517.5209800176,511436.85993946804,661109.3532013169,236354.16820639555,338266.2265197664
2019-02-07,836774.7884574354,710612.0196379018,483684.9721011056,417962.9005920357,910403.4705311764,510953.9688829742,651751.9194779985,234101.06928632455,333723.4601006956
2019-02-08,838446.4902447485,711747.7435145782,484578.15878718166,418630.90286704525,919938.1787748291,515101.2858494839,654371.7469945446,234387.03021022098,334378.0957524583
2019-02-11,837597.2073517025,711170.9861999358,484124.2933849518,418291.6697081572,920192.1141161325,515210.084055248,656268.7155045653,234516.98826061375,334060.6911450517
2019-02-12,846607.7399007655,717291.3784484863,488935.5549216467,421891.5200150359,928177.2449097083,518651.9270607772,664926.2548616931,237532.82209405108,339000.19818869606
2019-02-13,847541.7774245744,717924.4717042168,489432.13865257445,422263.88846110465,928579.4621280523,518829.867342921,663333.5795165505,238304.0119670197,339238.23650956637
2019-02-14,850625.5119899914,720014.1749544616,491063.7167503051,423492.99577664654,935242.7914873367,521783.59753052506,670883.3273345031,237775.44395928612,339654.83384045877
2019-02-15,859654.5663188116,725984.305318204,495932.370304041,427032.6331113377,943763.6452884262,525583.0763333145,678516.930111008,240366.5934494757,341083.1243044193
2019-02-19,862216.4515343923,728147.8353352697,497309.3839930594,428218.33869674115,950721.2780270901,528709.4746461111,680865.2260192925,240782.49764236697,341757.58639313147
2019-02-20,859378.5938936386,725751.2446712581,495788.61814801965,426908.8523997387,946763.1476297566,526911.5722737088,680154.2740186396,241267.84484262243,341698.0768129139
2019-02-21,860070.3733590206,726335.4572774442,496148.6990415679,427218.9073614883,945398.423183627,526252.7391575382,675909.5583678203,240409.87338254545,340448.31508960604
2019-02-22,885138.6051807222,747505.7547174562,509951.8326117081,439104.37567651435,949342.5900799048,528173.6039776593,685767.8220767021,241900.3704218315,342967.66497317114
2019-02-25,889208.6781632241,750942.9598723698,512171.67916196224,441015.8196035906,950722.4115718292,528845.9152072587,692339.15062152,242229.71474858318,344217.426696479
2019-02-26,894091.1126673573,755066.2100249551,514754.9507272343,443240.19801608153,949269.255077881,528133.6193105583,688645.4812866051,242056.4176395289,344574.4841777844
2019-02-27,897626.7444161882,758052.0758129163,516624.36008117185,444849.8908826422,964108.9369061039,535430.3412729343,691421.4720833319,241952.41572385983,344356.2722938635
2019-02-28,898219.3736097378,758552.5553197406,516928.09829088795,445111.4308329222,963302.7085181327,535003.877872175,688063.3295186479,241501.7161202969,343562.79104471626
2019-03-01,912119.5658210638,770291.3650483292,524434.9035700711,451575.3178799774,963487.7274334154,535100.2890858357,697827.9041639888,243009.59608352077,345943.26506152743
2019-03-04,898956.0484883379,759174.6824169954,517326.80711083167,445454.74715470406,954643.0271806744,530473.4364950038,692285.3582565332,242125.59458173078,346002.77464174497
2019-03-05,894163.3144481331,755127.184934777,514761.2435093313,443245.6165438273,958075.3034296053,532255.7182005654,692220.9767537271,241796.30938057072,346260.6696689341
2019-03-06,889163.1815437485,750904.5376584032,512091.2113187216,440946.5311339576,949964.6004035787,527846.7377247076,684277.8134381921,240331.82760159986,344296.76271364593
2019-03-07,882090.5304867207,744931.6342788729,508181.56824844447,437580.05361646396,942082.8184953316,523467.23467169027,681774.7648286598,238321.3505467639,340071.4009019818
2019-03-08,896355.6466383113,756978.6248322335,516032.57751097606,444340.32448949636,944530.7692831914,524827.4357117433,684814.8345366239,237844.73915267107,339555.641116973
2019-03-11,907826.2698206471,766665.6464905429,522632.2578981067,450023.1132368449,953990.6719653747,530083.8197579092,699750.4836404461,241293.800977346,346617.7271502395
2019-03-12,910813.3850115956,769188.2862016218,524335.8601434669,451490.0345272712,959176.8287509228,532965.5018115535,703233.1137373855,242203.7290510638,348522.12452531006
2019-03-13,921464.8893544433,778183.5562599772,530386.7726187108,456700.2955260551,967113.5785569679,537375.5477137674,717058.2749056874,243806.90468659,351140.63686299155
2019-03-14,912065.9926249789,770246.1221088193,525041.7190674711,452097.8286802075,954900.7013304466,530589.4765280485,715693.4135542983,243650.94615727995,350545.5410608158
2019-03-15,909666.4647450746,768219.7039994575,523675.8179841318,450921.6918294703,966824.5231388068,537214.9344030891,713925.1398621368,244854.66929578458,353798.8626133106
2019-03-18,925670.21620723,781734.9842561429,532888.8405177343,458854.75187357754,971491.5008842207,539808.1352201554,718773.4209097356,245742.49917963234,353997.21779091266
2019-03-19,932846.2213873495,787795.1709168822,537019.9155086218,462411.89784059225,962785.7649073773,534970.8030364959,722893.5011471012,245803.45766459822,355187.46993400296
2019-03-20,940438.7648862903,794207.127106774,541390.7828336058,466175.5218638111,966080.7874055887,536801.6784982462,725897.385397876,245063.604355191,356595.9036916447
2019-03-21,946373.3158872492,799218.897013675,544807.1788097579,469117.27895974915,974588.7499106457,541529.1180797534,734352.8099170615,247831.4802387491,362170.21995010244
2019-03-22,923533.145727009,779930.2132599937,531658.5740682251,457795.4059771997,960361.8951366979,533623.9825859453,717564.4549281981,243061.656166947,354215.42967483355
2019-03-25,914614.0803181865,772398.0000215542,526524.0560282224,453374.2250064238,963044.4584209353,535114.5457897986,713073.7240037491,242878.9285260285,353540.96758612146
2019-03-26,919966.6602607013,776918.2912914149,529605.4235275812,456027.4990325337,968012.7799140381,537875.1879137133,717086.0227561977,244689.26545321246,355187.46993400296
2019-03-27,908755.4243059885,767450.3239644988,523151.3511980678,450470.08905852167,957392.7077686705,531974.157039561,711996.352325985,243409.86155742718,352906.1583713081
2019-03-28,917839.1082251027,775121.5586884501,528380.6366460967,454972.87142941955,960457.7398109769,533677.2385689841,717332.9199378216,244332.4425077528,353719.4963267742
2019-03-29,927802.1285327323,783535.3991544858,534116.137526249,459911.54087251774,973832.2190971267,541108.752603256,724603.1363836034,245873.04848594134,356397.54851404263
2019-04-01,929020.2789733295,784564.1357378055,534817.4010696801,460515.37807974167,969160.3117597554,538512.8126640879,728913.7407504395,248788.93050673584,361118.81340439676
2019-04-02,931566.6051672623,786714.5260520591,536283.2674109613,461777.5920447685,979687.4482657678,544362.2039571116,732713.0911746807,248910.7883510759,362487.59428813966
2019-04-03,936555.0696894509,790927.3192979017,539155.0213343886,464250.37404691364,981944.8510256945,545616.5272045798,735171.9078957043,249302.52495839034,364570.520403863
2019-04-04,939536.9111646055,793445.5053190369,540871.6046471945,465728.4729489334,986374.1868971738,548077.68258769,734627.5489605368,249963.99251470008,364431.67480647843
2019-04-05,950446.0128666039,802658.3181523182,547151.744653089,471136.11496548663,999466.2275282954,555352.259908109,741103.7762959799,251173.82037054005,366316.2154752302
2019-04-08,961285.5294426518,811812.3658591141,553391.8259680633,476509.2636331743,1012534.242967263,562613.4876581375,742748.9910271836,251365.3872874065,367248.57259113144
2019-04-09,947517.0231322881,800184.765796682,545465.5869739503,469684.2146728679,1002615.1264719898,557101.9419848387,737570.5337025604,250077.12933427538,365959.1277245553
2019-04-10,956315.1046723978,807614.8073101946,550530.4571497451,474045.423936564,1008535.9470868338,560391.8391503445,743895.0087112889,250930.2229330432,367923.0346798435
2019-04-11,956824.9707417659,808045.3927786818,550823.9763035083,474298.1645613053,1004804.3864605579,558318.4017797679,740575.0905313895,250860.51386051677,367050.1871441599
2019-04-12,957296.7995614335,808443.8555232494,551095.5982140258,474532.05012031406,1016747.349070255,564954.4952190588,744232.9398134477,252557.773093717,368637.1799118238
2019-04-15,952997.25863941,804812.8630854045,548620.4430922772,472400.7675658976,1016550.4321730455,564845.0785715851,744795.6970609622,252392.51706512386,368696.6894920415
2019-04-16,962572.1046571699,812898.8876434992,554132.4802121986,477147.0190027305,1017945.2845517227,565620.1266916725,746167.6611940302,252557.773093717,369966.2776522986
2019-04-17,938711.8648750975,792748.747946004,540396.6428812314,465319.4974803184,1008027.5536208493,560109.350905639,736921.3851982645,251939.79241004775,371255.6922495053
2019-04-18,938593.0940887335,792648.4451846288,540328.2690419042,465260.6227982203,1010766.681910355,561631.3443896181,737599.1053503844,252435.94481217267,371731.79916061525
2019-04-22,937359.4355273201,791606.6118846061,539618.0778000602,464649.0982150773,1002810.1113186862,557210.2850906668,739095.7514286431,252653.55655215023,372783.17543695157
2019-04-23,948288.3644408911,800836.1689370003,545909.6319139171,470066.5685809574,1010371.1195815329,561411.5506365173,748454.4353153575,254925.3095963791,377524.29703362443
2019-04-24,954676.3562943415,806230.8728213344,549587.0642353001,473233.09632006445,1020823.0547405721,567219.1563875793,748677.3608563957,254359.6254985026,376334.0751599036
2019-04-25,946057.5163050736,798952.2020535496,544625.3796438833,468960.737098097,1018641.0700262606,566006.7390904239,749793.433582242,254202.85399230773,377861.5280779805
2019-04-26,951466.7230866462,803520.3150858093,547739.3460214161,471642.0810499,1023145.9026219535,568509.8441415197,749255.3706194572,255386.6370250367,378198.7591223367
2019-04-29,952298.4688938959,804222.730248522,548218.1645585911,472054.37746964564,1022694.1195958749,568258.8114226441,751086.3759011548,255787.03553152425,378932.7610606356
2019-04-30,942408.5758131442,795870.6462380264,542524.7614822342,467151.95719494106,1031224.1052721225,572998.488153896,746921.0837990114,255917.55527503745,375996.8138461782
2019-05-01,930673.0723603712,785959.9313351742,535768.8793998836,461334.6678075853,1026615.7543340537,570437.8632549085,741645.4637056647,253993.99283989082,374786.7352661385
2019-05-02,926625.8491075293,782542.0229370788,533438.9782441998,459328.4591287873,1019600.9137233753,566540.075136875,742869.5817923835,253445.63254036056,373160.0896245759
2019-05-03,952318.8141279339,804239.9119412372,548229.8768811728,472064.4626027232,1020102.3497709186,566818.697500025,752114.9876684103,255926.2467370063,379111.28980128845
2019-05-06,953295.7110250078,805064.908216458,548792.2558425701,472548.7104217246,1029840.6956852836,572229.798207934,750826.7200900468,254873.07213617803,376790.3253646948
2019-05-07,915784.805602042,773386.6857276715,527198.017908118,453954.55356213416,998713.5696474741,554934.0464222112,732983.8378496092,250616.8572974283,369450.51786728995
2019-05-08,914612.5362795086,772396.6960700704,526523.1671576868,453373.45962640835,999117.4083553298,555158.4389358038,729899.8028092522,250268.6075627544,368518.1607513886
2019-05-09,902511.6110585493,762177.379923278,519556.91946246533,447375.0306584173,995403.2321209228,553094.6611825766,723270.0252798236,249511.38611080725,366534.4273591511
2019-05-10,907895.2683723813,766723.9162509918,522656.17754972185,450043.70973835187,1002176.6297415993,556858.2917808825,729999.263504837,250764.75996487937,366990.6775639423
2019-05-13,882862.6946182312,745583.7322989022,508245.4522509429,437635.06223343295,957200.8515548195,531867.5523549754,704617.2483891275,244463.0213768576,354255.11281810177
2019-05-14,895522.3582855621,756274.9069790363,515533.353897676,443910.45786480285,974752.0509633324,541619.8561218774,712702.2261580561,246673.80115472272,358143.21331604046
2019-05-15,906878.2484895217,765865.0358331113,522070.70063075906,449539.57295418245,990799.3532407596,550536.5211774212,716084.5620094724,248118.65323727392,363201.7395201201
2019-05-16,920411.0844462519,777293.6106304309,529861.2691676258,456247.8001136497,1004415.0522637677,558102.0686810681,721073.8117722279,250416.51023020546,366851.8016971884
2019-05-17,911310.3539355423,769607.9799404226,524620.2234816633,451734.89135118824,1004576.4352897343,558191.7409738508,716874.8899704227,248797.6515315006,363102.54679663427
2019-05-20,893899.2471336523,754904.1782372354,514630.5514815106,443133.0815206896,978641.552409814,543781.0531275644,709139.7260443819,247152.5706329098,356972.81787926896
2019-05-21,895303.3752321969,756089.9742559372,515425.66901691805,443817.7336126067,973636.9385165455,541000.2451732351,716435.6282850439,249380.7481161108,360702.2463428737
2019-05-22,891701.4417844117,753048.1162185973,513352.0378786487,442032.1914336722,965394.570474363,536420.3828495821,712629.6626649197,248614.98301617376,359095.42713826033
2019-05-23,873594.614709141,737756.773869254,502927.94732205436,433056.31668799976,944268.4602079563,524681.6839757528,701906.3446025609,245577.15446265182,353600.47716633906
2019-05-24,878390.4733127677,741806.9100671777,505685.5367925433,435430.79507081036,946147.1157847664,525725.5567864935,701434.9051631021,246134.191442753,353421.94842568634
2019-05-28,873895.6445523147,738010.9956812923,503114.42501878494,433216.88709360285,950452.4897254665,528117.8328653264,696954.4079781888,243844.98156759678,352092.8506852115
2019-05-29,870314.4336845196,734986.6380079684,501065.8334723854,431452.90576346236,944334.039498093,524718.1230328989,693717.960424277,242208.63647516866,349196.5866140222
2019-05-30,869394.6521157594,734209.8760277462,500536.2879420278,430996.9298366594,933504.0062423332,518700.42750921915,692336.7253716631,242870.08925008055,350664.5602212509
2019-05-31,851381.8576041551,718997.9448373559,490165.78787239944,422067.2002674851,910382.6979154843,505853.0991276465,681926.7561366656,239597.3695024286,345070.4175258438
2019-06-03,840425.2951478644,709745.0510644916,483855.0099581238,416633.17685807985,888094.1706508243,493468.50458555424,675528.8084577865,238988.15418771785,337472.71500124974
2019-06-04,859140.2325495293,725549.946845831,494566.6148434273,425856.6216520043,900636.801503243,500437.80299427576,690933.4047085228,244175.818815537,346974.8149009144
2019-06-05,870010.655678231,734730.0953529219,500751.7132136263,431182.4261391352,900932.8481466045,500602.30097119644,696937.0311637761,246290.8299163668,349553.674364697
2019-06-06,871697.9355540518,736155.0150317303,501700.50381236325,431999.4015412481,898868.289057379,499455.13108757697,701419.7180950353,247892.39437952123,352330.8890060818
2019-06-07,911040.9487720133,769380.4653919557,523829.2330895326,451053.79301975603,909805.9819685086,505532.6475749511,714846.501639184,250373.08248315656,359135.0800121592
2019-06-10,915306.7906647247,772982.9987633992,526183.3863703614,453080.88448314194,922859.012710119,512785.5490951259,723184.1630499648,251522.07010521396,363320.7586805552
2019-06-11,893786.3114019566,754808.8032204172,515123.72598847584,443557.7394395984,915431.1460792641,508658.2635439746,719754.5604866039,251461.0524946565,363816.69202861463
2019-06-12,895572.2362911334,756317.0293042634,516036.56264183065,444343.75596730283,916656.4215256027,509339.0864366268,717995.4708115167,251017.1375527326,361713.93947594194
2019-06-13,920216.5121520351,777129.2929644923,528480.1568362874,455058.56530908885,936504.9026633137,520367.8721544105,724119.9179826083,252052.89966682726,363856.37517188274
2019-06-14,910360.093840599,768805.4786312595,523438.52345650503,450717.36456022353,924470.2589111117,513675.3414528114,718055.6012933137,251774.50681865882,362309.065547487
2019-06-17,937682.4990538427,791879.4412966343,536994.0300614941,462389.60865096067,946324.2920737016,525686.5664842287,724590.5397602521,251870.2015887046,364491.1843866961
2019-06-18,946498.7548977499,799324.831137061,541329.0242617801,466122.3433920617,951585.7349234037,528545.2838068991,732510.2093861183,254507.46904036205,369787.74891164585
2019-06-19,944736.6172256563,797836.6935247313,540480.4478439918,465391.6594444458,956515.1874587123,531164.539620994,734146.3144344246,255081.96285139074,371176.35623233835
2019-06-20,941743.6261043088,795309.0915492546,539024.1035255856,464137.6446104786,962539.0180235367,534396.8640947354,734017.363358582,257519.11973819183,374628.0632318045
2019-06-21,946856.8709994975,799627.262694499,541519.5846986752,466286.4293239485,962671.9607358136,534467.791330643,735134.4524088735,257144.79561761112,374072.6203035276
2019-06-24,932626.5563002586,787609.6622115219,534573.109390922,460305.0257714961,948193.3061679474,526708.5377959192,729303.0607737597,256829.9814050014,373259.2823480615
2019-06-25,926490.6238874529,782427.8242911284,531552.8551457801,457704.374553311,938765.7616728746,521619.14672399516,726008.6297314876,254310.93557379898,366851.8016971884
2019-06-26,918997.7310005405,776100.0237414,527885.7078401229,454546.70293574367,943511.2748746313,524148.7104140398,724606.8093976215,254057.28678572585,368557.81362528744
2019-06-27,931899.0575790915,786995.2844435215,534220.6522003481,460001.53535392653,956215.1204391246,530963.3577421224,732312.5017049356,254958.2425509145,369966.2776522986
2019-06-28,944356.3688704021,797515.5711241146,540307.9078954816,465243.0904198344,965815.7574883478,536106.6880666289,737414.0146196209,256270.12117789994,370442.3845634087
2019-07-01,951725.4820191048,803738.8388175337,543875.0884590449,468314.68364515307,967454.3354224961,536979.1521650202,743574.6521382573,258596.77233395312,375441.3709179013
2019-07-02,945593.4748679887,798560.3158081436,540923.904899923,465773.5071430544,970988.1004261518,538856.3339443955,745232.1682231101,259270.12413417958,376929.1709620794
2019-07-03,956433.2168753177,807714.553893236,546133.6946841547,470259.502376947,978239.8600259896,542708.1205529148,750937.4178962859,261343.0378137721,379765.9254530511
2019-07-05,949879.843307342,802180.1839920668,542978.4258065938,467542.59406920127,978636.1740542199,542917.3906128495,747386.5303193168,261045.6656506919,378992.27064085327
2019-07-08,934619.626158918,789292.8236736725,535620.7348712739,461207.10495441966,959929.5618965648,532827.2029305627,739372.5935852672,259611.27879785842,376334.0751599036
2019-07-09,937738.7781679234,791926.9694028536,537134.1904359414,462510.29658613517,956689.1592412073,531063.1803523124,743571.4768801447,259934.90272362035,378218.6158286553
2019-07-10,938273.4202827492,792378.4784153488,537392.0953023687,462732.3708059228,954874.1499495533,530094.2933238249,747913.6764123723,261176.83577571294,381987.6971661589
2019-07-11,933001.3686077633,787926.1938317212,534848.257237997,460541.9474097417,959014.844616205,532300.828604724,747939.6033970162,261789.11083979032,381709.97570202046
2019-07-12,901058.3842253304,760950.1196790824,519421.4981240945,447258.4233664423,958913.0592542867,532245.3582052498,748393.3649122918,262961.12787978584,383911.9209781789
2019-07-15,895212.8040419316,756013.4862510774,516567.9035301689,444801.2778235344,956567.0396137098,530984.5987380263,748636.1987933031,263048.54506700404,385141.825995168
2019-07-16,890361.9298468815,751916.8890006726,514288.3583772643,442838.42920297704,945812.0206648534,525201.6058147738,743821.7166905415,262200.2406411579,383158.0926029305
2019-07-17,889331.8682964726,751046.9948031569,513795.7573953801,442414.2651294799,945832.7435172895,525210.3944277957,744438.3897866225,260415.97809988083,381273.5519341786
2019-07-18,889586.7639800351,751262.2559941165,513917.4967398083,442519.091262875,953854.8006625096,529519.0001501461,744745.272246274,261369.2895764538,381709.97570202046
2019-07-19,885467.4321419706,747783.4513904972,511947.70580362243,440822.96279753087,953678.70057844,529423.7639239898,740171.9976964655,259917.431111295,378912.90435431694
2019-07-22,885863.1188540026,748117.6115915978,512137.1638006734,440986.0994512142,957043.6379530318,531230.4882291149,742389.242489009,260555.86924966663,381928.18758594134
2019-07-23,890148.9508771955,751737.0267683145,514199.9073959818,442762.2666903039,957299.032600077,531368.2303924707,745881.2984944447,262418.857516193,384427.68076318764
2019-07-24,899478.5813856684,759615.9651104595,518698.717005811,446636.0580146617,973064.3046910606,539893.0137867375,751899.6110219033,263652.06954352086,387125.5593874056
2019-07-25,892737.8759174565,753923.3921068055,515450.38592465,443839.0166076747,962012.1789760307,533902.4838237712,741002.5304595323,262392.6353163071,383455.6707733877
2019-07-26,913989.2856091543,771870.3565115032,525648.9342357246,452620.683625138,977653.8881498966,542244.5650650102,748579.4018623874,264150.67565769824,387403.28085154394
2019-07-29,906091.1615148226,765200.3353674362,521859.60092139256,449357.8012648603,975671.1407810983,541181.8708477867,749222.3942159533,263669.62984423357,386074.18311106914
2019-07-30,924561.6108004644,780798.7592215344,530573.7061177144,456861.2584094568,1002203.7150133773,555116.2936536557,751888.2468336108,263022.38199270976,384407.8543262383
2019-07-31,912468.444462453,770585.995505762,524893.6821804894,451970.35851405055,1005768.3497160174,556970.813294919,744956.8306893691,260144.73944829908,379091.4633643389
2019-08-01,900133.8212559029,760169.3197724906,519014.04952775437,446907.5814828082,1001441.0717760219,554774.8427619009,740972.1837543108,257879.46065635316,377206.8924262179
2019-08-02,872992.9515063779,737248.665078343,506102.64547177654,435789.95496488526,994664.7583803881,551303.3437243135,732845.5416271655,255937.77622737334,371652.4631434482
2019-08-05,835501.3623980236,705586.7553526056,487245.3383649445,419552.48794436635,961976.1792560235,533940.6504258129,707785.3884915375,248240.92496075536,358520.1275036646
2019-08-06,851116.6527747147,718773.9775004606,494851.5737634927,426101.99131377816,976772.639179755,541768.1495330536,716137.4494746977,251722.00329329542,363538.97056447616
2019-08-07,854653.9587943357,721761.2572218365,496474.465435601,427499.4151269686,975467.2719273126,541104.7259570636,718008.0242357155,251870.70415623335,365502.8775197642
2019-08-08,876562.6299227662,740263.2835156397,506422.4578352932,436065.33589154336,1026146.2793901789,566429.2348817196,734601.5718978753,256812.42110428863,373457.63752566377
2019-08-09,873618.9728847799,737777.344519272,505054.1769679189,434887.14987946174,1024579.5831752493,565511.3924005451,728356.1217584842,255063.16091325384,369946.4512153493
2019-08-12,863227.539777705,729001.7064419857,500314.53226194635,430805.982607475,1006466.5152310358,556599.1013381502,718207.184282785,251958.21003183903,365701.26296673564
2019-08-13,868041.967348639,733067.5242629232,502525.2937146722,432709.6036269292,1020487.5143459999,563575.4821063684,731238.2209949752,255876.49255165356,373715.53255285276
2019-08-14,844933.7824275342,713552.5001655681,491875.14493228914,423539.0768577645,986313.3425771942,546691.2490225065,705046.8096501312,248310.90009844408,362547.1038683574
2019-08-15,847746.6487218624,715927.9854623955,493176.1863506951,424659.36497759057,994527.1488742209,550721.960851848,708135.9127939123,248966.89853752847,362130.5368068343
2019-08-16,862540.3593885909,728421.377787936,499960.71057989297,430501.3172668228,1014237.1887236977,560224.3428626613,720509.180798019,252640.34198242193,367942.86111679283
2019-08-19,873637.7249119947,737793.1807376602,505025.7284904383,434862.6537405243,1033653.7797453548,569544.1121131268,732262.6220263595,255684.15700209598,373794.8685700197
2019-08-20,868122.4495233794,733135.4920234733,502535.97517425136,432718.80111449555,1034132.6072337469,569766.7058145523,729705.6295458537,253724.97139799502,370898.6347681998
2019-08-21,877797.0177700425,741305.732702684,506937.9112349036,436509.17750314646,1042461.8690076584,573746.3692387479,736978.0887649355,255789.07536443527,374191.63946396275
2019-08-22,875345.4657374872,739235.3798318473,505824.1783746382,435550.1752190039,1046104.003213219,575483.9848755231,735363.2870011552,255710.37920198185,372981.560883923
2019-08-23,850340.5030746561,718118.5136398625,494506.0808629208,425804.4976394652,1030475.1740762517,568036.8574678304,717299.0980454491,249141.88072594398,361178.3532539837
2019-08-26,851298.4752283064,718927.5278366464,494932.63830567145,426171.79358314275,1037405.959098207,571351.9090295221,726192.4959507232,251896.86723052769,366633.6200826369
2019-08-27,843910.3453608836,712688.2003910078,491648.3864797289,423343.82188979845,1028076.0372272781,566894.7762217923,720563.581950532,250908.5829665083,365859.9350010696
2019-08-28,851068.8613705973,718733.6173247834,494874.0750543335,426121.3665069528,1040466.086351663,572959.8243600944,724539.5849562574,252675.37389546,367169.20630459517
2019-08-29,860515.5439921431,726711.4069966655,499131.3883729478,429787.21254824527,1054765.6108914618,580146.7974665336,735312.1308716146,255902.74431433526,372783.17543695157
2019-08-30,857404.5810577769,724084.1769984026,497711.23717968306,428564.3625392727,1051700.361031889,578602.0039406025,735827.9170763558,255789.07536443527,371890.5014643186
2019-09-03,847908.1757677551,716064.396184559,493368.83701641695,424825.2507434329,1032473.7433124225,568978.2266891475,729640.0157117202,254293.52308706535,368280.0921611491
2019-09-04,853605.9145930056,720876.1765496038,495951.3073642251,427048.9392513647,1045131.3787637281,575315.1301900843,736862.5164347674,257179.73884226175,373596.51339241763
2019-09-05,853598.0583452455,720869.5418933175,495947.01055047795,427045.23939267773,1061246.042646008,583265.2033576329,748447.129055811,260485.89411197792,380440.3875417632
2019-09-06,857800.5654393742,724418.5885835368,497999.5551126323,428812.62454726594,1054324.1250125524,579847.0600664145,749009.1045465065,260687.0689374835,380063.4733541391
2019-09-09,832344.4590588167,702920.7283605254,485274.4156515315,417855.38493926974,1034219.709046718,569941.1938288884,747756.9622093488,260818.2981880962,379269.99210499175
2019-09-10,836185.5123222064,706164.5247577844,487200.75606711727,419514.0994519604,1031894.373539043,568795.8481864716,751769.3959546937,260757.07363796805,378178.9326853872
2019-09-11,845067.0245697334,713665.0240883548,491651.50788177655,423346.5096363849,1044711.6242434259,575081.0091969064,764103.2086100783,262611.34087972966,381729.8021389698
2019-09-12,861949.4836051874,727922.3790482675,500102.42254011956,430623.34122642403,1062166.8155513573,583699.4779776322,766603.4699188732,263520.92898129555,383316.7949066337
2019-09-13,867210.4943148864,732365.3394593403,502819.89695581706,432963.27772711375,1062031.3273676548,583626.722652151,764980.9574014663,263346.00591847167,381948.01402289077
2019-09-16,869864.8665894818,734606.9754458505,504172.6250970103,434128.07174865226,1056679.8360544038,580968.303157352,767485.7231693501,262532.674280072,380242.00209479174
2019-09-17,877181.7891834447,740786.1678500646,507894.05770528305,437332.486827835,1072463.785439058,588814.2776485409,770365.8055969153,263197.39374392113,382067.0634526952
2019-09-18,878350.0280095023,741772.753725148,508486.41529169446,437842.5483503641,1073525.8491065812,589337.0193692506,771789.2734189171,263354.786068828,381908.3611489919
2019-09-19,878958.697392943,742286.7792847374,508791.3338599235,438105.10467229877,1075599.5630199467,590350.949366874,770916.4380596766,263337.31445650273,382543.14009443595
2019-09-20,878026.553795674,741499.5774848122,508314.753260305,437694.7352741082,1065914.5351034359,585521.1136353189,767951.2483102819,262093.07550633675,378496.33729279385
2019-09-23,877984.4127546053,741463.9890803248,508292.186386127,437675.3036090701,1069014.6996833761,587074.7084105123,765791.5237384863,262031.49620265883,377901.2112212487
2019-09-24,876663.730834463,740348.6639440359,507611.1106592322,437088.8495310154,1064580.166002292,584857.5696570459,755094.7640225143,259975.4037538838,372882.3681604373
2019-09-25,879213.6321029357,742502.0734337908,508926.33160281926,438221.34721879254,1072441.283828431,588805.8221113716,757446.8539546395,261513.1421408785,377068.0468288333
2019-09-26,873484.6785133724,737663.9319815452,505935.47717122425,435646.0113067734,1069658.2680677525,587405.9312297803,751181.7917850225,260968.3589396416,375679.4395081409
2019-09-27,862899.879829133,728724.9953193269,500392.9621342666,430873.5162408833,1050737.2686077917,577904.5887270197,745221.1866755576,259562.44105917582,371017.65392863494
2019-09-30,870846.2849712317,735435.7901465646,504557.66135498544,434459.6150334464,1043113.769615202,574065.6048432896,747041.304927456,260766.23810467,374548.69694526814
2019-10-01,854131.9252830027,721320.396263346,495781.7527408269,426902.9408015324,1023365.4886017374,564277.0354695036,737293.5706597138,257664.50956799882,371493.7608397449
2019-10-02,844330.0180176952,713042.616890557,490644.0465969112,422479.01464917505,1017795.8369670734,561519.8283061476,728858.2136900042,253112.81458510083,365106.1368951906
2019-10-03,857862.8064551918,724471.1515575509,497709.96076866076,428563.2634596551,1020611.1054759867,562914.1457159875,734608.9749288022,255186.67427415942,369113.2868229338
2019-10-04,877498.2650496353,741053.433936779,507909.13933361025,437345.4731700092,1037580.4994011576,571310.7556901944,746022.1494378622,258639.874890248,374548.69694526814
2019-10-07,886755.0437408624,748870.8484087478,512637.4192218094,441416.85453498684,1048136.8357608778,576522.0654611099,750225.7532066063,257523.82022272606,373417.984651765
2019-10-08,864962.2450671865,730466.6772149657,501727.58427268517,432022.7197212452,1021264.9500224226,563382.8605163031,736633.348842058,253525.89553099213,367823.84195635776
2019-10-09,876592.9148138402,740288.859318374,507799.93394702807,437251.43965541216,1031314.1506526715,568280.8811885092,743050.5599310809,255933.4896219805,371414.39455320855
2019-10-10,887791.3708007898,749746.0338729578,513511.0294520845,442169.0943549419,1035176.1051140835,570110.7231079272,747509.6717388686,257664.50956799882,374290.80191807915
2019-10-11,897647.7162643872,758069.7866856804,518496.11763374053,446461.6057132944,1037154.974156124,571051.9328139772,756419.6689781876,260335.68554645346,379111.28980128845
2019-10-14,906665.2514468287,765685.1583379719,523021.1565701548,450357.98233167024,1032582.8416719515,568877.006144782,758172.7244940866,260045.6745195306,379071.6066580203
2019-10-15,914887.4318498626,772628.8473055748,527122.687862081,453889.68909706245,1042323.1279813757,573519.3946885965,770927.8099533097,262620.23928126926,383892.0945412294
2019-10-16,899098.5536906479,759295.0290589557,519273.9290077478,447131.35598368436,1043730.5251533019,574187.4167486454,767417.8228992958,262198.4373106133,382939.8807190095
2019-10-17,910815.3759227472,769189.9675400397,525089.7288552998,452139.1684824452,1047149.1407158033,575808.7442761648,776984.2459898712,262971.71136068675,383951.6041214471
2019-10-18,910341.0276011132,768789.377058406,524856.1865273883,451938.0721209195,1042994.2070119994,573834.4890982206,772972.3725430996,261820.62478012667,380261.8588011105
2019-10-21,921010.0368806693,777799.4301584781,530073.9973569296,456430.97403867455,1059158.8558813438,581568.0519337581,781839.0498269518,263595.54547792685,383634.19951404043
2019-10-22,901918.2767132013,761676.3049108181,520721.97636258206,448378.2265487691,1044488.9777995158,574522.4935874038,776516.6536700708,262734.52904988127,380579.26340851706
2019-10-23,897079.0622069866,757589.5543493407,518300.027657512,446292.75845933467,1042963.0026321289,573783.2513356272,776039.1894217064,263498.9046984151,381313.23507744685
2019-10-24,901631.2823635741,761433.9361714341,520535.2602875043,448217.450882652,1057251.0514797366,580589.3019316803,786990.9504890835,263929.39813104004,385022.8068347329
2019-10-25,896913.4604968807,757449.7025446959,518174.24691666965,446184.4523995313,1059246.4494000666,581563.7160644571,794495.755394387,265010.30263434065,388097.5996465748
2019-10-28,907920.0296704691,766744.8273407421,523707.9567609007,450949.3655755101,1069514.1140315905,586560.3833770244,802791.9057945098,266504.0220183703,391926.22083366534
2019-10-29,907733.6368502715,766587.4172979303,523598.0845273248,450854.75785877457,1070645.9063434252,587111.0408591982,798185.9329955773,266424.9415395713,388891.0808957221
2019-10-30,901519.1222654948,761339.2161826398,520303.65356327366,448018.0212119616,1075900.8685081578,589639.3129673057,801908.0552948344,267242.1163414266,390775.6518338433
2019-10-31,901619.2489636517,761423.773880875,520358.30831809645,448065.0827978987,1071693.2014124403,587478.7465282811,802288.2244370395,266530.3624694394,390954.180574496
2019-11-01,907485.5049965472,766377.8682086668,523743.9448480918,450980.3538484161,1071415.4348463826,587334.6251474534,811287.1137901904,268999.44717571826,394505.0500280786
2019-11-04,910196.9532444712,768667.705254615,525308.8233985483,452327.8242857485,1071799.0421348386,587498.4180375414,815322.7524389821,270080.2334278357,396945.0638944767
2019-11-05,904191.9888815816,763596.4707701392,521843.1330852864,449343.6213003427,1065727.149668442,584170.156788682,806958.4560606816,269781.59006453556,397163.2757783976
2019-11-06,906222.339720691,765311.1162815277,523014.9247580414,450352.6163033665,1076411.7516684015,590026.8393621558,807367.1109485399,269842.9919914385,396270.5715363953
2019-11-07,910505.9794735761,768928.6800706072,525487.1740337946,452481.39672011003,1081216.7825546484,592660.6801600247,810192.9935150609,270791.98729982285,397599.6692768701
2019-11-08,913931.1941293379,771821.2978497195,527463.9939674275,454183.5776463697,1082099.9126262749,593144.7611300623,818001.9962677293,271459.78129443654,399186.6620445339
2019-11-11,922961.9154308672,779447.8052719829,532675.9621732498,458671.44865438715,1087086.7519279113,595878.2588153031,819545.2689524895,270941.36810706457,398651.0758225758
2019-11-12,936818.9076515884,791150.1323057803,540673.3524670346,465557.76388539386,1099062.1394228213,602442.4755500305,828043.8794657646,271512.4917593706,399801.6145530285
2019-11-13,942380.9382148249,795847.3060925736,543883.4090602428,468321.8482676933,1106170.6726201163,606338.9634584911,837167.7105909567,271600.32282573025,399900.8072765143
2019-11-14,944239.9136357637,797417.2238623971,544956.2935470776,469245.67723081674,1106950.772435506,606766.5691844117,836137.271861066,271995.7547825213,399583.4026691076
2019-11-15,954333.7445225271,805941.5347791715,550781.8221953651,474261.8669109109,1118573.4557486803,613137.4538292051,846850.0469998372,273964.04572773253,402519.34988356504
2019-11-18,967729.8003298705,817254.5977818421,558513.1887850385,480919.1170321587,1125160.85554543,616748.2864642695,855027.90649213,274166.1074371125,402836.75449097174
2019-11-19,1007362.4145988515,850724.6182590438,581386.6579783099,500614.78193099453,1130644.6589094694,619754.1911857226,860879.4228879015,274087.0269583135,403431.8502931475
2019-11-20,1002735.7051250198,846817.3296865509,578716.4102904419,498315.51096283697,1121635.5656536159,614815.9258694706,856649.1139422585,273067.7904470781,401011.6931330682
2019-11-21,971844.4420376661,820729.4415375835,560887.9029461044,482963.9128587854,1115974.8340582182,611713.039296063,849679.9337553225,272628.3690501178,400119.0191604351
2019-11-22,972683.3806370731,821437.9310636767,561372.0858990216,483380.8284175845,1105424.6453718864,605930.0343487255,851356.644220663,273234.76111782837,400376.91418762424
2019-11-25,1000445.5785106315,844883.3017125508,577394.6922678209,497177.41883329005,1137617.0741953116,623576.0671058336,867905.3121314764,275352.40330748557,405118.03578429716
2019-11-26,1003938.7525412134,847833.3116599268,579397.1541899276,498901.679314166,1142057.2994456585,626009.9424945568,864978.4808443408,275976.14873633825,405891.69059649506
2019-11-27,1007395.7718028539,850752.7886515758,581339.7637528043,500574.4027063372,1149572.3061947697,630129.2357604383,870715.7702962167,277206.3453584932,408728.4148180974
2019-11-29,1017730.6026010426,859480.6256823649,587220.598327424,505638.2146768132,1130463.0483091143,619654.6427291436,869121.3174002508,276178.26957130985,406863.7308556643
2019-12-02,999835.8224587874,844368.35845388,577029.6000421931,496863.0487623412,1113163.8466491606,610172.2181243484,859772.6332755354,273832.19565840776,402697.8786242178
2019-12-03,1014308.4362920247,856590.5822534391,585241.5159292406,503934.08560953237,1079956.245018166,591969.7261850286,855168.8654818893,271995.7547825213,399543.74979520874
2019-12-04,1009984.3641904544,852938.8730625637,582814.9204379801,501844.6163105354,1076583.1849863592,590120.8092195077,856171.2624987422,273674.00513801386,401567.1360613451
2019-12-05,1005704.6236526978,849324.6021879843,580345.2815708406,499718.0836391107,1072061.5808107797,587642.326597566,852260.6152029443,274166.1074371125,402360.64757986175
2019-12-06,1025515.7268902917,866055.2176991894,591777.3462310313,509561.89494496956,1086819.627358105,595731.836532757,859867.2693347506,276670.3127448169,406665.34540869284
2019-12-09,1007901.2815378436,851179.6951651534,581612.870491969,500809.5668071894,1074221.843850436,588826.4582010193,852856.0160525568,275800.45704082324,404820.48788320925
2019-12-10,1016936.681958368,858810.1541361971,586820.6064532815,505293.79355517216,1086744.6392741546,595690.7323901325,855584.7646191624,275492.8857131876,404483.22656948393
2019-12-11,1012170.2638684923,854784.8806584416,584098.14263914,502949.5608316851,1102142.332892483,604130.8599574949,858792.5288124115,276274.93991361745,406625.6622654246
2019-12-12,1021185.440606277,862398.2605876934,589234.1138047614,507371.9930457683,1087936.9867511273,596344.3085074215,861436.9210298987,278656.1639907409,409660.7719339986
2019-12-13,1024403.3164260461,865115.7792668754,591064.3747151259,508947.9763504163,1090733.4720354544,597877.1804507803,860760.9752839685,278823.1937870828,411009.72638079216
2019-12-16,1051488.2493376906,887989.1949094535,606447.5662195049,522193.9856192681,1103121.6874593927,604667.6856460223,873417.248697921,280738.6560161766,415135.89546897047
2019-12-17,1045468.0948037594,882905.1322190874,603013.0758830662,519236.6480071541,1093006.6340340925,599123.1967520106,870738.6834291808,280800.2057570588,415373.93378984084
2019-12-18,1054912.6643358655,890881.1373721301,608230.5105919946,523729.2260586218,1081642.9562679557,592894.2840097524,868963.1954845758,280817.73649497575,415691.3383972475
2019-12-19,1062299.9738146684,897119.7719938303,612297.5883925756,527231.265946008,1092356.6279585133,598766.9009109945,877086.8698694326,281968.79351274006,418290.0242979796
2019-12-20,1072641.2337481508,905853.0384744272,617985.380115008,532128.8544505255,1106093.156523618,606296.4736051928,881797.1727034212,283205.0505080366,419976.2097891292
2019-12-23,1088178.8381756912,918974.6542938371,626520.4636645778,539478.1613726843,1107591.390191568,607117.7188901467,880105.7533275991,283637.70202475577,420174.56496673124
2019-12-24,1090755.0129940899,921150.2519806174,627934.8894908507,540696.0814382039,1116373.4382847524,611931.5311432335,884036.6008228458,283646.54130070383,420392.77685065224
2019-12-26,1095361.091565043,925040.1176110575,630486.9203675953,542893.5594217635,1123003.195807199,615565.5818405095,887017.3659163091,285156.40197124716,424102.3486079382
2019-12-27,1093686.222022282,923625.678545484,629540.667465142,542078.7691545419,1117549.2758962722,612576.0575045008,884118.5031958297,285085.80601484637,423745.29112663283
2019-12-30,1078660.0319862606,910935.9557634676,620964.8161406476,534694.3583123437,1096085.192645255,600810.6850243375,874510.4769960452,283514.0112870754,420968.07648524793
2019-12-31,1087336.2658153938,918263.0960312082,625955.0504800341,538991.3008742587,1096646.740304697,601118.4930635365,878580.4063445915,284202.76530392026,421761.55773439526
2020-01-02,1098526.7180521644,927713.5113626793,632345.7566339242,544494.1481166427,1101083.694724014,603550.5755713369,885245.61302139,286860.60846146336,428803.8173307122
2020-01-03,1094273.409166681,924121.5622036654,629897.4212578328,542385.9592485698,1093921.6064394498,599624.7318528674,879291.8367451685,284688.4229135317,424876.00342013605
2020-01-06,1104512.9854329939,932768.9561147855,635791.6362052974,547461.2926606577,1105863.1270636776,606170.3847223853,889935.879324013,285774.5009060996,427613.565187622
2020-01-07,1116263.9832978812,942692.7561572461,642555.8718984006,553285.7750941004,1118247.001078297,612958.5102074329,893525.3215125042,284971.0136787056,427554.05560740444
2020-01-08,1137862.7626153235,960933.076645091,654988.7933971826,563991.3944946581,1130442.918897912,619643.6089469019,903362.992113992,286489.77275078854,430767.6940166311
2020-01-09,1140147.3390199312,962862.4174280379,656303.8658222951,565123.7642975883,1128170.5027768565,618398.0014927435,906148.5698048994,288432.4031892344,434417.7864630689
2020-01-10,1141620.718913254,964106.6970727146,657151.9885926765,565854.0576228972,1121153.7324501423,614551.8126974389,904252.6719883182,287602.36857120047,433306.8703371455
2020-01-13,1159771.773182469,979435.3895972675,667600.2935423474,574850.7826631941,1120261.1320653711,614062.5406479433,909197.9669440078,289580.29698784667,438305.88696100755
2020-01-14,1150910.0419492158,971951.5954718677,662499.2085621713,570458.389907154,1110733.6922221002,608840.14762852,910650.6774225449,289138.74706958776,436580.0485959591
2020-01-15,1150246.9403395373,971391.6015157846,662117.5068864572,570129.7179320956,1121239.1706704705,614598.6450021056,916039.1930795944,289792.2031082323,436758.5773366118
2020-01-16,1157194.4833094936,977258.8502390835,666116.7262444292,573573.3269301888,1147771.0027537842,629141.865105696,923061.3381610204,292202.78304159775,440944.2560050078
2020-01-17,1156761.7303747763,976893.3873531822,665867.6203488307,573358.8292428211,1151176.446870674,631008.5331588816,919618.2180854608,293112.2824547763,443126.3748442168
2020-01-21,1181728.3549119341,997977.87672938,680239.1771112712,585733.7498845439,1152693.410236672,631840.0449840551,923829.6026033777,292538.3207740722,442927.9893972453
2020-01-22,1182077.7289454804,998272.9255489616,680440.2875476043,585906.9201075742,1160941.461962074,636361.1512269882,926587.0910358877,292573.6187522726,444098.3848340168
2020-01-23,1177736.9826367956,994607.1348733328,677941.6205021744,583755.3921340639,1164826.9308150425,638490.9411546843,925792.7416742112,292909.2451731345,445526.6752979774
2020-01-24,1164664.4695947894,983567.306003228,670416.6800389041,577275.8894186708,1166416.295429014,639362.1391681974,917568.04198134,290304.4081084836,441777.4203974232
2020-01-27,1136198.4420922014,959527.5463005253,654030.7593292074,563166.4598157482,1134904.3095247839,622089.0859743065,901526.4438483623,285650.92841960245,432652.2649547521
2020-01-28,1169036.1423815447,987259.2143063055,672933.149316045,579442.7463651178,1170917.2930721086,641829.326477529,916955.8583743171,288644.2797468242,439297.7536571263
2020-01-29,1175416.720095523,992647.6568979004,676606.006039513,582605.3341927719,1156220.0839400277,633773.1641045287,919330.2071602338,288405.9149241862,440011.8988891065
2020-01-30,1188658.1662300667,1003830.1509484584,684228.189585237,589168.5700380001,1157651.1038002586,634557.5666567006,921551.5049096867,289341.81391402544,441579.065219821
2020-01-31,1163242.3499918825,982366.3160330158,669598.0642678478,576571.0036940179,1123484.3581057608,615829.3272611637,909946.1892145308,284088.0025305752,434576.48876677215
2020-02-03,1227894.8742466308,1036965.8258211658,706796.4379721289,608601.4183666075,1139990.4909801215,624877.0372985686,941269.0666194601,286198.3722724625,441142.6414519793
2020-02-04,1306650.1693516471,1103475.2244180683,750864.7846703591,646547.3627216241,1171694.9629652905,642255.6002602428,971140.534758294,290560.3627946302,451239.8371538196
2020-02-05,1245959.4994385608,1052221.5283842965,720406.4332161103,620320.5810058743,1190064.6776273097,652314.4631227962,969301.780296464,293915.82880776195,452727.63719799777
2020-02-06,1265807.1506735908,1068983.0089354478,729216.0251817249,627906.2589712117,1199722.704825731,657516.7795227251,973656.7855231761,294904.79301608505,456635.59440225526
2020-02-07,1254329.3371900693,1059289.9150174006,724506.0784908697,623850.6637779057,1189513.4344264655,652063.7807626659,967579.6615825074,293333.0869767015,454671.6874469671
2020-02-10,1269540.7447818771,1072136.0553231977,730742.100942812,629220.3174791993,1206943.2809967615,661351.5447125154,979475.2144915542,295522.89195093745,460166.6374188885
2020-02-11,1261122.2367681486,1065026.56631259,727318.2969896757,626272.1815943235,1208772.4132570394,662318.884952394,976764.0504632719,296035.0378255972,460245.97343605553
2020-02-12,1289110.4080537881,1088662.7730914839,738733.8971849201,636101.8158384704,1221012.7160207527,668782.1490545667,988927.4877320707,297942.3111602509,464729.2302749086
2020-02-13,1273224.5339144918,1075247.041059983,732314.3516604711,630574.1358707302,1215238.74361729,665728.2170082821,985122.2259983432,297624.4815424684,464134.10420336353
2020-02-14,1268982.0251767666,1071664.212701433,730603.5712853495,629101.0337059825,1216127.391795565,666195.063640219,987951.6338934375,298101.2111877444,465463.2019438384
2020-02-18,1314550.3129653109,1110146.951060363,748827.0487977639,644792.7288897443,1231993.1599373359,674567.7368975126,996502.9031263093,297333.02193855075,465641.730684491
2020-02-19,1416093.2072110164,1195900.6368165426,789020.3845449532,679402.0164164442,1288254.9655456524,704271.0983537413,1018485.1702990494,298754.6376635931,470105.13081702543
2020-02-20,1387858.4098153412,1172056.1525594816,777928.5256922161,669851.1462260596,1265869.572466041,692487.9363490941,1007510.873048574,297527.30863263196,465740.92340797686
2020-02-21,1391853.3592660807,1175429.915365391,779316.5068667086,671046.2955874314,1265983.1862846303,692534.5117484478,993421.4700714452,294463.2430978262,456794.2967059585
2020-02-24,1314525.203779933,1110125.7461773579,751953.5558007567,647484.8712016294,1188231.537315086,655475.309982624,955879.2921517701,284697.29175227555,439178.73449669115
2020-02-25,1256139.5664576076,1060818.6663190867,730809.1610696102,629278.0609624604,1136625.6251298913,630475.061653351,920004.5337874906,276070.39492938924,427236.6509999978
2020-02-26,1244031.069460303,1050592.9557541113,726612.9824608505,625664.8562039051,1142480.1466763415,632977.8982863956,917002.352429327,275054.85376763047,429438.59627615614
2020-02-27,1123911.6709080667,949151.2819355081,686745.5388925805,591336.1847523146,1076873.3203484765,606260.8994160481,871113.9385061673,262701.71434652916,407934.9335689501
2020-02-28,1134435.0802331322,958038.3748537159,690335.2993051821,594427.220814938,1079326.235018921,607242.2046173017,871435.0371261655,261597.9578020652,408252.33817635674
2020-03-02,1183115.1057383511,999148.9975199978,704846.5013289333,606922.385843214,1136304.5571722207,629005.2531206021,911115.7339146441,272926.86459943885,429319.57711572107
2020-03-03,1169889.5911063289,987979.9577349598,700963.0138115338,603578.4300953902,1112361.8228223275,619940.9489301861,890664.0127848439,265112.2942798946,415552.4625304935
2020-03-04,1202294.306142398,1015345.9666601893,710338.5400157886,611651.4172233583,1149272.9357663505,633375.5835034117,932193.4560771439,276255.7240963392,432890.3032756225
2020-03-05,1156534.02660716,976701.0899257871,697303.9456652951,600427.7152020183,1104354.3089993894,617363.6161872953,902903.9854619928,267072.6328330322,419738.1411988896
2020-03-06,1113188.7523656595,940095.7020851872,684786.6727255717,589649.4632812042,1078629.5799080115,608257.3776499255,884976.5501849868,262657.51796678914,412656.22872867354
2020-03-09,1003748.5726016113,847672.7033682395,653085.2911149621,562352.3452202346,995411.6385338443,579445.4086052489,814880.5462311578,242145.44599911902,383991.28726471524
2020-03-10,1063215.9667995865,897045.6617850808,671019.878657972,577559.5049020076,1062362.378298643,602819.7547532911,850602.1149022831,254675.14921821177,404899.82390037633
2020-03-11,994102.4363996708,897045.6617850808,652722.8729275109,577559.5049020076,1008201.2136409602,602819.7547532911,807275.0665560061,242260.208772464,387264.4352541594
2020-03-12,875946.6848410495,896776.5480865452,621173.8048134306,577386.237050537,885914.8227494749,602638.9088268651,723005.9856017112,219081.46915270068,351755.61964085547
2020-03-13,913570.6462801,907883.7556661842,631611.8913853981,584795.1737290845,964292.5626202195,618558.7772706181,780878.921573141,237809.84027221423,381551.2733983172
2020-03-16,780895.6747960033,802404.4897687073,599152.7710678097,554742.0079098315,794622.033804664,572354.015511495,679522.3274043243,211787.8692023662,335846.06935968704
2020-03-17,833163.9333328073,845370.8287314932,613206.7948173875,567754.3108324377,859075.627930444,590643.7121301305,717115.3284197222,223222.7438413305,361317.1988513682
2020-03-18,762436.412779139,787959.8148625626,596965.8822534751,552717.2169875139,773579.8619197984,571664.8264925558,669198.747609917,211920.3105276072,350327.32917689485
2020-03-19,796643.4205089224,816241.5149765577,605113.0299791046,560260.4769143586,827128.0279614272,583948.9943696569,701483.4803160608,212370.62581482448,352430.08172956755
2020-03-20,789711.8804972927,810559.8656217195,603557.4091553049,558820.1627557459,834809.2940787235,585556.7402267237,684651.6276232898,203218.67895690628,338623.2840010718
2020-03-23,812469.8303682732,829246.8640015656,608638.0493695326,563524.212690932,855507.4070191347,589771.0351620269,679073.25051372,198022.76630905535,338147.20735933125
2020-03-24,837388.0853649222,849593.1060797448,614098.2809369912,568579.7176800624,964777.8857620928,611623.1615335933,741364.1826543255,215964.26449242156,364332.4820829926
2020-03-25,836681.4696832399,849019.5743352193,613946.4990624865,568439.1862732277,977280.5571264965,613903.5782567676,748976.5879193889,219197.28140529702,361634.6034587749
2020-03-26,870292.5451953589,876304.9507258802,621091.5833188749,575054.65828383,983542.7451249796,614964.0727598773,788846.9839847434,231996.22778725426,380678.42586263356
2020-03-27,860298.1030372301,868254.1598130882,619023.8669214752,573140.2064086641,957091.9695364691,610508.0812686364,764512.1060834082,225086.01295441712,367585.80363548745
2020-03-30,883699.9564611445,887148.7792580603,623864.140610161,577621.7064109244,985258.4799126632,615353.5753176716,790163.3745841071,232395.82809825492,380956.147326772
2020-03-31,878731.9626453195,883158.8733024503,622855.2256419191,576687.5748466235,1002063.2256339187,618176.4604892965,784599.9167392944,228931.91096868407,377702.8257742773
2020-04-01,860100.4374312379,868178.5630231339,619070.5334622163,573183.413903919,942703.1202301228,608359.1290426191,746970.8694542703,218628.83318601202,361654.4298957242
2020-04-02,878043.5793922696,882667.8952228691,622771.4521544221,576610.0108681063,946014.3466076078,608929.3904497137,761095.0643994001,223673.7834170453,368994.2373931293
2020-04-03,874043.7220786237,879451.1568111641,621958.7996098273,575857.5942456843,947722.3861404294,609220.1313388774,751563.8844899504,220440.76650416985,363757.182448397
2020-04-06,914081.2150088053,911679.3106975891,630102.6683470474,583397.8182312767,1021630.3641780139,621793.9293271097,805826.0043359763,235246.93803342368,389763.9284314056
2020-04-07,901316.6990904035,901494.5307171671,627579.9645850229,581062.1038394145,1024338.7972379101,622226.7132844431,806165.2275637792,235486.76621445437,389605.22612770245
2020-04-08,921254.8854758084,917448.2269014284,631516.7413812327,584707.0764909307,1053348.9969169204,626787.4653909581,829870.0873029379,243391.71000079808,397877.42101037793
2020-04-09,921628.5966651738,917745.9605023781,631589.1453551142,584774.1136937798,1060343.409544122,627864.2590974049,841396.3467637475,247095.48487419548,398452.6903756044
2020-04-13,948532.7541884495,939178.613071579,636809.0422950168,589607.0982836087,1085199.2872812715,631662.8248429631,845585.4896019225,244839.42967454315,402757.3882044354
2020-04-14,983288.2455882044,966708.8077351217,643414.7685020737,595723.1908675994,1134676.5726395159,639096.4113920009,875411.7576859897,252060.49730535113,420273.7576902172
2020-04-15,980866.3259338484,964803.9412246167,642966.8798329522,595308.5008726157,1141491.5480051914,640084.7990936071,863564.539587598,246704.67949494917,415453.2698070078
2020-04-16,1020921.5930163237,996323.4080683244,650325.112102302,602121.3218105733,1188715.1941512332,646873.7026176902,880507.9179118043,247894.81852877792,423031.14589465247
2020-04-17,1026426.491656265,1000621.2185262754,651306.8640449063,603030.30374341,1182705.7206723928,646034.437224427,897091.0245346201,254591.75257122412,427077.94869629445
2020-04-20,1032341.0886316972,1005233.9375320749,652353.0799369134,603998.9713899017,1173420.299220268,644741.4069857362,890783.1969511313,250106.39650212988,422019.45276158437
2020-04-21,989418.1087664838,971797.208888283,644793.0087485957,596999.2723590947,1130255.9969121974,638695.4732414819,859492.5604269473,242512.3498579507,406447.13352477195
2020-04-22,1013430.1949269763,990664.7659734819,649152.7017794054,601035.81359293,1151506.812120773,641755.0205091776,886271.6037833472,247894.81852877792,418508.2361819004
2020-04-23,1012642.844448426,990049.0350576466,649012.9493644395,600906.419990777,1171749.909725869,644615.728298692,886170.3427197771,247877.0365070965,417615.56220926734
2020-04-24,1027438.492512027,1001621.4603554518,651637.14577812,603336.10413474,1187268.78450395,646783.9278732315,900203.4240198836,251332.1291421172,424201.541331424
2020-04-27,1054069.2986202706,1022390.7712963845,656329.5978582884,607680.7394509282,1217956.011600008,651039.9174220059,916992.8546565381,254955.9366528411,427613.565187622
2020-04-28,1036082.5799138722,1008433.8481715792,653220.2114035308,604801.8288148216,1194702.6838495906,647874.5136139329,904591.0132119918,253783.53529649996,419559.6124582368
2020-04-29,1046890.8995687376,1016849.7606427495,655107.2424733087,606548.9882292246,1225752.1081820908,652153.2433287313,922441.449809437,260427.33021347292,434437.6129000182
2020-04-30,1043873.4905692325,1014505.1024781427,654581.6454076262,606062.3497863304,1228318.5501356826,652500.6815206867,916794.8642564777,258002.4418869341,434259.08415936545
2020-05-01,992182.3311172903,974315.600213143,645479.5342295354,597634.9107841644,1156974.6667622346,642864.0770369768,888331.4205661057,251172.3126679536,422019.45276158437
2020-05-04,1030437.8427008407,1004368.9003464078,652598.2672342896,604225.9847665034,1180269.0449907412,646160.6596933946,900366.3937242447,251865.0280994373,426939.10309890995
2020-05-05,1035173.5727559124,1008061.6373874178,653454.0517110678,605018.3362700106,1196172.298256869,648354.0090428558,908198.2585797707,254192.0931346319,431779.4174190685
2020-05-06,1048926.9928576406,1018776.2039507929,655919.9532808387,607301.4587959812,1212152.5499880752,650533.852457892,905319.4301387261,252469.0847062788,434437.6129000182
2020-05-07,1056006.6208438734,1024277.1065488267,657177.332669369,608465.6379509147,1235897.4445165582,653740.3121289597,926124.4922938293,255515.53081478018,440031.7555954254
2020-05-08,1067776.3567293165,1033409.9818771665,659257.3572989085,610391.4857400124,1247131.9603878565,655235.5758751661,939298.0843649227,259743.3653695497,446062.291789305
2020-05-11,1090585.244901339,1051069.8092849865,663255.2564277495,614093.0501777461,1271304.6712504763,658428.0118419923,951058.2161453211,259796.6079648084,450049.5850107294
2020-05-12,1081319.0446483446,1043925.4446398605,661652.0826504665,612608.7078143561,1268028.9671792458,658001.3820318147,939362.8006482263,254618.4182130472,440626.85139760113
2020-05-13,1074959.6325597053,1039013.8492137836,660547.3259423414,611585.8385494357,1239138.7427902012,654236.0902621462,927276.6882046673,250115.38359205695,435112.0749887304
2020-05-14,1070392.0776033057,1035481.9935325104,659749.5093135546,610847.1581661201,1248243.5802705898,655443.1096744145,935506.1682186094,253108.5575425038,440051.58203237475
2020-05-15,1077354.8093392914,1040870.5112461719,660969.6390261509,611976.8486880714,1274023.1041092698,658836.2952177627,947404.0968687934,254272.09006010112,442908.1629602958
2020-05-18,1091336.8141924283,1051677.3180018081,663491.1287801766,614311.439057368,1290215.0751152013,660949.7526527985,971955.8528296807,262017.1286838938,451160.4708672833
2020-05-19,1091718.2439659839,1051971.372805819,663559.1485464771,614374.4170215154,1290368.7835555077,660969.5539811226,967837.0203847159,259325.85000428656,450029.75857378
2020-05-20,1100181.5164495492,1058495.488655068,665068.3756800841,615771.7763110285,1292101.9542365754,661191.1771892266,986388.0015665957,263731.2978362989,459016.06841906643
2020-05-21,1087773.9528728349,1048945.5372153919,662833.4913526524,613702.5474279906,1280571.4798326662,659680.6625884819,977081.8312623417,261910.5843677848,454017.0517952044
2020-05-22,1088658.4051139092,1049627.842379037,662995.2617368337,613852.3269701616,1276710.6832968895,659167.9826626447,984472.5838817838,262407.9784073339,455584.2181259188
2020-05-26,1062157.5647313534,1029187.256218082,658141.2681673433,609358.1240403788,1281992.5620885682,659868.2098657512,982276.8728204855,265640.8770690261,454354.2828395605
2020-05-27,1050401.8625085342,1020074.6203400481,655850.2345271455,607236.9077778098,1281876.9448523761,659852.6743736952,988056.1312949918,269593.42286918755,456833.94957985735
2020-05-28,1053293.4414449066,1022321.0948683084,656414.4747247072,607759.3250230491,1281726.815963314,659830.9758282505,986397.2247212015,269096.02882963844,456238.8537776817
2020-05-29,1071316.637890286,1036315.670889054,659970.5946494957,611051.8560814125,1284386.9018037724,660191.2162622169,994786.3300968433,270295.03670221096,462924.025623324
2020-06-01,1076009.2262148275,1039739.8292381306,660885.7338078052,611899.1627429387,1296021.332930055,661768.879472151,1006698.1941536692,271387.55938426603,464312.6329440162
2020-06-02,1086653.1234568213,1050024.9491341282,662960.5253704186,613820.1653536538,1309284.9141276493,663561.0278885085,1012625.7766504812,273634.68661958294,467427.10889912647
2020-06-03,1073674.5500330175,1037483.8487544496,660425.4412160456,611472.988236354,1306499.391651357,663184.2264474945,1011095.9110316605,277276.20224499865,469529.86145179917
2020-06-04,1055586.499843012,1020005.4984228584,656827.2791958564,608141.5313521483,1333298.7066360703,666815.5745392551,1004735.4493336712,276547.86364456057,466236.8567560362
2020-06-05,1060093.6295871008,1024360.7048618945,657779.7484847654,609023.4011378128,1346927.9790901733,668683.1932357381,1018981.171750561,283635.7508802322,475481.06162851176
2020-06-08,1064979.4050515173,1029081.7938853949,658827.4661536615,609993.4592455808,1383434.9068758988,673727.6035351563,1032154.2235720651,287064.2074362256,479170.8069488483
2020-06-09,1087267.1264999856,1050618.2557747199,663736.1387293389,614538.288231267,1387472.1015096393,674267.8742524128,1026444.6777772849,284923.5358286303,482642.340385264
2020-06-10,1102227.9744554649,1065074.8135063,667394.8585506852,617925.8142147586,1444657.2918849878,682700.6705529597,1038696.7565143348,283333.7373582094,488434.83825827326
2020-06-11,1044930.353237318,1009708.5420564929,653257.3331053058,604836.1989594225,1330385.043600563,665696.8055689977,977131.3624800547,266999.8492297413,464233.29692684923
2020-06-12,1057464.3088536256,1021820.011507384,657330.5238080628,608607.4741636079,1361979.1368597583,671836.6824635924,987074.4546393239,270197.3907876415,467923.0422471859
2020-06-15,1078526.3956541885,1042172.1516190931,664148.6790490823,614920.2499885503,1395480.3241694144,678102.235397152,1002862.1188250844,272719.80677756644,473616.3473967094
2020-06-16,1121208.2215724967,1083415.2871895807,679903.5614602233,629507.3395009019,1425989.9290711805,684320.5838322187,1027163.0052451766,277968.97680207406,481749.66641263093
2020-06-17,1126243.2922024187,1088280.6390373276,681776.4108393022,631241.3684084396,1438094.9440225498,686840.8417498876,1027711.1197948983,276814.4018116081,483277.11933070794
2020-06-18,1131787.6360051369,1093638.0978194932,683801.0014574428,633115.8910993737,1451000.089740611,689510.4062079625,1032222.9548976374,276921.0348161045,484586.39063423336
2020-06-19,1138091.1458469247,1099729.1331812965,686121.7456934146,635264.6157310127,1460092.7272027608,691331.4181415346,1031673.9646836576,275338.42010506615,484507.05461706646
2020-06-22,1145873.150127629,1107248.8268835645,689023.9193211581,637951.6726942777,1484379.4933419144,697250.3358448639,1042927.9586085526,277104.7971548765,489466.38809766027
2020-06-23,1149913.3467724088,1111152.839290883,690516.9120027105,639334.0008715857,1489698.2498948248,698536.4741856061,1053615.1382012947,278380.52048258303,493632.21005973744
2020-06-24,1121761.0457788135,1083949.4771685053,679773.8903474079,629387.2799485392,1451860.8776297842,689405.1692114456,1037005.0450851839,271279.35955159145,483455.67834073
2020-06-25,1155903.7997654772,1116941.370114157,692992.1097017907,641625.7304735607,1490574.5275703603,699016.1859934597,1047880.6564387417,274187.57002687256,488057.924070649
2020-06-26,1128473.6114825127,1090435.7802117104,682554.2086315737,631961.5138035171,1442130.2113436582,687231.3652270361,1017966.6274057782,267675.29998847045,476532.4379048481
2020-06-29,1148467.1688384307,1109755.4081522932,690132.1454174876,638977.754187317,1461090.654420908,691883.1970269153,1039754.2061025308,271609.45772963634,481729.80970631226
2020-06-30,1191110.100294204,1150960.96028869,706145.1920567102,653803.8721230893,1497359.691899467,701136.1296926534,1058731.1229376632,275088.6440432444,491172.4000257592
2020-07-01,1208399.6237805223,1167667.7001188968,712554.6504258056,659738.2447522096,1481370.736923253,697102.1209767883,1074403.479563122,277015.5766371137,496905.388318551
2020-07-02,1225227.1159087121,1183927.982433964,718634.4971888347,665367.437445579,1469793.7791431756,694149.1220750101,1082184.1377656593,278541.0760266419,500277.72903148085
2020-07-06,1275823.5331740777,1232818.929617208,737462.6156593036,682799.9667600265,1487714.7844505194,699056.1809828703,1108920.136047293,282841.0142403987,512576.900278849
2020-07-07,1278018.792825822,1234940.192929668,738262.8007264312,683540.8400268673,1481972.0067851767,697493.1580767281,1105331.4277497642,279923.8462379864,509045.79672347696
2020-07-08,1299442.8211588513,1255642.0744915358,745996.770670246,690701.5479847057,1517768.3048280114,707310.4226192802,1122799.3725895707,282064.8430363356,515750.825275438
2020-07-09,1320918.8426055498,1276394.196618086,753699.3539090479,697833.1957018152,1522864.0267842025,708691.717721495,1124783.4648380352,280458.9919677883,520095.2062475373
2020-07-10,1334645.9738871914,1289658.6229696255,758631.3289123985,702399.5998785726,1506987.2989501045,704382.9658056201,1130558.4872009854,283322.7399981671,523646.1059704893
2020-07-13,1298926.9353864884,1255143.5778506198,745583.7632277351,690319.1537290105,1447097.4971265444,687610.8321720893,1106880.173655594,280869.3531364648,512874.44817993685
2020-07-14,1324561.9234953912,1279914.478981862,755043.072132583,699077.3140325381,1483343.5522112418,697878.0343652919,1124148.3560663967,284509.2723709066,516504.6536506865
2020-07-15,1324700.394256958,1280048.2822639144,755091.6142854905,699122.258114703,1503061.8263186654,703351.1927881108,1136073.4876652244,287123.1260882804,517556.0299270228
2020-07-16,1302899.2037319199,1258981.9516401233,747087.5978397937,691711.5202047107,1481983.1294065197,697568.6256626085,1124720.3846996222,286177.4418130271,514024.98691038956
2020-07-17,1308720.4883038253,1264607.0162578602,749217.6608859182,693683.6974326917,1486717.4780667736,698865.7683387395,1131193.3801770178,287007.18080310285,514620.1432513041
2020-07-20,1376407.6566557526,1330012.6309582258,775148.6472022801,717692.6115374933,1518269.9790011593,707795.4426227221,1152576.468503997,289326.6186369777,529220.3919595777
2020-07-21,1345499.6596747884,1300146.4599997026,763363.4819441464,706780.9934084564,1512888.6915729262,706278.0398139831,1143008.9259961199,289942.1751713903,523705.6155507069
2020-07-22,1348949.9896531818,1303480.4885704145,764614.3522301356,707939.145932474,1511423.808163158,705865.3895207867,1146802.3273993111,291592.45912204403,525550.4730761905
2020-07-23,1305203.7106538536,1261208.7797890962,748903.4308231826,693392.758920237,1460990.4553608005,691649.4635584241,1120897.8846569213,288113.3319340276,511823.07190360053
2020-07-24,1280620.4556270018,1237454.160626906,739871.5929954214,685030.3844247325,1456510.9725196185,690351.5740161671,1103859.8748591957,286257.7639292503,506962.900877123
2020-07-27,1312764.2291544413,1268514.453405303,751522.0693630055,695817.2971544213,1470901.5367019305,694431.4942498903,1113384.2294251088,288345.28162997426,516008.7203026271
2020-07-28,1266561.7666741707,1223869.3525276766,735079.8406057289,680593.8091964693,1447681.4033000758,687807.6053183386,1096191.3491482816,286516.40882981574,509442.5676174198
2020-07-29,1281234.7649836396,1238047.7632559622,740315.5390834847,685441.4240730297,1457703.6818356095,690651.333418689,1106604.2436678775,290040.14627671364,515314.4015075962
2020-07-30,1280125.2306201828,1236975.6283323125,739897.4453567999,685054.3205417845,1446181.9169337777,687108.7839952897,1103280.3700578716,289005.4484232683,518012.31040118344
2020-07-31,1269017.2484379576,1226242.06655984,735726.1470669582,681192.2097402713,1435083.13132289,683669.067991568,1105468.5911190612,291289.2039625971,527256.5152736589
2020-08-03,1348218.8881554366,1302774.030551374,765543.1145430949,708799.0659649622,1533369.9843671736,714186.669508854,1129422.131269907,293314.2554757688,534378.110887143
2020-08-04,1361303.7630190928,1315417.8492333004,770327.5972589067,713228.9103664979,1532742.2150406216,713959.1830485803,1133274.8023388076,294447.2496252915,536361.8442793805
2020-08-05,1373920.4832327142,1327609.2935079955,774638.295388897,717220.0883291103,1545806.7731572469,717609.0362822212,1146817.5251593087,296276.0928626542,537690.911750486
2020-08-06,1415650.5904913899,1367932.7903128096,788847.1059751601,730375.7048851122,1627723.1647456877,740420.3567761192,1166825.322644478,298256.4749913528,544812.5679027088
2020-08-07,1408518.3064732389,1361040.916538458,786429.1155708272,728136.9422242707,1639839.6955057897,743722.0709914167,1155704.0870422781,298470.657447016,538524.1064122708
2020-08-10,1424575.4547836296,1376556.8212682228,791819.0554695636,733127.365746154,1653297.600992496,747236.1361622493,1154778.6741525498,299362.68524786923,536222.9684126264
2020-08-11,1380088.9448728214,1333569.8327822809,776947.5614779129,719358.1856039268,1615344.779803637,737210.42272009,1134358.166519461,296891.5607086793,526066.2631305687
2020-08-12,1427694.0154060076,1379570.263541749,793066.935316917,734282.7494906326,1646239.741030081,745446.7592087663,1156773.0061416319,301030.88425278553,539297.7309550992
2020-08-13,1459611.6351802107,1410412.0256058706,803475.4458680467,743919.7541433754,1648419.26921423,746017.2156363002,1161639.3372840583,300486.7809958523,540527.696510827
2020-08-14,1461201.95452483,1411948.7395331531,803979.7220663461,744386.6520770813,1612365.6928529728,736592.1460911814,1154763.3213949627,300495.64983459614,539892.8872960138
2020-08-17,1546437.1449716967,1494310.8793747039,830983.2725906586,769388.6291385482,1632591.3172672982,741925.2388249906,1178771.9039196745,301450.2029485932,546161.4920801331
2020-08-18,1590502.637096845,1536891.0414599946,844595.5495996415,781991.9287389657,1652226.8157189724,747019.3599646932,1187486.3821945735,302101.560028735,551418.3734618147
2020-08-19,1620302.3144616636,1565686.251296292,853323.9841317025,790073.3889808928,1666020.5268246154,750586.3178542885,1185455.8799732001,300843.57437851606,547708.8017045287
2020-08-20,1620309.5215427997,1565693.2154459734,853319.6381703143,790069.3651534765,1653516.819374949,747364.4271444327,1190776.6272779312,301780.3011266381,555306.4739597534
2020-08-21,1620541.7144578535,1565917.5817580519,853385.2856984638,790130.1467159402,1643263.0395949264,744713.5465875709,1189560.3672712203,302850.8290886085,559154.9215837932
2020-08-24,1589998.1502495822,1536403.5595168602,844411.617595053,781821.630253385,1630049.3903057554,741296.2233865396,1187063.90637205,305919.71335913177,562646.3117265278
2020-08-25,1615716.1754821201,1561254.6988120934,852023.0755930694,788868.907169781,1654935.8384251527,747742.0555487383,1193181.8993207626,306990.12306991895,567069.9984464246
2020-08-26,1655358.0481229487,1599560.349810318,863568.8468148737,799558.8757716727,1698497.4759210525,758924.521416668,1206968.6574261694,310067.9353047776,579170.7842468213
2020-08-27,1665034.9179003974,1608911.0381546533,866351.370109729,802135.1511962074,1692875.6194355532,757496.4116041599,1208014.771751577,310745.869338355,577365.5795952365
2020-08-28,1679334.2829013122,1622728.4097552348,870433.3197201127,805914.5360749844,1706953.0960350821,761042.3550431413,1218368.4498095356,312753.1831740391,580301.526809694
2020-08-31,1751142.2951546416,1692115.9657159303,890986.620618863,824944.3728049846,1713039.095812584,762567.6582095342,1227943.6931127408,311620.24815010803,584963.3123892
2020-09-01,1771178.4674226332,1711476.7721337262,896664.6561775547,830201.5375865118,1712453.2436346011,762420.029724821,1237786.4423290198,314555.301643987,594961.3456369239
2020-09-02,1737911.3750772474,1679331.024614332,887446.0607028792,821666.2484070662,1751325.0285213145,772201.9117268099,1249801.2257029933,319104.8385427906,600595.1412062298
2020-09-03,1585259.2789185734,1531824.4228808132,844767.7646458802,782151.3787576518,1655584.7073091094,748117.9955394104,1192665.0287929631,308123.2354706249,570144.821527636
2020-09-04,1573243.0786641843,1520213.2566415237,841241.0080550634,778886.0345465048,1620515.1630585587,739119.0345411802,1184271.4090050445,305607.44154696196,562547.0887336726
2020-09-08,1457380.9878181107,1408256.5674082495,811554.9337976255,751400.3693943901,1585108.4593535257,730203.7628024269,1148987.2231195485,297257.31161847437,535508.8534500157
2020-09-09,1542038.1545614148,1490060.1671813738,835055.4209981529,773158.939305109,1633112.8520985248,743763.9536852756,1179099.249981241,303127.3890434365,551239.844721162
2020-09-10,1514823.4367629546,1463762.784828924,828243.4987963882,766851.9345103253,1602002.2809479814,735106.5009599742,1161939.197180614,297863.96975134726,540249.9447773192
2020-09-11,1489671.9806765802,1439459.1171472531,822068.8320755031,761134.9501612199,1587999.1056520222,731202.3667526479,1161028.3796522452,298015.715582254,536500.7201461345
2020-09-14,1588449.1079479372,1534906.731293685,846687.1649194972,783928.5080862392,1656448.7689914207,750314.4636290157,1188352.106243968,301940.91579628864,545844.0874727264
2020-09-15,1619849.3329478013,1565248.5385793406,854193.5919961878,790878.5392466236,1701100.238275284,762547.8722934513,1201092.1738409193,303466.3856230211,553580.6355947048
2020-09-16,1617056.9132743482,1562550.2439144792,853556.0863456549,790288.2871745182,1696098.1781110906,761226.7838488411,1197095.2696641125,302262.0564472023,544752.9977837524
2020-09-17,1591722.5942030929,1538069.877070717,847783.1081296199,784943.217132573,1658575.532556176,751442.447521537,1181926.4512171415,299603.59247094713,536242.8251189453
2020-09-18,1622342.106793381,1567657.2876768275,854817.161789709,791455.8884237182,1694388.0821853422,760891.7349445188,1179744.4103525009,296154.29414390575,529398.9207002304
2020-09-21,1622576.2108017723,1567883.5006643918,854867.305065593,791502.3149494563,1688158.9326596444,759275.8684912766,1169994.738814407,292858.2493503575,530668.5391298571
2020-09-22,1590616.7813323676,1537001.3381982192,847578.6738921169,784753.9360929548,1682709.3867091746,757848.1687490413,1174930.3766936613,295840.8102571076,540527.696510827
2020-09-23,1498746.4783380795,1448227.7377307215,826277.2656261543,765031.443661338,1589992.7497599514,733348.9730219027,1145303.943246049,288979.93573048187,524023.02015811356
2020-09-24,1481402.4416903213,1431468.3222321414,822093.925420805,761158.1835224429,1567156.1621156526,727007.1056418369,1149667.5397867535,289750.25350097404,526463.0340245117
2020-09-25,1532169.1031763812,1480523.7751581252,833922.9771674523,772110.4351592157,1609528.4647414826,738136.8981374414,1173578.012280179,294434.68543707114,538702.6351529234
2020-09-28,1594780.4183670369,1541024.630149595,848342.1861984967,785460.8548795442,1676463.0270216854,755609.0764109816,1192949.357515564,299324.992683208,549890.9205437377
2020-09-29,1600322.1235301103,1546379.5392336105,849576.3161916935,786603.5079448512,1676764.7581965567,755675.5655581884,1196517.2048509899,297694.9001220943,547411.2538034408
2020-09-30,1625522.5772488574,1570730.5529683402,855127.2169405923,791742.9614796556,1683585.7176431108,757367.8535931918,1206474.0755073966,299952.07870798756,551160.4784346257
2020-10-01,1662487.2519689589,1606449.247236904,863303.8773985098,799313.5465782408,1724794.8635886507,767592.0512003634,1218640.0797979787,301877.6809760452,559908.7499590417
2020-10-02,1617531.1548731208,1563008.5000956643,853497.9033096012,790234.416816564,1670243.5271154784,754194.562634977,1200355.6781450028,299011.5974847973,544157.9019815766
2020-10-05,1700689.6768754802,1643363.9704391554,871893.6472316008,807266.6203096696,1744482.663191701,772682.2643930297,1227533.039430371,304313.92141617613,555762.754433914
2020-10-06,1701146.309925152,1643805.2116083973,871983.9200126018,807350.2018371368,1726280.1955356826,768303.7126631973,1217882.4397757382,299987.8496909209,545844.0874727264
2020-10-07,1805321.8452532012,1744469.2678951707,893762.781074955,827514.7570209294,1800542.3211158256,785763.3347118371,1248130.7743143118,305209.6150037101,555286.6777921733
2020-10-08,1790484.1928736395,1730131.7531457013,890730.8273922359,824707.5396382181,1807812.6732263218,787475.9188339959,1262588.696959652,307914.52213218703,558242.4211742108
2020-10-09,1818212.7068049058,1756925.6129356783,896262.351320046,829829.0526123564,1840852.15447863,795144.6488917997,1278220.8146485623,310664.18733352446,566772.4505453367
2020-10-12,1814198.9049110822,1753047.1055827623,895468.7410710237,829094.2668209865,1880979.338261548,804394.1177851615,1288930.5846117164,315662.1327192155,584268.993594169
2020-10-13,1814599.8931466565,1753434.5775759618,895548.0777154703,829167.7228268107,1857496.0407922047,799024.6718871972,1283920.9426380622,313602.0492930057,584249.1368878502
2020-10-14,1815962.5978702111,1754751.3491630934,895811.4802915513,829411.6013182402,1839268.9341101113,794853.8850404911,1276135.579248485,311631.6002637001,579369.1696937926
2020-10-15,1783680.6940815256,1723557.5821256083,889293.7497311732,823376.9819145184,1825488.7945769576,791683.9240168391,1267416.2240321916,311246.4561598519,575481.0691958541
2020-10-16,1790742.1199972823,1730380.986234934,890742.1545810325,824718.0272262931,1818154.4120545448,789993.8651617841,1270270.5666300065,311058.259401708,572326.9403668451
2020-10-19,1774610.1688826412,1714792.800103651,887447.8129155734,821667.8707411935,1814850.0844803723,789223.9392404994,1257507.8740800354,306329.21720672963,562983.5125015144
2020-10-20,1783300.188103702,1723189.9019879592,889251.3514428375,823337.7262976891,1862572.5197917235,800453.3706712376,1260538.2429029322,307556.25060973264,564193.6213509234
2020-10-21,1680620.705704438,1623971.4706817248,867908.5693654981,803576.9267893027,1840317.9891513756,795273.8717228306,1244108.4713191597,306974.04090899683,563757.1975830817
2020-10-22,1686079.198625953,1629245.9723865837,869080.0046756315,804661.532264667,1860533.5625430772,799967.5140291749,1250187.0514676778,308657.90819569386,563737.3408767629
2020-10-23,1699812.898758599,1642516.7461707054,871978.6979192534,807345.3668189421,1863303.6094650838,800608.6787430635,1248036.890576635,309705.85018166335,564848.2267333168
2020-10-26,1670445.3081559928,1614139.0586059773,865807.365276366,801631.4694172936,1848103.8639455321,797092.623182177,1227408.9571875888,303982.49291231966,556377.7069424085
2020-10-27,1692098.8176340437,1635062.686116417,870404.9367695948,805888.2569426476,1857079.5313451344,799180.7729149386,1223901.894021598,302934.6691775334,560722.0879145078
2020-10-28,1640391.334121832,1585098.1237618309,859526.2386543351,795815.9162520611,1789927.065125181,783564.2335426682,1183753.9890554177,292580.6251348802,538861.3677259962
2020-10-29,1664456.7233878616,1608352.3330347682,864831.5789635568,800728.0109262414,1795305.8559079415,784913.2835049985,1195908.9162215525,295554.2876400907,548284.1013391245
2020-10-30,1592310.722892107,1538638.181512527,849217.5543935602,786271.3385051553,1739313.3593658207,771135.3247348549,1171934.923040773,292473.1939348968,534378.110887143
2020-11-02,1626066.0257703636,1571255.6832917477,856705.1822773402,793203.9639177476,1712069.5896430549,764322.099439687,1181326.8376171896,295751.32367418247,535568.3630302333
2020-11-03,1681710.59782605,1625024.6254510384,868749.6146304739,804355.6315897565,1756026.3860054838,775660.9575817101,1208461.933872101,300973.14811256324,544832.3640702888
2020-11-04,1746672.5049483776,1687796.8401986351,882499.5868220658,817086.420047388,1900941.9254384274,812490.2024143811,1255850.2926969596,307699.6006066285,569152.9548315173
2020-11-05,1843864.1934233217,1781712.4564557471,902463.1168444168,835570.2012536904,1968297.5870856377,828855.4765123153,1285902.2703409712,313700.5820914495,583991.3023993999
2020-11-06,1864348.5519491977,1801506.3419697867,906534.286053744,839339.6048028016,1986971.398476314,832937.495998833,1290159.8589203255,313628.9514371953,584427.665628503
2020-11-09,1917921.3061497523,1853273.3017199812,916968.8201021076,849000.704023417,1957373.5149863097,826560.9545959453,1288699.7073152445,317569.9381841939,572485.612401179
2020-11-10,1900572.8240211443,1836509.590585837,913636.598600108,845915.4754538734,1940009.4568624343,822792.6339862467,1277708.308981817,317104.1172105728,562229.7446650048
2020-11-11,1963719.6089020958,1897527.8660145914,925758.377235895,857138.756300711,1995278.1606479692,834884.9371507564,1301192.2325963255,319459.79903211404,574806.607107142
2020-11-12,1969880.3857159168,1903480.9794975584,926946.0155844113,858238.3638030721,1993231.9513709594,834440.2743215311,1298480.0258679749,316360.70158427017,572108.6982135548
2020-11-13,1998354.5105326998,1930995.317621641,932415.7250936091,863302.6442042263,1997948.9747520522,835450.0816905037,1312626.0781593616,320740.5480351087,577127.5412743662
2020-11-16,2063964.815993424,1994394.0749315296,944938.7985521874,874897.4748569044,2043366.6657366692,845162.121411647,1331196.150151562,324744.17834643443,581630.6548195382
2020-11-17,2022771.0980641507,1954588.8872045286,937227.6173185833,867757.8664507505,2038601.7516900948,844150.9431987834,1331136.8305377022,322997.6674954103,579785.7367553158
2020-11-18,2017554.7712449217,1949548.3888294778,936246.5519269969,866849.520179983,2027477.8185421214,841799.4048855485,1321725.5262275967,319110.3963484034,575500.8653634341
2020-11-19,2043338.4338321674,1974462.9530195103,941099.8327201498,871343.0631662661,2043030.4744163994,845099.6480957251,1331631.690931725,320453.96629250015,580003.9789086061
2020-11-20,2039356.7604855993,1970615.4912463375,940354.173209374,870652.6738795944,2022294.2785552507,840709.7790519663,1326864.8335931592,318259.51995932154,576036.5121241311
2020-11-23,2103691.1893786024,2032781.3783797151,952433.8748296662,881836.9965688642,2018904.3608002882,839983.0914623971,1349340.823254352,320167.3845498915,576056.3688304499
2020-11-24,2129340.6571786995,2057566.271130437,957158.8708025761,886211.7635397428,2048309.6946917528,846272.2148923398,1375586.2929062275,325326.35848437453,584149.9744337338
2020-11-25,2111867.618612107,2040682.2020231402,953977.0518973734,883265.7893349805,2052993.8647337363,847266.3127838013,1370479.5307688715,324824.9143417991,587740.5270305848
2020-11-27,2158026.2766844295,2085284.9750224082,962518.2630053096,891173.9036403754,2060924.0363372052,848945.6280260234,1394030.3048012906,325729.3880796894,593156.1409853391
2020-11-30,2135693.9431114006,2063705.404764082,958440.1018101366,887398.0263696112,2071410.582880299,851160.2539290488,1390672.4926827508,324287.4035883321,594366.1892960094
2020-12-01,2097314.3525944487,2026619.4877309154,951344.7826403253,880828.6307278161,2116277.174284769,860650.5390061095,1394031.980834644,327834.2887043513,601983.7182575528
2020-12-02,2105180.8093483043,2034220.7872390389,952929.7811644133,882296.1450350931,2119833.6048768153,861432.923457149,1398683.2780955674,328523.9591678663,602757.4033391201
2020-12-03,2147583.6151226363,2075194.307689336,961400.0186795936,890138.5464951916,2113719.301009843,860071.4476159768,1402149.870804494,328434.38389655383,603610.394168485
2020-12-04,2217172.0233791135,2142437.076575313,976197.6590758567,903839.3472627834,2131401.2603711216,864038.5301310056,1421983.321160453,331264.72596766416,606070.204202463
2020-12-07,2395504.663749284,2314758.599968131,1014710.3320550097,939497.3606611929,2145936.8294217438,867318.4189814397,1440211.5532494353,330583.9539056887,609502.0847649799
2020-12-08,2587262.267114039,2500052.566711291,1054468.2305606178,976308.3002283575,2225347.0305172806,885373.18958121,1468862.6856157104,331551.3668358644,611565.1844437538
2020-12-09,2449881.386038872,2367302.42819049,1028560.2645768076,952320.7001291304,2173460.1243650345,873718.1695788635,1444698.0827659296,328577.76345624554,597718.7035719898
2020-12-10,2498865.292888144,2414635.218376724,1037867.6882953696,960938.2333717804,2205432.839696935,881022.8645777183,1448631.176725505,328470.21400507883,600119.0040257504
2020-12-11,2419595.6386772436,2338037.532478674,1023494.0627373597,947630.0183587982,2181137.0997068384,875532.3876160381,1442418.3300299004,328085.1290268223,598789.9365546451
2020-12-14,2396469.3350443956,2315690.754770538,1019221.9508233623,943674.5665013986,2158058.159492607,870292.4531341395,1438735.542411617,326616.18326568377,603134.3175267443
2020-12-15,2448067.1719569447,2365549.3664194676,1028698.6253038793,952448.8051989189,2238398.046961815,888752.7126083834,1460464.7613181712,331031.83026225143,609581.4510515162
2020-12-16,2466779.6854228834,2383631.1310379123,1032089.252116085,955588.1099250305,2228012.9762535873,886392.1814029956,1459576.578241836,331551.3668358644,612933.9653274968
2020-12-17,2548392.1411162326,2462492.6488381005,1046789.7954069832,969199.0106774787,2295303.21531616,901404.9295532415,1477002.7432456075,333405.39757525944,616941.0849858706
2020-12-18,2581648.8907104777,2494628.4022328695,1052697.572244768,974668.8877164102,2319004.159062325,906594.1104243578,1480470.7626954268,332074.1553170166,615076.3707540681
2020-12-21,2767762.6468249606,2674468.7607417516,1086946.0582114432,1006378.7867446078,2346430.6075814078,912937.9676191531,1500498.0648351067,330886.7951859943,612814.9461670617
2020-12-22,2869150.7216108674,2772439.3143359036,1104984.0200981598,1023079.7279382951,2405011.144073113,926536.6020467539,1515290.521031197,330329.1521685788,614481.2749518926
2020-12-23,2853683.8752462827,2757493.814050058,1102373.740099793,1020662.9286887143,2396866.226492599,924640.0055026312,1507659.379397524,330625.99220133433,611386.6557031011
2020-12-24,2861375.2609690297,2764925.9437039136,1103677.3856939152,1021869.9446776368,2396253.122792061,924494.643268892,1514944.7728938814,331912.2398843503,614084.5040579493
2020-12-28,2749836.385667286,2657146.7459663525,1084824.653081845,1004414.6256858412,2347569.914788279,913013.4261100456,1506601.995967544,334763.6602288751,620273.7425555324
2020-12-29,2658840.389601727,2569217.9818763053,1069086.7762897555,989843.2812917862,2290150.8404581235,899369.6768599232,1491693.3354482478,334124.9560253412,620829.1854838093
2020-12-30,2724169.9703048933,2632345.4769103928,1080346.9395146575,1000268.8119050255,2325461.94477861,907779.9055176779,1502774.9427402592,334601.71523341304,620849.0421901281
2020-12-31,2670490.156728084,2580475.0664695594,1071254.3544512717,991850.1929171435,2316722.4153650575,905673.0021060546,1501076.7283455848,336301.7238066238,622376.495108205
2021-01-04,2675425.676644329,2585244.2231922853,1072109.3336119603,992641.7987966859,2287628.3023996353,898493.3567245341,1493837.8893985164,331723.3927446986,613588.57070989
2021-01-05,2799821.96874953,2705447.448555239,1093552.0801229125,1012495.1531146298,2408717.749646346,928595.9749175264,1521620.7417186408,334007.9760423102,618647.0666446002
2021-01-06,2814935.7509285114,2720051.785506137,1096161.663597418,1014911.3074685112,2439468.560747985,936270.350037009,1520701.4287465413,336004.9724622557,610077.3843995756
2021-01-07,3224736.8401007866,3116039.5745481174,1165947.7567165806,1079524.6736924744,2591441.4700084417,972320.8252583796,1586488.1054440248,340997.09397717146,624836.3656809219
2021-01-08,3372535.8647719873,3258856.6888713688,1189254.1577898252,1101103.5436449265,2591351.364171301,972266.1334281119,1602683.9490181843,342939.9904807797,632870.4617039884
2021-01-11,3329072.832754312,3216858.679572509,1183540.0649731464,1095812.9942632418,2590332.735701029,972039.4936683276,1595729.7637961588,340628.268536612,623725.479824368
2021-01-12,3675920.701979131,3552015.2335623363,1229099.9481177789,1137995.8602637567,2748223.6846205643,1006879.9464690897,1630635.3617616997,340700.253944416,622733.6131282493
2021-01-13,3906016.003243492,3774354.636809552,1257408.428985257,1164206.0428342458,2904094.0610646885,1040562.9976460622,1659192.259642067,341617.7648752597,626939.1182335946
2021-01-14,4084531.824787148,3946853.166827777,1277477.506022286,1182787.5476357292,3084974.5233694646,1076971.2174080159,1668399.8936003891,340421.476779902,623586.6039576142
2021-01-15,3834189.114022526,3704948.840173378,1250533.3358399677,1157840.549490724,2932964.8792444402,1048203.6295992013,1646268.4067144333,337938.7931875493,618647.0666446002
2021-01-19,4499516.5385911595,4347849.854360707,1324976.127387946,1226765.447533238,3284083.711780989,1113380.9708627912,1728296.29750334,340592.2906141079,627673.0899025243
2021-01-20,4770171.699342728,4609381.952567893,1351365.6055923796,1251198.8689137816,3459463.776847284,1142938.0864154599,1769847.9821231903,345305.6349645098,642273.3386107979
2021-01-21,4796962.739251545,4635269.9380807085,1353631.5087722517,1253296.817451166,3476833.4697779925,1145424.2867889244,1781353.3800757986,345620.47873991536,647411.2008320445
2021-01-22,4898643.750338169,4733523.553875319,1362145.161058993,1261179.4156669364,3528878.810478573,1152744.2714700843,1786914.197594759,344397.2589375722,645546.5471389808
2021-01-25,5169540.736059722,4995289.32577867,1384487.7530141198,1281865.9165421769,3716541.5545029207,1178928.1137092076,1819302.9749904063,345755.46246559627,650882.7342684601
2021-01-26,5148462.509335419,4974921.589776941,1382800.5741514065,1280303.7957689783,3682636.3045926755,1174309.9495512752,1813286.2939811973,345215.73450244335,651834.9480906801
2021-01-27,4759051.680405975,4598636.759767739,1351767.7334505105,1251571.1900082137,3486586.3818312935,1147934.7046664539,1730830.7137317625,336778.48301469564,633663.9429531357
2021-01-28,4748788.133896672,4588719.169997157,1350878.3550065414,1250747.7346098186,3390444.0387606723,1134319.345926347,1737748.1933725397,339674.8683716516,637413.2281230593
2021-01-29,4557438.895891279,4403819.8037078455,1335231.8301346167,1236260.970893791,3222895.006269515,1111174.6049615738,1696235.4508062697,332874.745390421,624003.171019137
2021-02-01,4844371.922161507,4681081.084065514,1359754.7720938544,1258966.2085547615,3484591.842210569,1148514.8174986495,1759781.2424313398,338415.55239562114,639595.3469622682
2021-02-02,4929080.055468641,4762933.932455733,1366582.2627765718,1265287.6278541603,3541049.9415044673,1156000.0324759304,1795885.6619221936,343200.8230282353,650029.7434390952
2021-02-03,4931840.579946744,4765601.407027088,1366799.7898456838,1265489.0312506245,3531132.6442565694,1154725.1032484593,1794690.046920738,343470.70179120975,647450.914244682
2021-02-04,4941853.278468788,4775276.604226042,1367590.4024041896,1266221.0415481024,3539100.4380043857,1155777.3043457866,1803248.2832147952,347374.49854107597,655108.0960801243
2021-02-05,4884482.792281628,4719839.923890703,1363033.2222249676,1262001.651427411,3482355.1081054686,1148251.7150759185,1792957.4675184498,348741.7187218229,657329.8677932321
2021-02-08,4888016.400434036,4723254.423550622,1363314.8408152878,1262262.3957146828,3511716.026866739,1152180.7236382114,1811063.8250183205,351260.29154829227,661733.7583455489
2021-02-09,5109765.388129927,4937528.845166614,1380997.850819463,1278634.6949834037,3494119.5309042702,1149837.2610882558,1829727.7746303717,351026.44983341364,661594.9430175337
2021-02-10,5249224.586597294,5072287.246551544,1391792.8700602364,1288629.5592955214,3454062.2459609327,1144472.4150457657,1834553.0450069048,350873.46236508276,660087.2862670368
2021-02-11,5218640.582821997,5042734.1478531165,1389475.508393987,1286483.966508731,3467062.6574878534,1146225.6904309918,1832517.4832178412,351440.1811608127,663717.4917377864
2021-02-12,5490217.32736458,5305156.765723288,1410145.3101632153,1305621.668761404,3535700.1827666257,1155441.7059983932,1863263.3103111922,353176.2267821192,667427.1240338112
2021-02-16,4724296.014717271,4565052.614736423,1354033.875226377,1253669.3594562358,3483015.4288012884,1148447.7570497554,1791004.864316906,352870.39965943655,665621.9193822264
2021-02-17,4973444.565348633,4805803.033206033,1374282.6410997123,1272417.2340896968,3454596.461648029,1144637.2296363234,1810732.006404513,352951.313031576,662428.0771405798
2021-02-18,4758736.01793947,4598331.737439839,1358885.2141418292,1258161.1045018488,3414444.14638608,1139251.0980657323,1775350.651476001,351449.16825073975,659531.8433387598
2021-02-19,4813031.149088481,4650796.724741039,1362889.6457654042,1261868.7172288008,3454515.08497959,1144657.699558628,1782487.779864758,350828.4677898558,656655.40570452
2021-02-22,4608541.632577523,4453200.003636677,1348099.93831316,1248175.2613947655,3214797.14842142,1112645.914904023,1731456.5884596778,348130.03491366183,639634.9998361671
2021-02-23,4560710.324155855,4406980.960863663,1344519.167076371,1244859.9062438214,3171458.9228560207,1106559.8253131693,1722059.4908461396,348552.8420193754,637730.6327304658
2021-02-24,4591457.059028923,4436691.305429213,1346811.7973327271,1246982.6007772025,3302823.439228549,1124187.1429907344,1742765.8941399623,352393.64045136474,642987.5141121475
2021-02-25,4418012.116907984,4269092.729032771,1333965.415538275,1235088.42624417,3066881.1315816944,1093398.2698209216,1676629.397725785,343902.4368612588,620571.2904566203
2021-02-26,4474996.732149207,4324156.545101091,1338313.3562494577,1239114.0862709035,3159158.3352733687,1105886.0795050124,1666885.1819437814,342130.4133174481,623170.0368960911
2021-03-01,4613115.215139603,4457619.422946707,1348666.9334241422,1248700.229352071,3306343.3352768174,1124587.3794263199,1717234.3419538727,350423.75311517954,641916.2811294924
2021-03-02,4488475.590172548,4337181.066822726,1339514.604031015,1240226.2944396995,3169042.1757246144,1107691.8735752031,1684943.2338925325,347689.3423164815,631620.6999806806
2021-03-03,4331304.837136825,4185308.1200660737,1327703.333479584,1229290.506009664,3041097.216058362,1091655.5138216899,1642383.776461218,343083.96129638766,613291.0228088022
2021-03-04,4199968.1150817685,4058398.408108868,1317618.5674832852,1219953.249122548,2874874.411041027,1070604.2134057248,1608378.374804203,338838.3299385389,603253.3366871795
2021-03-05,4231074.681556301,4088456.4553137147,1320042.282173529,1222197.3117703267,2881865.470926888,1071501.0757701567,1629225.037784026,345071.82281242695,612338.8089865823
2021-03-08,4122021.809943483,3983079.464720884,1311621.384670485,1214400.5931122187,2763443.7180683976,1056541.1349977944,1607622.5237635886,343353.7513709746,595000.9985108227
2021-03-09,4228916.735346017,4086371.2477062684,1320164.5145321907,1222310.4839483583,3204154.1666927664,1113784.6519743688,1677671.3390512126,348256.03154941567,618468.5379039475
2021-03-10,4219651.515734028,4077418.33389984,1319424.2196484073,1221625.0616485607,3166950.1773762214,1109376.9465733527,1681117.6772672578,350423.75311517954,616703.0466650004
2021-03-11,4314912.61372962,4169468.4347260194,1327101.2639040567,1228733.0633984345,3466406.668826842,1140706.1917379538,1727538.0111719163,353976.75772993197,630906.5850180697
2021-03-12,4313771.048531308,4168365.3486414016,1327008.804569321,1228647.4573902877,3437974.606519884,1137904.658740989,1718750.8043967327,354453.4578124122,625788.5189644032
2021-03-15,4314431.362496942,4169003.4051869647,1327061.0882962404,1228695.8657112583,3479931.8835379286,1141911.9976919666,1728898.6001462813,356567.2568386137,632473.6908100455
2021-03-16,4253431.823966077,4110059.998169166,1322193.0038941866,1224188.6163981038,3288038.124895033,1123732.7200223655,1709278.0161152713,356117.5180259148,635945.2242464611
2021-03-17,4250832.451807655,4107548.243903238,1321982.6229878983,1223993.8294722715,3310786.0835007946,1125979.8146660323,1712122.0101707361,357331.8394267182,638563.7668535119
2021-03-18,4107888.135017434,3969422.1982253054,1310472.6118444435,1213336.9703186282,3071167.867185021,1102761.2776875875,1659417.4395983396,352132.83746670483,619004.1846646445
2021-03-19,4139110.0303646913,3999591.686874622,1313053.0326128847,1215726.1235821377,3171980.8556217426,1113090.021579333,1681333.2569625946,351481.2734469924,621186.3035038535
2021-03-22,4173786.913753546,4033099.705146985,1315881.900726941,1218345.3086272255,3158650.4753269465,1111787.924266517,1691099.2339036975,354287.8470302693,632037.2670422036
2021-03-23,4089908.61064078,3952048.715591772,1308968.3992820946,1211944.2539072973,3018100.50842449,1098065.4947679583,1660692.5087576562,351499.3658780298,629279.9091071376
2021-03-24,4032658.755485491,3896728.600138428,1304163.4458378414,1207495.456121003,2789412.214177248,1074958.5467838247,1624890.6624454444,349712.38355953794,618666.923350919
2021-03-25,4046991.647906678,3910578.3690394973,1305375.6706544496,1208617.8276784357,2806145.2572050067,1076724.4288524834,1632222.2387212857,351679.8467464665,617595.690368264
2021-03-26,4063207.241905171,3926247.37867643,1306739.3619832564,1209880.4386558721,2740777.5205912855,1069997.760738209,1643587.4219743577,357347.03470376594,626859.7519470582
2021-03-29,4035624.04431903,3899593.9370057257,1304401.7598855693,1207716.1057111137,2639266.0327369445,1059346.698527074,1634491.6551704507,357166.5833981251,626681.2232064055
2021-03-30,4025482.284930057,3889794.0292369425,1303533.2963563257,1206912.0149595172,2815697.2876896816,1078382.3390386936,1635866.2542169967,356219.0071039398,623527.0943773965
2021-03-31,4089478.6580488286,3951633.2555532847,1309023.520141838,1211995.2890654209,2948078.3222985524,1091928.9567767442,1662625.0966438288,357662.94273982075,633068.8471509599
2021-04-01,4106531.115797411,3968110.920498569,1310473.3464023652,1213337.6504292046,2912894.6544522042,1088495.3944344118,1679412.237788214,361525.2924499575,643860.3616478312
2021-04-05,4161211.4489663052,4020948.1256884425,1315105.9137881105,1217626.8398604172,2956915.8854772225,1092802.04651383,1700120.4318815328,366714.3908733736,656714.9152847375
2021-04-06,4223616.526858438,4081249.695089859,1320373.5578263297,1222504.032409336,2993950.9096781397,1096414.1888639005,1706062.4709074094,366497.8138312496,656258.6953493158
2021-04-07,4149784.6575247385,4009906.5008652154,1314180.3744681359,1216769.9039242833,2912130.5027242485,1088504.2191895586,1688131.6097984312,366921.8921371832,657845.6578476102
2021-04-08,4214725.214600599,4072658.0852193846,1320124.210212967,1222273.167090199,2903622.991761245,1087653.51287243,1700279.8911345075,368663.6138152857,664709.3584339052
2021-04-09,4242769.712834353,4099757.278325012,1322676.882194592,1224636.628379209,2926175.569348397,1089902.848057712,1706966.0169846213,371343.8655720548,668736.3347985978
2021-04-12,4223167.826185898,4080816.1189185027,1320880.6391103826,1222973.5275085368,2860648.379838719,1083401.0100594205,1692625.1230351883,371479.20405128546,667863.547801653
2021-04-13,4279790.823396453,4135530.5061340816,1326275.2908891435,1227968.3136536307,2834462.483481666,1080723.2741008005,1711365.334949804,372580.27038133045,675659.6055038492
2021-04-14,4220042.376650074,4077796.019938402,1320521.8137049617,1222641.299176291,2837937.578389584,1081079.6554847136,1699513.9554170284,371307.7989611633,667546.1431942463
2021-04-15,4321537.596632171,4175870.1071503675,1330467.8741896367,1231850.131765395,2798470.356517355,1076919.2268537986,1720609.437145537,375296.5296233995,677663.1350636667
2021-04-16,4326877.074613047,4181029.6055903435,1330903.496918115,1232253.4650031875,2836222.2348431544,1080957.198616113,1719415.4751664347,376550.93817532505,678456.6768515527
2021-04-19,4325647.933436374,4179841.8954796796,1330741.0417294141,1232103.0514159908,2774558.5220628455,1073958.17645079,1693693.5738084326,374700.8984133647,672247.581647651
2021-04-20,4290752.227648128,4146122.4307265296,1326452.5214578481,1228132.407431201,2744456.252417883,1070442.3234000937,1689253.214135804,371957.5596503312,667347.7577472748
2021-04-21,4339265.166219627,4193000.12771767,1332443.5428131775,1233679.3586873272,2801105.8079365594,1077098.358176974,1710994.5748840177,375477.0991802236,673060.9196031172
2021-04-22,4291633.620600518,4146974.1142767104,1326560.324818713,1228232.2201263157,2767579.7234624913,1073205.3401624595,1696835.654211836,372047.7557403558,664947.4572935143
2021-04-23,4383703.249866301,4235940.322259495,1338296.717317918,1239098.6806602853,2806933.3598154327,1077868.7366518597,1717236.6292307442,376081.6879173897,673318.8146303062
2021-04-26,4434077.956842761,4284617.032415479,1344608.6730051842,1244942.777760181,2860941.0781491874,1084201.5882994991,1733110.3832883257,376866.90533697145,677702.8484763043
2021-04-27,4374664.194216477,4227205.949032154,1336826.7434957428,1237737.6651245728,2820082.7214243365,1079418.2571153953,1721459.5936653758,376785.5780856907,674766.9012618468
2021-04-28,4365491.9874511985,4218342.912857813,1335609.7564860275,1236610.884360184,2799437.64835977,1076971.5579538636,1716117.2424679352,376677.31912742445,672485.6199685214
2021-04-29,4337024.37756841,4190834.8700667014,1331773.9897972527,1233059.4346839814,2833724.2187644048,1081081.4221909135,1720546.104155178,379077.75902182615,674905.7771286007
2021-04-30,4318603.153361653,4173034.5761245503,1329187.676190444,1230664.8253746254,2835336.1168873617,1081280.7026285685,1710783.068636962,376587.0047862166,670482.029869965
2021-05-03,4299734.520514221,4154801.9544919645,1326524.7430502481,1228199.275771159,2793972.638339131,1076158.0443915164,1694205.2797516796,377399.272163967,666911.333979433
2021-05-04,4247697.155572578,4104518.630129815,1319163.2479488705,1221383.4338507778,2728669.093462072,1067990.0845337296,1667956.3281257872,375070.9359285526,654909.7711718915
2021-05-05,4243553.493167085,4100514.6395162176,1318573.0525567879,1220836.985277604,2715487.46200317,1066315.2796560118,1658012.0606776678,375188.2411023375,652707.7956263637
2021-05-06,4176264.4624879407,4035493.7423311183,1308985.881067353,1211960.439897122,2634897.730696798,1056058.8141104048,1652318.1092753503,378184.3417695698,657627.4762330587
2021-05-07,4260800.722390509,4117180.510710164,1321121.521829561,1223196.5553734836,2665226.858105685,1060000.2153055137,1667395.7669461633,380936.72674812196,662963.7239012767
2021-05-10,4132373.3618795592,3993082.0934903664,1302409.829178729,1205871.8220938316,2543203.0198313836,1044318.1066266467,1615004.988268006,377164.5731280098,646221.009227693
2021-05-11,4125175.3151279287,3986126.6736686276,1301334.0317930372,1204875.7656109761,2531201.892626729,1042724.131657298,1622091.3211446826,373798.5827595687,645328.3049856904
2021-05-12,4027519.1194363567,3891762.207492453,1286893.4465706367,1191505.5541582434,2440107.5113601363,1030721.0185641104,1583739.354513164,365857.1289203962,628625.3037247442
2021-05-13,4031904.855955188,3896000.112547612,1287351.4294849953,1191929.5901867289,2428735.998262917,1029178.1576132441,1590801.949720947,370251.9637087118,633485.414212483
2021-05-14,4141834.9842769224,4002224.78986887,1310434.4859872914,1213301.670449261,2531123.9302619942,1043034.4330417295,1627500.8700554997,375937.3327854361,647470.7709510007
2021-05-17,4123051.6963449167,3984074.6364025692,1306180.9043139047,1209363.3753227985,2512679.549403921,1040603.116302809,1623269.0560047254,374980.6215873447,643542.9570404245
2021-05-18,4124731.216910433,3985697.5448158495,1306562.8465896968,1209717.0070428036,2525394.0182992537,1042265.1101802138,1631815.4753582843,371749.99926093005,639198.5760683252
2021-05-19,4095046.935272479,3957013.8410246884,1299642.5542148226,1203309.6647542599,2496692.561169367,1038512.6270326198,1626180.0191508455,370775.3138829845,639932.5477372549
2021-05-20,4174782.036501322,4034061.2849649223,1319060.3058896018,1221288.1221249301,2536907.9158615167,1043923.7603580354,1651777.669422251,374764.1036708123,652311.0247324207
2021-05-21,4209207.374267103,4067326.2365452833,1327407.3667702274,1229016.4771232912,2547848.402940847,1045377.2704551636,1651778.8334669098,374457.271413072,648700.6759679898
2021-05-24,4247378.71082135,4104210.919300578,1336509.4908563357,1237443.9280766984,2595058.1626877184,1051693.1649164858,1664584.8234358819,378274.59698518604,659611.2096252962
2021-05-25,4270330.9009957,4126389.452449842,1342218.7139504051,1242729.9686922908,2620343.6017925567,1055129.8168755542,1665716.3763544671,377435.36833765445,660523.7100348787
2021-05-26,4286659.122604402,4142167.293321073,1346253.5638299722,1246465.7449949137,2638806.793025512,1057628.4061103337,1684209.13964759,378184.3417695698,662824.8480345228
2021-05-27,4317179.71806853,4171659.1210331367,1354091.7894888828,1253722.980962837,2666374.72183074,1061398.7707517564,1686451.2682172062,378382.91506904387,660345.181294226
2021-05-28,4318832.950856151,4173256.6277593,1354474.8799008809,1254077.6757162036,2659747.1302650482,1060486.6863305916,1692041.071634505,379059.7257163804,662428.0771405798
2021-06-01,4298230.662240367,4153348.7872636896,1348741.312979249,1248769.095700922,2634839.856308762,1057029.066288836,1692252.2494210892,378725.9026260631,660226.1621337908
2021-06-02,4316201.207858605,4170713.5937887714,1353905.4297330151,1253550.4346772225,2637677.499666283,1057431.9643680188,1697682.9974765265,379321.356459323,661515.5767309974
2021-06-03,4301410.637316523,4156421.5738737965,1349611.7636818748,1249575.0263314364,2652863.9567770204,1059582.4462506236,1682372.7603670284,377913.5465599252,654632.0194383836
2021-06-04,4384812.869749873,4237012.539820604,1374335.621357654,1272466.2873129973,2681777.0060058422,1063622.6724104527,1717265.4250487702,381369.99908355327,665740.9385426615
2021-06-07,4543955.338962083,4390790.741467921,1422992.5048775189,1317516.5959585526,2727312.022652178,1071660.0784625895,1744556.0422352406,380999.90244277375,667724.6719348991
2021-06-08,4563605.638590349,4409778.681982005,1428844.9959420883,1322935.2851497042,2739301.799450703,1073700.9533703167,1757882.5304506142,381081.2296940546,668042.0765423058
2021-06-09,4584702.8582623415,4430164.770729888,1434949.0447996974,1328586.886015398,2754840.1048949957,1076714.088023658,1757516.5214090026,380512.5893165968,668200.7485766397
2021-06-10,4699594.564930285,4541183.784843765,1468166.97875046,1359342.620225925,2785253.7263134373,1082591.2073106198,1775692.4282911916,382281.4496412554,675163.6721557898
2021-06-11,4654301.485553894,4497417.414194564,1455083.7438557744,1347229.1487610447,2762432.6588252727,1078176.7712705934,1783583.288909987,382913.117899386,676929.163394737
2021-06-14,4668614.670798912,4511248.140195734,1459149.922613225,1350993.931763564,2766786.3281286317,1079047.677137148,1794166.7986741597,383770.4981035466,683416.0103321465
2021-06-15,4616080.416979467,4460484.675752654,1444204.6233891726,1337156.417024897,2761254.412071889,1077897.558398264,1773510.985248205,383066.4896840624,678952.6101996121
2021-06-16,4591540.668283884,4436772.0964395115,1436824.70095198,1330323.5136508027,2729543.612444518,1071040.7137685264,1760634.9285047054,380927.79878378654,676472.9434593152
2021-06-17,4665303.4758836245,4508048.556816783,1458823.9086502502,1350692.0828042326,2726501.498388663,1070366.5232685802,1781456.1632906683,380801.3882688913,685062.4824106586
2021-06-18,4641051.790829104,4484614.331288786,1451578.8556835188,1343984.0520243456,2689955.2095288504,1062265.4192874983,1758675.4981544402,375664.261240514,679686.5818685418
2021-06-21,4731277.320744592,4571798.599584752,1478835.0778111564,1369219.9720121226,2729769.5276317257,1071336.7979134433,1777342.7378782376,381042.2068035818,683118.4018923199
2021-06-22,4739890.753425698,4580121.696456803,1481444.1125300939,1371635.618285627,2739452.6915934756,1073799.3340287188,1793302.879357898,383079.4677514241,689486.2296692943
2021-06-23,4768572.895471063,4607837.04010431,1490075.5863390814,1379627.3047856914,2731726.11312338,1071834.4873806366,1801822.2280348914,382617.63775523775,689823.430444281
2021-06-24,4894271.385300002,4729298.569583927,1527890.8212832853,1414639.5760719334,2797525.461463035,1088689.030287965,1822905.6690957611,384881.14277943486,694088.5056685826
2021-06-25,4860323.4545315765,4696494.932886203,1517609.1244697373,1405119.98539241,2800615.9000015915,1089420.8962182528,1826703.2607899373,386248.2742717945,693235.454300479
2021-06-28,4885116.044597312,4720451.830962254,1524905.8868744874,1411875.8927721553,2845255.8272683644,1102378.1013844868,1859417.5052555944,387026.84006231837,701666.3212174885
2021-06-29,4870383.972654226,4706216.337814754,1520556.1806890212,1407848.5981326883,2820486.929434898,1094640.2439258609,1847627.2012267106,387235.22821000224,704205.497538003
2021-06-30,4816550.025056151,4654196.988798817,1504656.8117950882,1393127.731851789,2803012.803486432,1089195.9650320332,1848373.2398085124,387561.1580338375,703094.6116814491
2021-07-01,4847579.505451039,4684180.548289865,1513854.8349814743,1401643.9736145088,2824416.093510336,1095901.9278700277,1849393.4097164334,389706.7961911293,703372.363414957
2021-07-02,4897631.40839337,4732545.335273497,1528643.3006413246,1415336.279701035,2846125.604772522,1102713.3525416155,1857207.359032682,392685.5730600154,711446.172850661
2021-07-06,4964018.489037322,4796694.6847499665,1548645.8127199796,1433856.1535121466,2845449.366596448,1102493.9839163427,1852352.445316121,391970.27165253065,714520.9353931337
2021-07-07,4923102.11806082,4757157.495350758,1536242.3634671366,1422372.080207659,2845122.4232798205,1102386.8903813555,1841329.6509829597,393355.58426431497,716028.5921436307
2021-07-08,4910225.623202558,4744715.0327408295,1532355.6926133733,1418773.499515695,2806876.489092826,1090067.0588089435,1832357.0424582714,390150.47463068675,711704.0073391113
2021-07-09,4956483.892889742,4789414.059713487,1546249.7322966037,1431637.6768074357,2837309.37233889,1100059.0246732703,1853471.8585391738,394315.25174198777,716147.6113040657
2021-07-12,4981601.058265583,4813684.592532884,1553812.5063210435,1438639.878333115,2848855.7636167193,1103827.0801970975,1856029.5015234698,395727.7030003281,718944.6826517693
2021-07-13,4938562.626735102,4772096.871572912,1540643.6183383048,1426447.102610048,2827023.0005423096,1096723.5807784586,1840614.7446943468,394378.663939006,718944.6826517693
2021-07-14,4846945.715515491,4683568.12172018,1512055.9101664152,1399978.3897898588,2780546.362761339,1081486.2540568213,1819235.9617480566,394967.1113896583,720234.0972489761
2021-07-15,4783797.898951661,4622548.849383822,1492409.6472589793,1381788.3590339767,2740969.0458762855,1068416.8346619338,1809717.532384731,393618.1314539278,715175.540775527
2021-07-16,4762514.667890061,4601983.019193435,1485932.6658697915,1375791.468366795,2677050.1598216193,1047104.5900165121,1794411.8768435926,390530.6817476342,709383.0731718871
2021-07-19,4756555.12501772,4596224.35659328,1484128.8496004504,1374121.3556551884,2668718.201186523,1044323.3708026999,1776003.262159753,384763.39416371286,703570.7488619285
2021-07-20,4824422.4257250205,4661804.031868456,1504671.1585898406,1393141.0152247655,2706692.974206575,1056940.7988594845,1804235.59235547,390277.18077354005,711743.7207517489
2021-07-21,4916359.678463528,4750642.325383119,1532700.3975896733,1419092.654061786,2763488.1609609537,1075868.027092607,1826359.9778922703,393437.0888923707,717238.6404543009
2021-07-22,4956763.207680071,4789683.959548288,1545153.438140083,1430622.6428277646,2738312.3564769654,1067500.9019157428,1822968.561160636,394260.9448860797,721979.7923203433
2021-07-23,4982708.674787551,4814754.87426036,1553059.8067336732,1437942.9707986538,2722022.0941243214,1062092.1774570928,1824839.394440514,398317.1082855648,730410.6592373528
2021-07-26,4922299.237897268,4756381.678133011,1534426.6584592976,1420690.9599818017,2694380.657632575,1052871.209060235,1823196.4881866013,399294.92731986643,730985.8983332096
2021-07-27,4891846.592224774,4726955.509806601,1525017.8800568844,1411979.584728323,2647233.3843584964,1037107.7895673235,1804089.4342790367,397475.0711724309,722931.9456038245
2021-07-28,4952405.262611892,4785472.909168212,1543581.4331282838,1429167.1589198196,2704492.423853928,1056342.507902755,1836913.3326152305,397312.12104191113,725709.1602452091
2021-07-29,4962435.239883688,4795164.802696416,1546646.7642464016,1432005.2797155268,2716740.956138011,1060392.7699776478,1834009.4386775442,398959.92171771673,726998.6353811546
2021-07-30,4975286.796425216,4807583.167593655,1550551.5208228887,1435620.6055693638,2734555.885308388,1066208.3462632636,1826676.082516053,397022.4056429464,723209.6973373324
2021-08-02,4979649.957181714,4811799.2578551285,1551896.639222155,1436866.0202911478,2785136.623655745,1083081.7298662278,1834124.0317474953,396189.41474533133,723269.2069175498
2021-08-03,5016060.001998613,4846982.017313101,1563124.0169173414,1447261.195523484,2760968.9394521024,1075023.2325065825,1838761.7472257952,399412.5872472012,727653.2407635478
2021-08-04,5121620.624382464,4948984.473070617,1596019.2263094133,1477718.1263597547,2756659.6352754757,1073552.9145576744,1848826.906102351,397447.9620886706,728704.6170398842
2021-08-05,5212496.682945862,5036797.342431345,1624338.3751327198,1503938.1861494146,2749646.1120006456,1071060.840075263,1869784.1604613343,399964.8793985744,733326.7497454913
2021-08-06,5093607.31196738,4921915.414593009,1587289.609556029,1469635.5715258266,2752053.455556657,1071967.1380423503,1858725.165279303,400625.87395015114,730113.0507975261
2021-08-09,5106807.723162593,4934670.875185355,1591403.1727439098,1473444.2267014373,2758082.701069363,1074208.8303449033,1870359.7511930144,400299.94412631594,731462.0355136889
2021-08-10,4988200.43480951,4820061.521720562,1554442.3108458712,1439223.000107001,2767885.4724055594,1078026.7809549817,1867287.3451180474,400797.8702961896,727712.7503437655
2021-08-11,4890930.862765631,4726070.647141595,1524130.7906255235,1411158.2486749627,2775278.9504695116,1080906.3680754765,1865098.001064437,401793.7817615287,726462.9886204576
2021-08-12,4920075.619209269,4754233.011691662,1533212.9923428288,1419567.2539574064,2781830.9508782984,1083458.2192918353,1885020.1286576584,402997.9335605726,729081.5312275084
2021-08-13,4953827.628292,4786847.330700406,1543730.9239456023,1429305.569088591,2797688.2415682613,1089634.263860006,1881414.6516092326,403731.3273990947,731640.5642543419
2021-08-16,4971409.54849044,4803836.611330565,1549209.8699141024,1434378.4013186386,2820060.283506377,1098347.6519659727,1870699.9284909177,404681.9486612487,731957.9688617483
2021-08-17,4933462.087835469,4767168.258215959,1537384.5354669115,1423429.5914454095,2812692.6810679245,1095478.1427975972,1859788.08598936,402029.19030458544,725510.8353369765
2021-08-18,4868910.7117623845,4704792.736612471,1517268.78600923,1404804.8737045939,2760774.920109065,1075257.3868165964,1851760.908122767,397628.9750874319,718528.0550515075
2021-08-19,4853206.807997121,4689618.1694977395,1512375.0747846707,1400273.8970957324,2732331.472864134,1064179.3280679926,1833300.8546562532,398244.6794358236,721999.5884879231
2021-08-20,4992668.104260879,4824378.597967948,1555834.5432785575,1440512.0366473964,2763241.3920492237,1076218.0200626154,1859928.5923050386,401413.5155189896,729478.3021214515
2021-08-23,5057104.743858252,4886643.250555857,1575905.6456848278,1459095.4166924802,2775881.122052685,1081140.8998506756,1892429.2574492139,404944.584539249,740388.8357787578
2021-08-24,5249818.503952168,5072861.144538749,1635609.2939533968,1514373.67512567,2780061.19449063,1082768.940490132,1908159.0667701142,405587.3684086051,742650.2603657645
2021-08-25,5308264.687027335,5129337.262893204,1653539.1844080482,1530974.5554231773,2795929.508977381,1088949.2785698236,1915449.1770931277,406438.4221744618,743503.2511951295
2021-08-26,5282560.73492182,5104499.7223574715,1646076.0004358,1524064.5620757597,2765239.88260815,1076996.385484699,1908833.1181166777,404039.1352290968,738782.0165741446
2021-08-27,5328160.864121435,5148562.79300049,1659320.1376025209,1536327.0093173974,2785609.8613604372,1084930.0167137992,1925985.50737586,407651.6793146161,745963.1217678462
2021-08-30,5334569.790492085,5154755.691581536,1661173.5124878834,1538043.0072313906,2801209.222787383,1091005.603854848,1934766.1888908998,409444.337689904,754334.4791046381
2021-08-31,5298106.511991781,5119521.492805439,1650591.115092102,1528245.0046795984,2777637.0826488934,1081824.8055136397,1940876.144531631,408837.6795570311,753719.5265961437
2021-09-01,5337130.9464540295,5157230.517816896,1661954.0336655537,1538765.674147451,2792853.010292138,1087751.0541464037,1950077.8221014051,409055.02523184626,754969.2277807127
2021-09-02,5377839.947186038,5196567.326868663,1674499.1136650906,1550380.880158983,2793728.27495929,1088091.9493030205,1963533.9730251562,410313.4838867981,754612.1702994072
2021-09-03,5411280.406493403,5228880.597612814,1684792.6698194325,1559911.451134087,2789831.803129665,1086574.364480437,1961859.874066224,410213.91639050085,756933.1650053703
2021-09-07,5381296.176975166,5199907.056383248,1675551.2029795898,1551354.9858746012,2789735.898612092,1086537.0119095345,1962246.8633476312,408747.21740184416,758004.3374492865
2021-09-08,5324245.314808742,5144779.226396628,1657787.519734839,1534907.9930759114,2776907.6610515933,1081540.712828326,1945077.4959792315,408249.2321063787,755365.9986746557
2021-09-09,5323347.686525473,5143911.8547652075,1657508.029050737,1534649.2189689092,2732470.6533076162,1064233.5356018501,1941985.5932280733,406501.8343714801,752767.3127739236
2021-09-10,5351548.389223882,5171161.987100211,1666288.7613831,1542779.100562034,2719459.254624315,1059165.8995388267,1923495.8523924777,403296.75430064765,747054.1509180813
2021-09-13,5307076.927294985,5128189.539368903,1652441.872254037,1529958.5789026394,2721888.4169337745,1060112.0015546042,1925182.6543887549,404328.88019085745,746538.3608637032
2021-09-14,5324996.099643703,5145504.70428016,1658021.2884017222,1535124.4342006384,2718367.720185564,1058740.7723545413,1914720.1876803953,402146.8797947159,744415.8121434505
2021-09-15,5324822.051722886,5145336.52304987,1657967.09584411,1535074.258536475,2738940.5927167847,1066753.4259744016,1925190.3070707133,405505.8637805494,749950.3847199014
2021-09-16,5352184.584086139,5171776.737532949,1666486.8506596843,1542962.5069457546,2735499.238613739,1065413.098882541,1927685.194842324,404863.0503483975,750466.1747742795
2021-09-17,5380220.110414232,5198867.261151891,1675216.1527312174,1551044.77042287,2694641.689745452,1049500.0373331013,1927482.6975570263,400919.2551357967,741579.0273831093
2021-09-20,5185323.301282462,5010539.902883249,1614531.9658256788,1494858.6534291059,2658896.519477197,1035578.1279104962,1874897.4068455407,394234.24968146085,725451.325756759
2021-09-21,5243910.4780565305,5067152.262415612,1632774.0047870332,1511748.5449733874,2671075.7614722564,1040321.6583684218,1890705.4968280604,393861.8471426079,726343.9694600224
2021-09-22,5320781.3462047065,5141432.018921914,1656706.3291398413,1533906.9431424637,2648968.285053697,1031711.3123565888,1906892.456514835,397703.91677481716,733128.36429852
2021-09-23,5400951.662535238,5218900.008025226,1681614.3316163735,1556968.699632764,2679871.0897023543,1043747.2334053451,1932941.2869733025,402536.0444387946,739892.9024306985
2021-09-24,5363253.8677697135,5182472.905229795,1669981.748704676,1546198.35404943,2680195.7013966325,1043873.6620828797,1923908.1364908924,403199.0492604866,740587.1606869906
2021-09-27,5252202.806014545,5075165.078147112,1636024.218241212,1514757.8441451048,2634731.2130118236,1026166.3051312047,1919677.6576930017,402045.5680934657,734675.6739229156
2021-09-28,4993939.845133486,4825607.471852578,1556638.7408065596,1441256.6249610656,2519523.118662662,981295.4416762782,1858458.2288429337,393943.6178358259,713886.1261783204
2021-09-29,4973299.333170288,4805662.6964165,1550291.8255940808,1435380.1596269757,2524218.4084552317,983124.1474486799,1850395.433774382,394606.68178310955,712715.7307415488
2021-09-30,5019247.759431155,4850062.323957143,1562668.810923407,1446839.7305828512,2546068.1699139834,991634.1194994892,1850686.1720663717,389783.6003346508,710097.188134498
2021-10-01,5020819.097673061,4851580.696583986,1563094.0926814359,1447233.4893498446,2570662.4252501875,1001213.0078510476,1859493.19740952,394415.8834989342,714501.0786868149
2021-10-04,4838757.050712078,4675655.474935223,1513787.3205947215,1401581.463569861,2491114.6475458867,970231.0053131459,1809487.850328388,389329.5453537632,699504.0590845983
2021-10-05,4950265.426843196,4783405.201547737,1544084.249397363,1429632.7051380593,2567722.998410912,1000068.1697119742,1834150.5170581802,393380.4761383893,708946.6494040453
2021-10-06,5005165.5950090485,4836454.831684005,1558270.6186984004,1442767.5438153176,2602800.558240408,1013729.0504695222,1851031.8938047504,395015.44656081207,713489.4158231161
2021-10-07,5157601.16216626,4983752.203030349,1596930.6433245048,1478561.9867730078,2686143.253215051,1046146.1324347871,1885984.6475049704,398430.54073309817,720035.7118020044
2021-10-08,5139434.580972822,4966197.968765694,1592332.2545013556,1474304.4425003547,2656946.7055317787,1034857.765818674,1882872.0029386666,397703.91677481716,716445.1592051536
2021-10-11,5122424.899763423,4949761.6384767145,1588112.544045366,1470397.5079684793,2631026.6781938234,1025281.2462237419,1875796.3657041825,394824.6482766368,710950.2395026016
2021-10-12,5153945.229620775,4980219.502205914,1595970.5940195732,1477673.0988218412,2638613.356382187,1028074.0919376436,1880915.6722892562,393852.77136429347,708470.5727623047
2021-10-13,5166707.9487284925,4992552.0241419505,1599149.3639912172,1480616.2500879373,2674489.1800296064,1041672.8428147247,1902867.2320474011,395269.71616759733,714144.0212055094
2021-10-14,5231291.859183669,5054958.983480411,1615214.734552529,1495490.8135604793,2741150.875942301,1066930.290966054,1922234.527253012,401918.38894587936,727296.1832822424
2021-10-15,5250837.780409156,5073846.063908875,1620086.4026640193,1500001.3809491976,2734137.5038004247,1064262.8492786183,1924894.7442225118,404979.35038712475,731878.6025752121
2021-10-18,5346688.302830108,5166465.721237398,1644161.505744852,1522291.9747152834,2786252.819520866,1083832.3004688849,1943456.330287212,406178.2991341057,739238.2365095663
2021-10-19,5376861.915243907,5195622.261770961,1651714.4743120954,1529285.0975897803,2815099.1755060093,1094684.4482402524,1966035.0426402336,409311.89636466297,744832.3792049735
2021-10-20,5322052.0546562355,5142659.895185626,1638109.7969387101,1516688.8343201857,2777492.960690633,1080737.407226794,1956711.1625938811,410919.5803265506,743860.3692151735
2021-10-21,5381583.647186901,5200184.836741983,1652990.0801107108,1530466.1521658343,2832234.249563146,1101065.71702368,1976582.1915338999,411991.37948874093,748403.0750955056
2021-10-22,5384525.822579747,5203027.839260937,1653720.982514107,1531142.8781803423,2835399.245996668,1102244.1943928364,1958663.9067177824,411564.4631544094,742114.6741438063
2021-10-25,5571669.956484137,5383863.844276585,1700320.1568725456,1574288.0004243231,2850665.7268429603,1107968.4000363818,1988032.4140473064,413771.53280140006,749712.3463990311
2021-10-26,5544186.198123284,5357306.490000489,1693470.4725246555,1567946.0325119905,2881171.021773714,1119412.8108795034,1980820.3595760881,414143.96490304876,752072.9939788927
2021-10-27,5522366.351502167,5336222.132127787,1688260.3648703657,1563122.1116004407,2899674.1235604812,1126344.650421503,1973435.7335610928,412309.2682321152,753818.68905026
2021-10-28,5647249.200692078,5456895.514035728,1718048.758829946,1590702.5122520074,2934102.4989635544,1139400.06909843,2011440.1688979757,416287.5336646337,762190.0463870518
2021-10-29,5721645.712356389,5528784.318006186,1735703.9259183172,1607049.0323943272,2984262.270969156,1158469.8260002208,2031358.3161568304,417132.2609921865,765939.2710182366
2021-11-01,5862602.030369956,5664989.375036246,1768990.364603114,1637868.193589664,2974673.4167637327,1154831.8259394448,2058415.8592503525,417849.80917215295,768557.8136252876
2021-11-02,5766928.50963727,5572540.753141853,1746417.0464782321,1616968.0685690166,2996047.114675607,1162816.4339825937,2060006.379709582,419539.204701667,771771.4520345142
2021-11-03,5830567.292015263,5634034.442146157,1761522.2738519658,1630953.657166572,3014218.3530437876,1169594.9741578521,2073147.0925193294,422100.6435820648,779964.2806306534
2021-11-04,6015400.570348569,5812637.484359688,1804817.1119757856,1671039.3691797787,3039700.082304665,1179084.7061054304,2090364.210268031,424089.7467355282,789962.3138783772
2021-11-05,6022933.381493182,5819916.384560883,1806590.2352857336,1672681.063974045,3039143.9793261252,1178875.2606455956,2092142.939874893,425561.175771515,790716.1422536257
2021-11-08,6083991.4883959815,5878916.3857672345,1820929.666289015,1685957.6190217133,3073886.6969314893,1191770.804852847,2105194.6345993425,425924.56165764504,789644.9092709706
2021-11-09,5941889.390001251,5741604.169552262,1787627.6167120459,1655124.0040541715,3080090.241168724,1194067.5921012019,2085629.2894313494,424516.6630698598,784209.4991486362
2021-11-10,5885068.938354839,5686698.983562454,1774225.8849092196,1642715.6435011206,3015902.6478999727,1170349.3613722296,2047713.7754949366,421101.4506463905,772684.0129828352
2021-11-11,6024024.363940971,5820970.592904391,1806252.726053968,1672368.5718051712,3052183.7727860697,1183769.2127485343,2067882.2248045737,421237.6760094955,774826.4184094067
2021-11-12,6118720.315263174,5912474.596642023,1827924.8629081277,1692434.3134569153,3106243.136222877,1203325.2873893473,2099770.591317526,424416.711257217,782979.5941316473
2021-11-15,6085425.78601557,5880302.3370451005,1820359.4340231873,1685429.6538559068,3120084.502381903,1208393.6612311015,2094611.1119035943,424562.01239863655,782801.0048522556
2021-11-16,6113589.799230626,5907517.0166012375,1826722.7408581537,1691321.2958227536,3168540.0209713792,1226065.7124068695,2105492.6678258143,426242.4208382235,788375.3513800827
2021-11-17,6050830.081760603,5846872.761574852,1812260.1609423666,1677930.7199805665,3171854.6187526817,1227268.893234315,2089996.4965407047,425206.98391488276,788791.9184416058
2021-11-18,6144713.817875775,5937591.927710643,1833951.876169972,1698014.5888057481,3193147.512341608,1234994.7643364014,2086624.882995059,426651.0969275386,796964.8903314262
2021-11-19,6141694.894535398,5934674.764212475,1833225.4361485166,1697341.994409815,3212391.6237601982,1241973.6726935531,2086416.939725384,425888.1698559996,801408.4337576418
2021-11-22,5975611.508659876,5774189.6056632595,1793643.6937736135,1660694.1538223627,3068985.8428374818,1189993.51108262,2052429.7585059968,424689.22110901866,792104.7193049488
2021-11-23,5838574.74653593,5641771.986762981,1760713.3512019275,1630204.6939692122,2975487.0252111764,1155639.5853548425,2039204.9140361464,425252.36280645535,788494.3705405178
2021-11-24,5932371.810923361,5732407.402643472,1782695.150776131,1650557.1453340498,3034341.4647316043,1175267.258617797,2060706.8986519151,426387.721979643,791033.5468610324
2021-11-26,5833128.409376865,5636509.2310822895,1759932.5296472,1629481.7489408236,2991359.8486622702,1161470.912472027,2015130.6314759834,416877.9026970138,776036.527258816
2021-11-29,5858239.023031161,5660773.433021177,1765678.2526059498,1634801.5839561068,2997682.5031154403,1163478.4947291925,2031545.3431665734,421991.58642831165,792878.4043865161
2021-11-30,5841006.622602309,5644121.8907827465,1761766.9844887536,1631180.2292139095,2835885.4649096658,1112342.9821136591,1983650.5553638164,413780.66770530614,781233.8990602801
2021-12-01,5533014.403963223,5346511.267181512,1691769.7659136462,1566371.386702416,2684918.7948917756,1064041.26034735,1928702.846111794,409184.6876542808,767942.8611167929
2021-12-02,5581891.22974572,5393740.585717716,1702933.7762100846,1576707.891492563,2759070.14480049,1085714.774580452,1946854.8910054197,415451.9708037828,773477.4942319825
2021-12-03,5326362.051270901,5146824.613326488,1648681.0974697594,1526476.5625357472,2659465.8057831954,1058850.7092386254,1903302.7637902668,411836.9730062111,760027.7842541616
2021-12-06,5307296.919009946,5128402.115750756,1644508.3352686854,1522613.0963319133,2678601.1372324377,1063956.5735451279,1924553.441079399,416714.4204361694,766117.8602976282
2021-12-07,5609871.065372093,5420777.295819744,1706499.589587486,1580009.3974995974,2782037.17557638,1090913.3918680525,1990052.1469519376,425334.192625265,789188.6287968099
2021-12-08,5678961.12650791,5487538.515535404,1720326.5290431723,1592811.4482073407,2793373.6079390743,1093804.8848610295,2008083.0775514017,426460.4464573423,792719.6718134432
2021-12-09,5386385.569416474,5204824.898999214,1665541.0766374182,1542086.8361561398,2665427.875207659,1062014.0023588536,1963011.813789061,423581.2075219577,781055.3703196271
2021-12-10,5369252.177119045,5188269.027592547,1662221.5271679955,1539013.3403351295,2718026.988267842,1075282.1783025544,1973802.9189403981,427568.46004440327,789545.7468168542
2021-12-13,5326245.28350462,5146711.781489719,1654433.628236805,1531802.7007468524,2657078.0549513274,1060615.7610392482,1955913.7792316487,423781.02245885594,778139.2798114885
2021-12-14,5281243.689889465,5103227.071395306,1646255.115094137,1524230.400289333,2636042.0084569007,1055545.4627570086,1944908.9196498066,420865.36215903005,770085.3270821034
2021-12-15,5464237.560743574,5280052.707642674,1679578.6989106287,1555083.9533225042,2688379.7591990894,1068121.843918055,1993029.2978595484,427441.3104596128,787641.3191724144
2021-12-16,5283475.663214636,5105383.810861324,1646306.5724187808,1524278.043463116,2577122.150722471,1041530.00297914,1947243.4733279424,423671.96530510276,767387.4181885159
2021-12-17,5383023.91228886,5201576.554354328,1664496.269563318,1541119.4729023038,2580159.49902066,1042244.499335755,1956793.453457655,419162.81118537934,763558.8272707949
2021-12-20,5320547.669660556,5141206.218989914,1653344.4461791476,1530794.2516987615,2512275.983554482,1026356.5033249205,1920395.2529547177,414705.71714908216,755187.4699340031
2021-12-21,5385789.648655684,5204249.065135555,1665017.7120219262,1541602.2646884157,2604666.8863624125,1048272.6292247316,1970981.4139895628,422070.45996754005,772088.8566419207
2021-12-22,5410040.521237041,5227682.505576689,1669323.1616623579,1545588.5831931785,2675903.9842082337,1064719.0177356268,1989470.9506019491,426290.6673209898,781491.7940874691
2021-12-23,5440736.918710521,5257344.209481941,1674751.994014512,1550615.0163585844,2692205.1790960864,1068358.6882880174,2001954.8362935742,428943.0117985117,787383.4846839639
2021-12-27,5483754.841019374,5298912.112531367,1682774.8517090955,1558043.1989550467,2760957.654716403,1084061.6269417042,2010641.4255135956,435013.5249790843,800396.770893943
2021-12-28,5447140.179165562,5263531.633130259,1675964.41424123,1551737.5688418208,2725143.0082142623,1075965.4836149185,1996533.3426562618,434658.0323594362,796687.1385979183
2021-12-29,5450180.773688202,5266469.737333021,1676530.3050834578,1552261.5143816464,2730710.996125963,1077217.1737118608,1988994.328497156,435214.1085486736,796568.1194374833
2021-12-30,5477171.7738995915,5292550.943020707,1681527.6267812746,1556888.4215857598,2711612.7862543957,1072921.459845527,1996210.7218994456,434010.87319629994,794187.6756900414
2021-12-31,5473261.521408192,5288772.494696441,1680769.5587342237,1556186.5435158252,2709999.2895343737,1072542.677113346,1982859.1426802904,432917.049751229,789228.3422094475
2022-01-03,5474195.989920797,5289675.464771467,1680948.316275922,1556352.0510831757,2686204.347762232,1067006.9105838027,2001328.3467987592,435423.6496453942,796826.0144646723
2022-01-04,5418578.751886932,5235932.935277132,1670165.009571785,1546368.0311439882,2591307.057118373,1044781.0206132589,1965054.7654565629,435277.87549924164,786490.7804419616
2022-01-05,5300637.842197127,5121967.498630788,1646830.7375738134,1524763.356132306,2465971.2961803726,1014475.0151953957,1900018.4189955415,426919.5271135181,762328.9222538058
2022-01-06,5260688.291341234,5083364.540428316,1638871.8891459184,1517394.4382690508,2464695.474918748,1014144.2320361966,1896589.6958297947,426518.5077883185,761793.2754931088
2022-01-07,5157683.271370813,4983831.544552932,1618543.2764794254,1498572.6352946048,2448027.9301030776,1010273.1825217289,1883549.2482399945,424832.27547795646,753540.937316752
2022-01-10,5110262.535915434,4938009.23542816,1609115.3255193706,1489843.5086033687,2479607.57989462,1017629.0347190988,1879965.6794785568,424303.57443764166,754036.8706648115
2022-01-11,5146469.854964113,4972996.102462074,1616270.4193434252,1496468.2482464234,2505049.058146575,1023537.1660141132,1914158.7331388327,428168.23004585184,765364.0319223797
2022-01-12,5185673.302501773,5010878.106496316,1624009.9198631984,1503634.0768395327,2514853.9544739397,1025823.7331909327,1906485.560055287,429325.82044149074,768399.1415909536
2022-01-13,5078714.778589687,4907524.868737265,1602961.8992237244,1484146.1902838883,2398116.69874846,998687.9911595342,1852139.6564907325,423410.3936877518,749176.7601770728
2022-01-14,5057881.281669895,4887393.613352013,1598798.8599629153,1480291.726330675,2393463.6437672637,997558.8310579973,1843943.1374620155,423583.54298282694,753838.5457565787
2022-01-18,4954701.145674017,4787691.404144652,1578345.6565560878,1461354.5676059136,2349825.104209301,987443.7476705459,1791340.0017580863,416082.0426709394,735072.38427812
2022-01-19,4919399.283561102,4753579.473511688,1571277.5715215292,1454810.3874343683,2353096.427152135,988207.4410811868,1773580.0510165705,411761.58787688863,726998.6353811546
2022-01-20,4835302.124590005,4672317.00514456,1554488.110847183,1439265.405292984,2344712.175493982,986237.3376682863,1763411.158320955,407204.2168371947,717556.0450617075
2022-01-21,4791652.917606618,4630139.096340807,1545700.1290084533,1431128.8115457771,2264463.585645262,967351.3700501834,1713724.4333772187,399210.55510061694,697659.2015591147
2022-01-24,4828044.433285496,4665303.951228509,1553205.1254858493,1438077.5181466113,2324465.521945286,981702.1349039666,1718454.3244238284,400905.92231488513,700852.9832620225
2022-01-25,4757241.847753205,4592222.627788369,1538652.0678233886,1423686.3038444857,2217570.75782755,956184.8581035936,1676348.9346000762,396011.2102121722,684606.201936498
2022-01-26,4804122.707802286,4588548.849686137,1548309.1571710936,1422769.1706885707,2213363.429579407,955674.9382937708,1669577.64814616,395017.72289608966,683535.0294925817
2022-01-27,4771960.522922273,4563973.664511138,1541629.6689331238,1416631.2686443022,2188890.5299329497,950036.2166721526,1636525.33009315,393067.19919116184,676651.472199968
2022-01-28,4913512.997888547,4672279.970028824,1571133.4663001965,1443742.8394295643,2238582.4219830697,961618.9688945456,1673922.3950190817,402829.129996482,697877.3831736662
2022-01-31,5028438.005977774,4759706.1050294135,1595241.3646774201,1465896.0214490234,2346576.1572915292,986514.2624596698,1752750.485257082,410084.49047043273,720194.3838363385
2022-02-01,5028685.393307653,4759893.438111047,1595281.064220297,1465932.5020739904,2347286.4100787826,986653.2700757855,1778167.5672119597,412855.41132195946,725094.2077367146
2022-02-02,5131860.74270036,4838021.796540905,1616101.9752814288,1485065.2122476818,2350889.183261431,987427.2750185879,1769512.0365650195,416865.8706391181,730985.8983332096
2022-02-03,5078579.87888536,4796870.096252313,1605122.0646553591,1474975.574617281,2286105.1779137813,973475.9809844949,1702651.8161822138,407067.4889065608,701348.9166100819
2022-02-04,5073837.747630106,4792391.011911156,1604151.4202858282,1474083.6320241143,2327975.406902169,982613.1120513635,1736990.8280240835,408981.6208098432,710196.4111273532
2022-02-07,5065702.133363941,4784706.681700999,1602475.8407831488,1472543.9118407073,2321227.0398449255,981155.7162111852,1730610.8672015674,407669.12136414566,704483.2492715109
2022-02-08,5150161.988047411,4859696.8256521225,1619942.4633125868,1487632.6964283579,2350701.5119887237,986976.2883602016,1744334.2899392287,411023.3161770575,712398.3261341422
2022-02-09,5212906.327813249,4854837.128826471,1632852.8391428653,1486651.9315666403,2417110.9923105887,986474.0081076494,1800649.0655802928,417039.049496989,727494.5687292139
2022-02-10,5090873.489512791,4741186.60125874,1607649.203704907,1463704.9565495832,2375793.5424986444,977888.6381495226,1768276.8070320361,409546.7136518035,711029.5452503992
2022-02-11,4991723.4452364575,4648847.072019691,1586940.584159682,1444850.5267387815,2283874.972312546,958783.2536517347,1711058.882890378,401470.9855940496,688474.5062668566
2022-02-14,4978371.669103809,4636412.415720821,1584156.8451254277,1442316.0356241849,2301001.4575629295,962404.1283713344,1699815.5356152316,400158.3974599646,689327.4970962215
2022-02-15,5074289.770809038,4721105.588799579,1604038.9373309382,1459479.4387696749,2395918.901598107,981743.1621605519,1760596.461228081,406611.7488463118,706466.9826637484
2022-02-16,5060892.764819495,4716384.483210779,1601273.3123486917,1458530.869555981,2390877.7125832187,981266.2111300161,1758377.064592894,407067.4889065608,706288.4539230957
2022-02-17,4981950.294449879,4638099.449949675,1585039.369761292,1442796.2513947547,2284235.1890925346,959525.9404430223,1699574.654402895,398372.00639738893,685280.7245639489
2022-02-18,4962628.855079699,4638099.449949675,1581033.5719811236,1442796.2513947547,2242262.3019146747,959525.9404430223,1665380.3392329821,395792.5046487496,677464.810155434
2022-02-22,4897994.221360835,4638099.449949675,1567509.565171739,1442796.2513947547,2205754.3660036693,959525.9404430223,1635420.6351067366,391545.0403975604,670660.5586106178
2022-02-23,4813681.703023241,4638099.449949675,1549626.3906426313,1442796.2513947547,2140167.9390558014,959525.9404430223,1602787.3094737018,384599.4684609312,653481.480707931
2022-02-24,4907680.733241136,4636708.02011469,1569792.9971731827,1442363.4125193362,2271357.7064525504,959238.0826608894,1678910.547882414,390387.3908763299,675441.3633505589
2022-02-25,5009017.761654834,4665430.561652356,1591377.4335814964,1451298.27381506,2321668.8493738016,965612.2919017094,1711862.8273278158,399000.8366271215,685915.4732400235
2022-02-28,5056092.030017544,4678584.142298529,1601223.7283245365,1455390.0223973212,2364256.1361834854,970926.0739641166,1738412.6006301218,397980.00372491224,687958.7162124786
2022-03-01,4981537.096158657,4657887.632273903,1585786.3206652335,1448951.8579287243,2329796.27534412,966680.5977381619,1712871.2402191912,391918.71413663327,677425.0967427964
2022-03-02,5070818.132774256,4682931.771957359,1605416.6659445844,1456742.4607919487,2371660.5235866094,971891.7001349496,1717562.9783906476,399128.5183422366,688791.9108742634
2022-03-03,5057732.570427071,4679306.392734616,1602511.197185927,1455614.6963684163,2365660.1723516206,971154.0281740788,1682959.645732466,397141.5141472759,678952.6101996121
2022-03-04,5104908.171339788,4692400.150927134,1613270.9775511373,1459687.8356878068,2387273.5752598955,973815.8572324835,1647509.2179441685,393914.7941099085,669113.2489862221
2022-03-07,5012502.185792626,4666918.447085969,1592124.8878119786,1451761.117604696,2344040.607000605,968525.1837442293,1599569.3513778513,382302.49835187406,644435.6007436882
2022-03-08,4985419.568916405,4659353.820102668,1585279.9220458425,1449407.9521384349,2331375.7240043166,966955.2973573067,1616465.1199335696,379404.07316200703,641440.2044877518
2022-03-09,5093227.097154149,4689580.769605309,1612358.8894576663,1458810.7969683318,2381790.709287695,973228.2935866176,1658304.5599154276,389576.1581964329,664530.8296932525
2022-03-10,5067430.364991933,4682455.079541291,1605233.0909170187,1456594.1737536062,2369727.155901615,971749.4997407842,1641943.0849492596,387816.964906005,657151.3390525794
2022-03-11,4988963.371607825,4660703.334853133,1584054.777386662,1449827.7522837708,2333032.9437129553,967235.3620373473,1588651.3604343084,382885.9201272382,643523.1003341058
2022-03-14,4953021.401944117,4650630.208710767,1574311.198447879,1446694.2557309554,2302783.172518202,963473.0514615001,1541065.7816753981,380087.6536895847,631164.4800452588
2022-03-15,5072127.233895472,4684180.468349612,1606342.260455267,1457130.8988781332,2373349.859121077,972330.4769044413,1576286.5904934546,388445.91338692076,650962.1005549964
2022-03-16,5139438.346882084,4702829.294742279,1625326.6895405361,1462932.0803971156,2412034.938099642,977085.1085675005,1657238.8064724244,397059.44782609976,675104.1625755723
2022-03-17,5161918.282445107,4709000.356191464,1631762.864742292,1464851.7426255976,2437075.5750850704,980128.2029838836,1698920.9649465634,402027.0322204911,683277.1344653926
2022-03-18,5215611.083423392,4723694.859577437,1647278.9944544942,1469422.8335713984,2471469.837755273,984277.9454713801,1739237.6875517592,406430.3219684091,697262.4306651717
2022-03-21,5184289.884215007,4715184.728051334,1638189.0596499885,1466775.5453885477,2461354.3020585356,983069.3733244543,1721989.6769512226,406311.479529242,694465.3593174681
2022-03-22,5241197.864459146,4730712.311115415,1654739.7038563108,1471605.7864991215,2497657.540421013,987419.2471020898,1759946.155412293,411065.85704023193,708113.4547422605
2022-03-23,5187967.06875529,4716298.454565123,1639268.3768190246,1467121.9977353578,2487715.2733202116,986240.0799340992,1741521.578915723,405772.0176312514,697936.8927538837
2022-03-24,5298669.823914952,4746489.889446428,1671318.9265732137,1476513.79485852,2533928.233603227,991736.3367765492,1776468.6030426829,411888.767024475,713449.7024104785
2022-03-25,5332481.157021905,4755576.235043009,1681054.577410862,1479340.3287668787,2548779.5774844564,993480.105662541,1761064.0628110925,413900.2492143687,712854.6066083028
2022-03-28,5380464.069283442,4768413.771108484,1694634.7710839568,1483333.7638176542,2556765.12194836,994413.9031114677,1781629.2032475425,416844.3193609705,723884.1594260443
2022-03-29,5422288.59143194,4776195.923800455,1706437.5357432622,1485911.7854516245,2549303.013451073,993296.2214879896,1824093.9761584918,422001.10564856336,736342.0027077466
2022-03-30,5428122.475634192,4781334.671669897,1708074.9203895177,1487337.568166917,2551715.438489004,993811.6449660546,1803619.9199860904,419395.2930116506,728208.6836918248
2022-03-31,5389283.171105016,4747123.263544438,1697177.1934409097,1477848.172529287,2542638.289609411,991872.546299496,1778785.2145860624,412940.34523432946,719182.7209726396
2022-04-01,5396164.574660209,4753184.713623336,1699106.0596939775,1479527.7682003612,2548871.0985207697,993196.1854166068,1794857.7540205459,414110.6180693721,717813.9400888965
2022-04-04,5481734.355563868,4828558.429326767,1723150.5841381417,1500464.9789091032,2575374.756157228,998955.5591615674,1845528.6240749604,417658.12400410324,732592.717537823
2022-04-05,5383459.036091154,4741993.103199077,1694949.3545015536,1475908.240907567,2532775.530625532,989311.7698480776,1801396.3071911242,412382.52484013914,716326.1400447184
2022-04-06,5334777.434541009,4699112.156719155,1681061.6044657128,1463815.2278207014,2514367.069138971,985119.8287714457,1774480.8488298769,408258.92870340525,700773.6775142249
2022-04-07,5399081.120925401,4755753.738887943,1699467.892528901,1479842.8407784747,2526558.131875684,987889.554200591,1769618.3639783578,410316.14453842124,702440.0062990558
2022-04-08,5330300.016972749,4695168.245734323,1679792.7933641367,1462710.3872801878,2500066.369397424,981870.7069770799,1747890.6660284214,409219.03962301515,692620.5017919845
2022-04-11,5191127.139165591,4567883.340613188,1640089.2717073795,1426821.6639927346,2447865.1852040254,969371.8298880027,1719103.4985849503,402224.5116965201,676234.9051384449
2022-04-12,5217582.571529062,4567883.340613188,1647593.728089529,1426821.6639927346,2447633.7037970466,969371.8298880027,1712559.2875110717,400734.192034009,673378.3242105237
2022-04-13,5289150.661963689,4563315.457272576,1667702.5143683818,1425552.0523986404,2473844.7146809413,968790.3517847861,1740269.5292326708,405323.9934607095,687066.072509215
2022-04-14,5197752.84259812,4479896.932628076,1642040.9654977764,1402363.8930010863,2421391.8161482806,955887.5451340397,1701497.1964805678,400277.032959561,671354.8774056487
2022-04-18,5259021.388035389,4475417.035695448,1659461.5865661602,1401115.0258283704,2444404.5321845273,955316.5825560526,1687227.0105396537,400441.6090438505,671870.6674600268
2022-04-19,5338095.328233807,4538233.3889211705,1681667.6101870325,1418628.3476635613,2482086.902564621,963542.529577215,1723402.0375739553,406905.7804134652,686887.5437685623
2022-04-20,5370467.735051362,4538233.3889211705,1690833.714166887,1418628.3476635613,2441974.244476251,963542.529577215,1696156.5106094752,406604.0329566048,676869.6538145194
2022-04-21,5342034.614067331,4538233.3889211705,1682805.0975608153,1418628.3476635613,2408508.505948722,963542.529577215,1636577.1053780008,400523.88230459724,662864.5009084216
2022-04-22,5244219.890468487,4538233.3889211705,1655140.8402264614,1418628.3476635613,2352525.5789242126,963542.529577215,1596241.7298114686,389533.7947100333,645506.8337263432
2022-04-25,5223380.8897159975,4538233.3889211705,1649159.6249333746,1418628.3476635613,2364402.996961261,963542.529577215,1624713.1054628193,391792.155807759,653798.8247765988
2022-04-26,4985490.556370201,4538233.3889211705,1582092.2897994008,1418628.3476635613,2254517.1349009806,963542.529577215,1559422.4565721096,380445.62958408095,629121.2370728037
2022-04-27,4987874.148166676,4536871.9189044945,1582694.084917621,1418202.7591592623,2251958.9639620865,963253.4668183418,1548730.6176062569,381515.30022497283,628367.4086975552
2022-04-28,5087331.260026295,4564011.186928955,1609399.775555822,1426686.3543503617,2319444.3675177097,971913.3336242917,1588542.3045290257,391152.1804040051,650684.4093602274
2022-04-29,4939505.213203426,4524225.313141631,1568916.7697083815,1414249.4954331787,2238857.033400926,961782.8162926998,1531011.5754705304,376696.9192610483,621404.4851184051
2022-05-02,4990638.128015459,4538275.515593626,1582732.6278623638,1418641.5162440673,2249104.8718230836,963103.5162862501,1553063.5904740829,378964.3561370886,631779.4325537533
2022-05-03,5038717.115644855,4551391.815760622,1595519.635997662,1422741.6040180433,2249107.075912475,963103.7994343954,1556609.1318050788,380701.5842702275,632453.8946424654
2022-05-04,5222258.627523366,4601128.841029759,1644231.275983858,1438289.1415571007,2300556.084083679,969713.187103506,1597264.0182542556,392295.0485273293,653838.5381892364
2022-05-05,4971532.771445251,4534857.402757081,1578230.9167275184,1417573.0318031234,2197349.975781676,956662.3871379036,1520842.3435362827,378351.7854450531,620908.5517703457
2022-05-06,4996838.095423715,4541782.190808284,1584558.7542171408,1419737.6848275755,2187761.056293828,955409.9659885524,1486668.4745694278,376093.4539101232,613469.5515494549
2022-05-09,4744633.486071441,4473011.197152618,1524774.0137246086,1398240.2269544115,2080487.7379823432,941355.8721324696,1374929.0585898594,364051.96548247954,589466.3653956332
2022-05-10,4823858.083111307,4495417.933775554,1543816.8329590028,1405244.4572413613,2107908.5410776446,945077.9898178229,1388827.1631201557,364893.11571173905,596627.6744217548
2022-05-11,4640695.725691698,4444210.497809342,1502208.6387137852,1389237.2769032642,2081049.0975209365,941465.2710831825,1322554.5517174893,359096.413145984,578932.7459259509
2022-05-12,4577782.707705435,4426135.706128721,1487697.0197432614,1383587.1902596732,2062736.3261714613,938979.8652948199,1345221.7192772336,358721.4386438954,577563.965042208
2022-05-13,4749732.474958988,4476011.79591475,1526000.5148367537,1399178.19864937,2112993.875098611,945843.1990989883,1418122.604286006,367297.7239603503,598968.4652952978
2022-05-16,4732004.84083119,4470999.99157284,1522030.847238924,1397611.5344646387,2111393.5005822526,945628.2855533105,1397144.7863334143,365807.4042978392,592025.3984224664
2022-05-17,4808674.872686782,4492732.326385077,1538433.5387489623,1404404.9502243523,2130141.423512363,948147.2711729779,1444180.5381673186,373332.1409672355,607359.6793384084
2022-05-18,4571262.7640729435,4426188.273192601,1487637.1269885025,1383603.622452684,2070443.3656094428,940175.6102207701,1389644.1397924423,358282.5493772597,577544.168874628
2022-05-19,4521821.8602583045,4411826.72191183,1476898.4263261906,1379114.27560396,2072952.1596956712,940517.3786144557,1402552.9885659239,356088.2804208559,574449.4890870978
2022-05-20,4479622.664578486,4399474.916938284,1468181.809630275,1375253.165083937,2121878.6979284054,947176.9041517098,1406852.706928026,356243.6624756476,572664.1411418318
2022-05-23,4523050.339003967,4412270.121711666,1477204.9364374175,1379252.8800941855,2162119.7117621354,952565.8114827703,1422883.584089079,362909.0677963596,582186.0977478152
2022-05-24,4520055.781509938,4411393.757605475,1476572.0383060926,1378978.9331951672,2147660.0764570707,950654.6655601115,1377722.2243365166,360138.70863795327,569807.5602139106
2022-05-25,4561016.953556581,4423386.6975649735,1485193.5835145516,1382727.864362944,2195236.1305996715,956972.480702564,1405415.4659547838,363320.5227884811,577782.2071954983
2022-05-26,4628724.168801123,4443085.935583044,1499439.8840675275,1388885.7445521886,2199874.8872656077,957579.1346855363,1439400.9639857402,370580.1107422331,593790.8896614136
2022-05-27,4774364.747525423,4485025.803895463,1529970.3878280802,1401995.9310468985,2236102.350555567,962309.9486718042,1492429.1543083724,379677.55858607055,613172.0036483671
2022-05-31,4722361.986955435,4470370.426560641,1519136.5317757346,1397414.7356893308,2200166.029898599,957670.3740729579,1475712.918124178,377547.2043942139,611545.327737435
2022-06-01,4686946.835029393,4460312.8209645655,1511914.5650026586,1394270.7800604634,2181577.7647310626,955243.0894115568,1453916.7887524022,374493.33802396356,607022.418024683
2022-06-02,4687446.259689227,4460455.403564183,1512011.5196126448,1394315.3506456155,2168905.244278813,953578.4220616495,1507865.4436142326,381625.03732302965,623646.1135378317
2022-06-03,4617165.765464685,4440392.260893628,1497560.9231279865,1388043.715739145,2155866.558441524,951858.6499094161,1474702.2017623922,375361.98165332887,607419.188918626
2022-06-06,4648110.069347537,4449320.130573416,1503954.2868967687,1390834.5217481335,2178153.7374851275,954810.7218832123,1490014.1527715146,376504.90890224464,609442.5751847624
2022-06-07,4745701.274443557,4477345.360629656,1524233.2900650625,1399595.0641002813,2221993.467565719,960575.9684227534,1517351.003644383,380116.4182899105,614699.456566444
2022-06-08,4695265.013968546,4463070.090625112,1513835.3225850463,1395132.688333439,2198678.016182266,957552.1617439141,1518707.1012108198,375983.7759376579,610275.7698465472
2022-06-09,4571934.183004651,4427900.565073987,1488474.4069620809,1384138.876062236,2150702.6702222833,951284.0002537436,1470448.333391502,367041.7397114079,593929.7655281676
2022-06-10,4466235.8041055715,4397190.023785285,1466554.815133498,1374538.9192705466,2118499.9460371924,947010.8940676576,1408084.974085721,356399.1036560309,572981.5457492385
2022-06-13,4206744.184372315,4320546.021211704,1412274.3501435888,1350580.3994212341,2022945.332727157,934196.4599744735,1329854.4285718987,342867.29556587624,546340.0208207858
2022-06-14,4209373.675645512,4321356.208679277,1412780.9614347003,1350833.659844382,1988097.0254085304,929368.5739006652,1330832.51354035,341834.13497781305,547331.8875169045
2022-06-15,4314656.611893513,4353781.346380091,1433852.2479525045,1360969.5906300405,2007293.4845541911,932060.6838377763,1370416.9364429417,346707.38449076604,560999.7791092768
2022-06-16,4232705.273945522,4328973.007833381,1417544.252627022,1353214.631969978,1961099.361253165,925625.7913094219,1318153.2597336543,335232.7626728314,538365.4343779369
2022-06-17,4312148.643399725,4353348.071516803,1433230.4098730464,1360834.1511427516,1955232.2191528245,924795.0157521014,1351439.7603102012,335955.45477926935,544911.7303568252
2022-06-21,4287525.852683705,4345890.658472169,1428403.4936764683,1358503.0022928095,2014333.5725195524,933181.227346155,1379272.2198398525,344412.602028599,557587.7552530788
2022-06-22,4234351.3768802,4329721.161265363,1418041.7909910167,1353448.500873592,2031943.0326416572,935628.6101183778,1379599.5450507984,343788.26534383005,556774.4778363515
2022-06-23,4373425.197356227,4372383.010264068,1445556.117750246,1366784.3748066188,2083869.0083390146,942801.5614792628,1427449.1416140422,347158.3058152975,565066.4688866071
2022-06-24,4469650.639487452,4401243.763747452,1464333.6838758583,1375806.0974721846,2074015.819237151,941464.2026481251,1469621.451410465,358195.6938831619,584427.665628503
2022-06-27,4473572.536247615,4402402.3256832715,1465069.4257931036,1376168.257957075,2093668.153454932,944140.4554991747,1459847.1951934227,356827.6459441322,580142.8547753601
2022-06-28,4315858.572757923,4355840.859604386,1435455.9343381044,1361613.3838403025,2059200.5815108172,939477.5060692615,1410269.7689077416,349536.6623012271,562467.782985875
2022-06-29,4350506.9253166905,4366331.660490177,1442049.1361442173,1364892.7540821696,2062164.754679718,939883.2131248947,1402614.527749852,349251.88388916315,562983.5125015144
2022-06-30,4325783.578826351,4358887.677589757,1437430.2083566599,1362565.803426032,2067798.867660909,940653.5795371593,1385373.4068102627,346414.5058726493,556000.7927547842
2022-07-01,4436905.528391999,4392479.378689344,1458192.272905544,1373066.3959126256,2098343.420517028,944822.0472874059,1414559.0400155257,350078.3709716995,559670.7116381715
2022-07-05,4512693.4099795595,4414988.0869476795,1472280.4689239194,1380102.5020067976,2021817.7876063522,934484.8778160502,1447262.537971957,350739.48377445946,569252.1172856337
2022-07-06,4588021.505838393,4437097.232126504,1486037.5918373195,1387013.7067433936,2038075.2721563964,936739.1423036525,1447620.3164916073,351924.0650026754,572902.179462702
2022-07-07,4700695.037669349,4469787.363302973,1506351.4975785762,1397232.4731226172,2047353.0084222762,938018.4108612399,1491627.7676195153,357194.8749937179,585161.6978361714
2022-07-08,4745440.659556442,4482551.651158576,1514305.0549986747,1401222.523663848,2046965.631968912,937965.1665633057,1493891.7594989194,356900.99124054355,585895.6695051012
2022-07-11,4651726.533660481,4455994.892372064,1497855.492572983,1392921.0178557553,2032705.0037116432,936004.8054781378,1443594.6911314786,352823.95650721475,573378.3166431814
2022-07-12,4677874.161168477,4463509.114915899,1502517.3969182489,1395269.9250621055,2050109.9865269521,938409.1603930882,1432609.4719871595,349701.8592042286,567823.8268216731
2022-07-13,4717497.677575909,4474851.441829119,1509534.2408946669,1398815.4779476936,2062906.3724333576,940166.3703720766,1424605.481885722,347865.270514363,566653.4313849016
2022-07-14,4742010.275016617,4481826.976709948,1513871.3185742248,1400995.9941693181,2076717.7671677424,942054.7268720208,1423970.077509137,347020.5431868102,568676.8781897767
2022-07-15,4819404.348821384,4503771.267909178,1527570.3894571117,1407855.666402264,2121435.7117439955,948140.3036022926,1450071.0786748033,353650.44358975114,578992.2555061686
2022-07-18,4688519.44725354,4467077.376937244,1504515.868713274,1396385.345363699,2066973.1977566197,940837.9699617671,1447395.4989929018,350730.37843334913,574092.4316057924
2022-07-19,4830599.360684554,4507688.190701278,1529825.7039855495,1409080.0762622876,2117710.6133364374,947766.3162693582,1491952.9562568122,360206.79175671,591747.6466889585
2022-07-20,4781593.579718771,4493969.223531276,1521276.0128569317,1404791.5978919282,2081682.6301320572,942929.0960123703,1523070.7122262665,362502.49066554726,601130.727428188
2022-07-21,4746933.243941849,4484196.593570457,1515304.7790670092,1401736.7241766427,2085291.2190461499,943419.4652117947,1538063.8886846532,366193.84916470316,609759.979792169
2022-07-22,4667298.360593846,4461628.435080284,1501499.8552423022,1394682.0342466624,2070053.9003464277,941351.3824048002,1492969.810289179,362796.28573033406,599067.6277494141
2022-07-25,4712653.680127197,4474635.440483282,1509396.7591071103,1398747.9570411912,2092628.8093003582,944431.1459435015,1490647.9441147721,363237.0965786976,595655.603893216
2022-07-26,4731861.171425031,4480106.658640888,1512829.2605477234,1400458.2316149008,2103002.859704493,945835.7299195572,1458302.8250888998,358939.5825141975,583951.5889867623
2022-07-27,4760167.768796275,4488146.829565526,1517866.1499680856,1402971.5475720738,2114818.087796076,947429.9167512014,1519697.8066276272,368259.96340125875,608629.2372292961
2022-07-28,4727077.754171634,4478787.106246442,1511935.723542387,1400045.7463430855,2101223.0844700863,945602.7648637124,1558666.169702104,372878.82505624316,614580.4374060087
2022-07-29,4699855.627883393,4471049.422550624,1506986.2537701104,1397626.9863333122,2092624.6240193262,944441.9084031245,1576430.2690876834,378314.9502014704,625788.5189644032
2022-08-01,4666629.434037821,4461566.836281881,1500922.1584132363,1394662.7787800287,2067266.88114857,941008.5766729951,1577720.5806241296,377194.63849135133,625411.604776779
2022-08-02,4790720.298177944,4497158.242796502,1523646.3787620063,1405788.4688642186,2067994.0425380794,941107.8766391089,1603656.0890800992,374706.1605910194,623546.8905449766
2022-08-03,4855891.293329652,4515511.491982177,1535729.4720641149,1411525.599887513,2027851.5745670202,935627.4363643974,1631163.5008520337,380573.9025551124,640527.7040781694
2022-08-04,4912741.250351856,4531370.98833901,1546517.114903475,1416483.1966401162,2033025.895291265,936343.648018377,1650640.724225078,380316.73579433747,643523.1003341058
2022-08-05,4956062.914190297,4543358.5847142525,1554629.5508817036,1420230.4574310186,2021292.4946302697,934722.4445889435,1657886.2790211255,379673.8927993898,638266.218952424
2022-08-08,5057319.1596662365,4571205.896588876,1574582.4974415938,1428935.3834773537,2029945.987951104,935922.9558141974,1662332.8556538208,379233.20020220947,636203.1192736501
2022-08-09,4935949.4505170705,4538294.827743071,1550718.5585775725,1418647.5531223654,1992290.4533914104,930714.5395188293,1634950.7799233955,377727.2418207134,629002.1573736297
2022-08-10,5336637.173935138,4648816.969893729,1632149.6167225156,1453196.2046487904,2136073.8024460627,950865.404561335,1714627.1698122486,385660.9797701788,646558.2100026796
2022-08-11,5156552.510867009,4601754.712685522,1596751.5233619823,1438484.785808239,2073588.171311974,942520.8298290086,1691231.987560471,385660.9797701788,642888.2911192924
2022-08-12,5363455.138679363,4657147.252988137,1633903.7376738358,1455800.2081737393,2149605.536231348,952886.6224473024,1729597.3708157567,392189.8936626234,655405.7045199509
2022-08-15,5393070.63534418,4661601.888630241,1639005.871745799,1457839.4012333953,2159980.918177526,953926.367990459,1735702.019077693,393806.0325841135,660702.2387755312
2022-08-16,5260295.210521829,4546834.956586145,1616536.0009793614,1437853.2233260258,2111586.710419477,939876.055952378,1723270.5899094285,394577.414615255,659154.9291511356
2022-08-17,5075340.7795909615,4386966.120660387,1583437.9579431005,1408413.651403941,2083582.1532950567,931525.1656564377,1689603.2735101413,391776.66490275314,651636.5626437085
2022-08-18,5134395.880927326,4438011.506589266,1594035.0918926573,1417839.437899359,2105134.0290267435,937888.3224679343,1690079.8460163625,392915.27598348033,653203.728974423
2022-08-19,4977154.625888016,4302097.074714769,1566520.9471629448,1393366.5516396603,2063277.446141214,925451.8085415423,1646929.6800552993,387635.3015257358,640468.133959213
2022-08-22,4907582.514685648,4241961.113792711,1554170.8439618028,1382381.5592328021,2024974.9473432438,913922.6429502785,1607999.4294390944,379563.80094778317,623606.4001251941
2022-08-23,4947151.250677808,4276163.09387117,1561102.9051265554,1388547.3894302081,2025246.4865950549,914001.0877323203,1611758.7623572322,378645.4918214525,623090.6706095547
2022-08-24,5071004.097610246,4383217.628144971,1582662.6443056234,1407724.0365657562,2077330.4302828116,929720.5455057096,1636367.2322472765,379857.6255753659,624895.8752611395
2022-08-25,5136081.232378261,4435085.054139606,1593887.7923640918,1416934.5000116068,2100095.4658819237,935913.8528300514,1680747.567669199,385220.25761020265,635945.2242464611
2022-08-26,4945757.573124866,4435085.054139606,1561043.8718990828,1416934.5000116068,2025865.951839961,935913.8528300514,1613792.686237176,372180.9361354922,609878.9989526041
2022-08-29,4891189.554575379,4435085.054139606,1551443.3238531665,1416934.5000116068,2003639.362268375,935913.8528300514,1598215.0753008367,369720.0107608576,603868.289195674
2022-08-30,4797395.617681547,4435085.054139606,1535261.606852097,1416934.5000116068,1969857.9838214268,935913.8528300514,1577961.8939663724,365661.3049609327,597143.4039373941
2022-08-31,4792305.902830423,4435085.054139606,1534375.8446655255,1416934.5000116068,1948796.6185130326,935913.8528300514,1571989.533960934,362878.9137446306,593671.8705009785
2022-09-01,4796438.295246621,4435085.054139606,1535091.6591083184,1416934.5000116068,1976461.8000742223,935913.8528300514,1564907.8119351214,364017.55438815354,593929.7655281676
2022-09-02,4644607.774288731,4435085.054139606,1508769.0950864865,1416934.5000116068,1923927.1085470612,935913.8528300514,1539347.4614373161,360179.2392310125,585538.6120237956
2022-09-06,4650807.301957747,4435085.054139606,1509855.4395467627,1416934.5000116068,1932407.9041928346,935913.8528300514,1531109.833047084,358820.2375075015,581333.0463797115
2022-09-07,4839889.433189245,4433754.528623364,1542841.6530396587,1416509.4196616036,2002354.9334270777,935633.0786742024,1570581.0268338285,365266.4051344663,593076.7746988027
2022-09-08,4899529.382508659,4450145.123844518,1553161.270051122,1421745.9370138247,2022602.1498517122,938471.331541621,1582558.1256777027,367653.92608709785,596151.5372412754
2022-09-09,4966311.9973416235,4468342.320221225,1564443.7618261825,1427559.6328133168,2039316.2569395674,940797.8954190625,1617190.2570895553,373365.5173637081,609184.6801575733
2022-09-12,5033437.24629204,4486460.71013316,1576426.3596697988,1433348.1512830858,2045792.411863384,941694.1889049798,1637868.5834738738,377378.28257894,616425.2949314924
2022-09-13,4827595.999712916,4431418.879663392,1539951.7055990866,1415763.2194081922,1978828.9739828217,932447.0512253868,1556596.124331779,360969.03888394526,582622.521515657
2022-09-14,4903892.766126036,4452429.519192495,1553787.9076185569,1422475.762606954,1994631.9109611798,934681.0091135987,1570262.6931325758,362346.33997806435,587244.5936825253
2022-09-15,4864768.873299561,4441772.901054579,1546896.7215001362,1419071.1537417937,1951780.4232949682,928656.9695631777,1562591.2235632953,358232.52912674454,577464.8025880916
2022-09-16,4798690.825273082,4423673.150127695,1535200.8509935292,1413288.5901118175,1928492.3269828425,925332.8272534185,1533861.0710433922,355499.62603063293,573933.7595714583
2022-09-19,4812688.490991669,4427544.274581743,1537691.2153939633,1414525.3487592442,1926653.4311210127,925068.1245087339,1540040.2165521625,358256.4749913528,577365.5795952365
2022-09-20,4700879.311894663,4396685.841191555,1517818.7664539588,1404666.6023421814,1876376.1719090396,917826.0503816402,1518497.4911910472,354144.2309682111,572763.3641346869
2022-09-21,4575652.662480239,4361548.867879321,1494980.4459735488,1393440.9349413672,1851066.8727252556,914112.0508453725,1489293.4079863632,347966.6413412049,562507.4358597737
2022-09-22,4453809.3923183875,4326706.272763387,1472558.2670613553,1382309.3163845548,1820193.7153558843,909538.2249699023,1456627.1787009009,345043.7677192007,555584.2256932613
2022-09-23,4312807.713722993,4285612.94387277,1446634.7593186607,1369180.6943368015,1780426.4885571816,903576.8024186664,1427665.3296981596,339262.6151840431,546538.4062677573
2022-09-26,4218259.185185928,4255284.433936712,1428830.6631029672,1359830.7595758892,1727747.4083419212,895238.5597347318,1408985.2529677292,335906.3509754244,544276.9211420119
2022-09-27,4241557.106586093,4274086.3667577915,1433181.4112503147,1363971.4050076457,1732277.830373557,896759.2267083656,1416816.2767004992,335048.97077126376,544495.1632953022
2022-09-28,4366140.494553531,4374517.438961782,1456244.0035107455,1385920.2777195347,1792502.9216432665,916755.9515192074,1457012.7946716389,341641.4151119099,555326.3306660722
2022-09-29,4158000.4530900214,4207685.933239206,1417791.2745221085,1349324.47597853,1712074.6236841478,890200.2487660904,1408649.6428729987,334504.95620271796,539317.587661418
2022-09-30,4135748.800699816,4189671.8967695334,1413606.2568717203,1345341.5577242374,1690693.357338456,883038.6722287125,1397117.2105603083,329332.23556818214,530172.6057817977
2022-10-03,4145724.737944323,4197756.7019028,1415414.8405827708,1347062.8028130108,1733007.6627175128,896728.2623939376,1423671.7161747066,338027.0676958461,542610.592357181
2022-10-04,4348646.507059725,4362131.5738705,1452699.5351676513,1382546.9758974593,1804316.3233940606,919558.0288410563,1487924.4740699078,348501.3436290696,559670.7116381715
2022-10-05,4240255.497921502,4275149.871859459,1433153.0379970893,1363944.4019319972,1765891.6503662514,907603.1501797998,1481821.366154655,347689.96313519357,559373.1637370836
2022-10-06,4150253.408323011,4202555.676155415,1417280.159616739,1348838.0434096144,1726947.6475791023,895826.3379288146,1472855.1431766925,344103.197807623,554969.2731847668
2022-10-07,3989331.8946831054,4072196.0948909703,1388828.0161764137,1321759.88724659,1693092.2651258106,885541.9370042697,1410059.8600379075,334504.95620271796,533822.667958866
2022-10-10,3921990.442831457,4017203.90983461,1376727.5382714511,1310243.7555693747,1698366.5985583798,887146.2765755416,1385308.552743555,331950.8193328859,528486.420290648
2022-10-11,3903660.637188495,4002184.073765401,1373467.1455017773,1307140.810979095,1689657.1080072194,884501.0312516431,1368220.1472669705,329848.6384854388,521225.94881041
2022-10-12,3844137.072907403,3953363.3830096363,1362829.7076137702,1297017.0674056078,1634792.227095347,867655.5437130895,1363818.6591283754,328760.5797855514,521047.42006975727
2022-10-13,3891469.794040815,3992305.4796098517,1371407.9911934575,1305181.0956402,1646540.994123211,871345.286208998,1380535.207761429,337436.90560303663,533267.225030589
2022-10-14,3777992.362751805,3899171.1946790693,1350655.5085875655,1285430.7746863014,1566783.223520423,846385.7791427337,1336719.056387878,329747.1494074136,517238.62531961617
2022-10-17,3878914.6205981937,3982498.6602560477,1369317.3083476156,1303191.3743137275,1570912.8419405157,847689.0179169904,1384949.8993971613,338220.67444562365,534318.6013069254
2022-10-18,3923234.272464291,4018901.205079791,1377331.141222138,1310818.2098277486,1589683.5676279194,853478.3308931789,1402356.2883006642,342194.5941471576,538543.9631185896
2022-10-19,3745228.874285924,3873024.3984316085,1345606.4004099395,1280625.4938467569,1544070.3902560878,839490.4164648486,1370574.2752768192,339769.70582061884,536580.0258939321
2022-10-20,3730475.191736294,3860818.709668766,1342901.4733644763,1278051.1908913306,1545591.0983827775,839958.3706198398,1362820.533858549,336920.650499759,533842.464126446
2022-10-21,3771101.149467188,3894455.0588508965,1350149.91841136,1284949.6000509174,1563878.3085300177,845583.4393450879,1388736.95625687,345108.27373966406,546359.8775271046
2022-10-24,3719976.5697303447,3852217.554144155,1341064.0551535361,1276302.503754385,1561742.8224873487,844926.7372527872,1387092.2790082647,349331.20087032876,552370.5872840347
2022-10-25,3780877.5554972664,3902670.312012579,1351931.0547418525,1286644.7232252352,1617112.9429228592,861826.450332918,1429011.6949963623,354909.5230634151,563796.8504569804
2022-10-26,3847191.020681957,3957429.9995325687,1363650.5203512968,1297798.24213622,1648563.7254390717,871268.7471939748,1420539.6784999592,352235.59774494986,551339.0071752784
2022-10-27,3828645.235403862,3942168.23652057,1360412.458130664,1294716.5497266557,1682188.391522572,881040.4407722091,1402503.7157621887,350354.6648613652,541301.3210536556
2022-10-28,3902609.263909395,4003093.942798781,1373416.8716279508,1307092.9648894228,1706934.7999717337,888109.024520548,1430614.24414579,358689.8360151716,557865.5069865866
2022-10-31,3912916.7784742583,4011552.2733831923,1375216.4060111267,1308805.5976529464,1721515.099568709,892226.4271668504,1416896.734928183,356098.8934645527,551378.7205879159
2022-11-01,3902663.229981641,4003142.660177599,1373431.8806713196,1307107.2491285368,1711411.6961733643,889394.3505212086,1411295.679970178,354540.6384972639,545744.8644798712
2022-11-02,3846419.138617159,3956988.9219212458,1363615.7786543986,1297765.1781564904,1664648.870537566,876277.3084041136,1371583.4410351452,345643.00559032464,527038.2731203686
2022-11-03,3873901.607051489,3979606.909035524,1368479.835904889,1302394.3443945602,1686576.0662663658,882508.0565367673,1365177.877594946,342084.0588536138,516742.6919715568
2022-11-04,3844184.131565811,3955184.2194046616,1363137.6088004683,1297310.099683955,1660350.9792957662,875093.008707074,1367079.1100835574,347007.7129334275,525054.5397281311
2022-11-07,3929786.526596278,4025643.5377682364,1380074.7501347724,1313429.3266577474,1653498.814924393,872963.227244966,1366525.3641888297,350326.9940844846,530827.211164191
2022-11-08,3960078.3787609558,4050468.132811955,1386079.9516451838,1319144.5299650275,1674692.4351414635,879593.2314590347,1373823.882386961,352217.15056036273,534695.5154945496
2022-11-09,3868555.557578982,3975578.6513085873,1367529.6759871037,1301490.0688102758,1645417.0324460885,870161.2665696813,1337205.0085286284,344960.8145141502,522356.6913732827
2022-11-10,4110600.859260504,4174571.814455365,1417029.6783128832,1348599.6581408223,1751885.6209039476,904547.3232445074,1450446.0828641877,363917.8095150814,560900.6166551606
2022-11-11,3998422.027239479,4083432.12828934,1394587.6631558945,1327241.3941383774,1728709.9199377152,897171.7299460265,1485321.6885735544,367439.9801338012,571235.8506778711
2022-11-14,3924266.523347785,4022846.434229448,1380457.532633071,1313793.6241415958,1672281.6678293475,880663.4594351014,1454994.953626763,364314.18748133845,566236.8643233785
2022-11-15,3935820.5084629967,4031517.247421408,1382659.7290033181,1315889.473873981,1679158.7384878797,882702.2876728977,1493817.489021905,367421.4738236224,574072.6354382123
2022-11-16,3926806.211108753,4022283.7736949325,1380924.6381661904,1314238.17260231,1693113.1059046767,886799.3747062753,1462797.6510974094,364618.59558982204,566236.8643233785
2022-11-17,3927131.2306006323,4022616.69580976,1380985.6900219703,1314296.2761925834,1676691.5315169604,881977.4436476073,1448910.2636903028,363502.8069874624,564987.1026000705
2022-11-18,3995936.7175084944,4093095.140289079,1394268.7583504221,1326937.889618873,1691656.9117924133,886374.7748138957,1458743.96510895,365153.32744048274,565006.9593063896
2022-11-21,3992943.439554303,4090029.082862756,1393684.9540365178,1326382.2778979596,1687825.4739729562,885236.259521663,1442461.903343549,363825.5735921457,559194.6349964308
2022-11-22,4010109.5772204273,4107612.603230055,1396996.5641214466,1329533.9664594498,1708092.1498380862,891258.3307038867,1454330.6415504585,368721.58645787445,567248.5877258161
2022-11-23,4032206.207656047,4130246.4978702054,1401350.0007733554,1333677.1705647386,1759467.2096658768,906746.9771924813,1480308.5854664338,371045.0743947757,572941.8928753396
2022-11-25,4066283.999386122,4165152.8674107934,1408046.0247776492,1340049.8357398566,1773098.556619639,910788.5276873489,1478947.3020249344,370962.1211897251,569172.8115378361
2022-11-28,3997755.1978170397,4094957.8356818785,1394577.4557270152,1327231.6796381744,1727042.8502825291,897345.2922385498,1450319.4704621609,365042.70345855143,560821.2503686241
2022-11-29,3990434.7711875965,4087459.4179690722,1393128.6258761992,1325852.8154750464,1712052.8812279985,892916.5652403922,1442915.1896604467,364415.7061221593,556576.09238938
2022-11-30,4084852.496342131,4184172.844459004,1411725.2971175362,1343551.4317160866,1751371.2617112265,904496.6389770993,1501489.1705135682,375895.02842462814,581947.9988882061
2022-12-01,4076441.7201580224,4175557.566100267,1410051.1005937757,1341958.0841001836,1708867.34113926,891969.3090709691,1511426.232898958,375618.4093442084,582662.1743895557
2022-12-02,4058143.943872302,4156814.892107202,1406439.69621401,1338521.078660919,1739478.4107972425,900987.4979781184,1520298.1360326156,375185.0187575939,580341.1796835928
2022-12-05,3961721.534481001,4058048.03887721,1386881.1334764776,1319907.0217888246,1699714.5329975367,889156.3278064241,1493443.926220747,368435.773347957,570601.1020017966
2022-12-06,3979635.2435963782,4076397.307373739,1390563.946026267,1323411.9870140809,1658562.0146640488,876845.0556785472,1457122.2203957073,363124.8170802009,558778.007396169
2022-12-07,3990831.04689027,4087865.3288399135,1392853.4230703362,1325590.9025344877,1655119.3667747418,875806.2723249232,1446987.024415975,362507.0137733065,556496.7261028436
2022-12-08,3996180.2699390976,4093344.6145276832,1393930.5847210782,1326616.0467895344,1673409.4545414017,881265.1542309262,1467478.3061754603,365346.9341902602,563082.7354943695
2022-12-09,3960404.771119944,4056699.2593306173,1386386.073687759,1319435.8690162024,1656468.02841215,876147.5975768956,1456061.2631418724,362617.69688082935,559492.1828975187
2022-12-12,4010506.006688784,4108018.6716052843,1397051.6409644035,1329586.3835772565,1666220.9130937562,879099.6036789508,1496058.410782313,367845.6408179434,566514.5555181477
2022-12-13,4008445.5880638715,4105908.155334184,1396613.0333781491,1329168.956864229,1671076.4619939546,880574.4847585874,1510656.2920623242,370630.2492439315,572604.6315616142
2022-12-14,4020727.5107064764,4118488.7043858212,1399207.6105661832,1331638.238885879,1694842.0395420608,887788.3258007476,1504035.1410813406,368260.5842199708,568359.47358237
2022-12-15,3902016.017298452,3996890.823559569,1374135.1879496467,1307776.5928759798,1631098.9972947843,868559.3489281583,1442444.2130967563,359252.2977683045,549275.9680352432
2022-12-16,3857159.062453735,3950943.2030483116,1364473.0527760102,1298581.0535083143,1618081.333582801,864534.0733847071,1424680.2605575616,355010.92345305276,544038.8828211415
2022-12-19,3846393.9672559863,3939916.362046153,1362142.7471167091,1296363.2810342482,1619560.3212635557,864981.074820251,1389484.4162574096,352000.5439554429,535112.0825560727
2022-12-20,3827573.059285326,3916697.9204229326,1358022.1503621768,1291657.8737747576,1615304.1188350522,863194.1008193353,1395802.901906958,352482.1810248238,534695.5154945496
2022-12-21,3886127.1194550255,3912781.2225025096,1371045.456406109,1290840.7595704703,1628573.1548910532,862691.8882261526,1418215.4204742091,357752.7545134998,542451.9203228471
2022-12-22,3890124.9308755416,3912893.6728219693,1371933.4915451799,1290864.2279478153,1618548.9552126818,859100.5454545717,1394151.639053164,352649.00388159504,529180.739085679
2022-12-23,3901906.3293646406,3908980.779149147,1374531.3088708564,1290034.81486259,1616918.8871190182,858589.5672071397,1385861.4060745176,354677.4551162853,530370.9306900303
2022-12-27,3900048.183399427,3903210.2834463287,1374066.0868996973,1288811.2096039248,1596419.4163028377,851604.5090802604,1360200.7753532596,353278.78012079356,522872.42088892206
2022-12-28,3860915.092457667,3903210.2834463287,1364759.0961543806,1288811.2096039248,1571151.8919176653,851604.5090802604,1352531.2381964554,348888.2615006666,515969.06742872833
2022-12-29,3889794.3884455804,3899307.0731628826,1371651.4844218828,1287942.356337823,1592269.5119856645,851073.6134963707,1396944.939053163,355168.3749035513,528545.9298708655
2022-12-30,3860518.599507744,3866060.381760918,1364631.417970747,1280539.2403452052,1589841.5359867369,849734.0161375153,1394551.165443916,354232.8306672619,528228.525263459
2023-01-03,3887434.5230603535,3866060.381760918,1371451.027049026,1280539.2403452052,1612383.3808841887,849734.0161375153,1390848.5009158275,352741.5945580805,524657.8293729268
2023-01-04,3943081.982257807,3862194.321379157,1385744.4893209331,1279597.2917715798,1651778.7748376336,849178.5507888142,1424167.2954129481,355464.80105716555,527157.2922808038
2023-01-05,3900448.455127817,3816573.1762871095,1374684.4188303528,1268478.9588390728,1632301.1649131156,842077.7384545581,1403560.5146889556,351407.7212110103,518904.95410444704
2023-01-06,4021639.8952697413,3812756.6031108224,1407293.0146616264,1267505.2916220971,1691968.0781853003,841532.0359312792,1442148.9610109492,359466.2141588054,533227.5116179516
2023-01-09,4091611.7307394063,3879094.1133470177,1426057.6147013342,1284405.9865006406,1705797.8108611961,845974.1202936852,1461081.9170776173,359262.4378072683,536679.2488867872
2023-01-10,4105710.25351311,3892460.3612457355,1429724.4547058723,1287708.595879684,1719697.0232497926,850302.4865058137,1483217.2298024225,361781.897517612,541221.9547671193
2023-01-11,4107863.082595591,3894501.372751826,1430279.932148292,1288208.897231505,1761695.7026764557,863673.7547084251,1514452.0077152585,366357.7157418931,550585.1788000299
2023-01-12,4098605.8547846857,3885724.963778947,1427835.6218491143,1286007.3825460086,1779315.801786355,869208.4096243342,1524684.1168325914,367691.4708377801,553560.7788883862
2023-01-13,4071118.846958588,3859665.626464341,1420435.7476254385,1279342.5447061774,1789245.9814934079,872476.0037356012,1544392.6880634567,369117.99398692726,557369.5736385273
2023-01-17,3883104.1569792763,3681416.387504975,1368849.1339081784,1232880.0772724045,1788844.2444958347,872343.0180558264,1541014.3149916828,368441.774595507,558500.3162014
2023-01-18,3726826.8320305175,3533256.0802343735,1325449.6926216194,1193791.5428228942,1768726.9182434906,865715.2103463002,1511849.0962775487,362624.8215146202,551239.844721162
2023-01-19,3732577.192452633,3538707.7679141867,1327004.7405154228,1195192.1263641943,1730568.626485721,852817.8867103142,1490645.3769695754,359984.95253693126,545824.2307664076
2023-01-20,3684619.9263450885,3493241.394051686,1314272.4745990224,1183724.5682542312,1742835.904368489,856965.023467221,1530836.455627487,366691.1840786606,560761.7407884066
2023-01-23,3724562.613085764,3531109.4644365115,1324945.182902521,1193337.1465230691,1783688.7560970746,870607.7098196562,1577520.4075406776,371090.89672828536,573219.5840701087
2023-01-24,3687597.659317346,3496064.4640798173,1315084.1394256158,1184455.6096592639,1775010.878159903,867722.2546578331,1569115.2901089885,370692.6563058921,572049.1886333373
2023-01-25,3667278.281860872,3476800.4716325086,1309620.789113425,1179534.9390110462,1755741.5022340226,861215.9650634782,1560720.839231026,370831.5718834161,570779.6307424493
2023-01-26,3776675.012600696,3580515.154783926,1339242.4685362785,1206214.269487385,1811637.587791148,880272.11278865,1583609.079270843,374907.1876025459,581908.3460143072
2023-01-27,3841080.864886939,3641575.7780565824,1356540.4230404291,1221794.0020944718,1851181.8878114605,893696.3774286676,1613689.5696644033,375768.6179097329,587700.8741566859
2023-01-30,3703794.4156206693,3511419.9636154934,1320356.03826926,1189203.8458912345,1781200.1478426924,870522.4109161014,1569617.5398950789,371053.8841079278,575818.2699708408
2023-01-31,3843428.2033157847,3643801.19612667,1357144.3654320254,1222337.954327026,1842122.9821675473,890733.3321148398,1613507.8059244512,376509.6093867789,584447.5223348218
2023-02-01,3904677.269265008,3701868.996007746,1372561.1929489344,1236223.4140387732,1857928.9877687497,895744.9743660648,1644268.391646805,380511.08161401044,596945.0790291615
2023-02-02,3992138.7085141647,3784787.702977762,1393808.4307216422,1255360.1439370136,1891186.4148991408,906203.7673105842,1701779.1977512816,386050.11485146167,618369.3754498312
2023-02-03,3792580.280198878,3595594.3054882307,1345879.2963534724,1212191.8550294412,1843794.0130393722,891360.5305234814,1656982.3967225165,381946.73966706375,607379.4755059885
2023-02-06,3800915.719975261,3603496.803940321,1347850.1444600034,1213966.9369619072,1850323.8824820342,893417.4591405132,1645877.29181388,379612.6091236701,602241.6132847419
2023-02-07,3877698.3351400564,3676291.3431326607,1365517.9531256887,1229879.7857729327,1873993.6887967638,900778.6895374542,1667879.2065047945,384577.41461525497,614719.3132727628
2023-02-08,3835006.113828765,3635816.548535176,1355746.6660947306,1221079.0897638819,1855587.5144468164,895060.7873981489,1639681.5366251175,380372.1364736906,603788.9229091377
2023-02-09,3833798.0476671653,3634671.229124542,1355379.5475853216,1220748.4374772008,1862626.3355887935,897209.1374993628,1630071.9172806288,377074.58397755586,598452.6752409196
2023-02-10,3725811.721091249,3532293.69398464,1327985.8522863174,1196075.7833910724,1812070.577574115,879807.4652510906,1604804.080504092,377954.60928330914,594524.9218690821
2023-02-13,3695204.6213255636,3503276.3217751225,1319996.1824640578,1188879.734897602,1828150.6278892707,885410.337687115,1627967.2190307756,382391.36411608715,604046.8179363267
2023-02-14,3718198.7578518596,3525076.1467610905,1325928.2194866731,1194222.5371697152,1812950.1024479007,880069.5253056281,1648153.1578772746,382215.40635540977,608510.2180688612
2023-02-15,3811363.902547663,3613402.3096869425,1349897.5883432345,1215811.0063413882,1862591.300423044,897524.6519226946,1684987.472836456,383456.6890259945,613172.0036483671
2023-02-16,3739658.2296473384,3545421.017241345,1331580.9015775325,1199313.7330950673,1801769.7264401186,876313.0025785388,1647195.0218754115,378176.83281943336,601666.3136501461
2023-02-17,3720554.8901287043,3527309.901928208,1326766.285772966,1194977.3575529184,1801935.1815903413,876352.2630553418,1637498.7749432,377232.0649908503,597421.155670902
2023-02-21,3558010.628736891,3373208.161827522,1285738.5722548077,1158024.9649483657,1756788.1674194478,861154.6891796106,1583819.3234076188,369664.4327047297,583277.1268980503
2023-02-22,3563131.6175458794,3378063.1673487504,1287007.9501364862,1159168.2543453376,1748041.220378146,858177.8927269825,1594782.3537616364,369155.03617008065,583713.5506658921
2023-02-23,3688811.424479603,3497215.1864859853,1317716.6827910354,1186826.660045595,1755763.4413736665,860753.3497835633,1595330.3684537204,371118.7153191451,588811.7600132398
2023-02-24,3622790.1644870546,3434623.0595085393,1301719.0231836634,1172418.0628347374,1720057.165988587,848538.5542610986,1565752.63250316,367154.28527506697,578952.6026322697
2023-02-27,3656722.036514953,3466792.5158744487,1309731.1210022313,1179634.3115307991,1730171.7656660548,852019.7710758918,1575741.7894117138,368404.7915379453,583098.5981573976
2023-02-28,3622086.4210006795,3433955.868339154,1301582.1867040168,1172294.8184497855,1759577.4383417957,862203.3873238117,1577780.1758700102,367043.18828840274,582344.7697821489
2023-03-01,3560304.3618827597,3375382.7588639124,1287029.7286778148,1159187.869603916,1749192.704258662,858616.3163177134,1568862.68543546,365635.2010122301,577663.1880350631
2023-03-02,3567049.7132801274,3381777.757856952,1288643.627580613,1160641.4584287931,1771616.0818011137,866406.2879232072,1573069.0337496544,368478.84634145617,582443.9322362654
2023-03-03,3630157.9388135266,3441608.152889607,1303695.066963083,1174197.8243490756,1840892.7844432674,890785.2014316061,1615109.8771434703,374388.4196616242,594485.2084564446
2023-03-06,3612897.431986884,3425244.1538518695,1299601.1956043597,1170510.6010371274,1838067.3757369488,889781.8207073777,1614226.1987642439,374647.8331948809,595159.6705451567
2023-03-07,3564673.230494556,3379524.7091830703,1288119.563246026,1160169.4498916094,1816381.3115782158,882364.6346945802,1594213.8896958402,368904.93491750496,587859.5461910198
2023-03-08,3593562.154289117,3406913.1471891766,1295030.2013155567,1166393.6478591673,1831313.6846401577,887571.1865408845,1598434.5469290116,369507.01081702695,590795.4934054774
2023-03-09,3531784.0644896044,3348343.8008666197,1280326.5120722544,1153150.4897335414,1784178.388630755,871240.1373467915,1559919.1393974507,362689.74141422496,580559.4218368831
2023-03-10,3479311.964861444,3298597.09316868,1267786.4618545866,1141856.0543583168,1750141.8583364668,859334.44577701,1522395.5130370576,357456.26923429396,572406.2461146427
2023-03-13,3503345.9058058267,3321382.7153081093,1273532.140077147,1147031.0090231805,1747334.1614232098,858357.6279506409,1542439.7248205484,356946.8135740533,576651.4646326256
2023-03-14,3572878.261463145,3383982.189523357,1290134.6281430034,1161232.2388182275,1758339.3548207085,861527.3573503245,1564674.729972518,362847.1337391319,589902.7891634749
2023-03-15,3595861.9205446313,3383982.189523357,1295567.8930893145,1161232.2388182275,1727531.4979715857,861527.3573503245,1558846.8314492863,360577.8048441597,592997.4084122664
2023-03-16,3647094.678988175,3380598.2073338334,1307534.6413374697,1160465.9577775083,1756586.6817512452,860905.6991399773,1583167.2117246054,366904.21358528716,608629.2372292961
2023-03-17,3619750.284265321,3355251.892001446,1301063.138627712,1154722.3557704082,1730086.3243846262,851531.3145952481,1563382.326517601,362614.0606569444,605752.7995950563
2023-03-20,3660171.5358098545,3392719.526526237,1310622.9149123693,1163206.8689845025,1755055.8832495294,860357.0835309759,1566873.6869272755,366100.8150462805,606962.9084444655
2023-03-21,3674373.158967272,3405883.4243717724,1313963.6456943138,1166171.841555004,1802697.7955798425,877011.1401852114,1598349.6996852413,370907.90302220464,615631.8136823452
2023-03-22,3644253.9555369555,3377965.0580871063,1306898.1295265714,1159901.0394457728,1784963.0047169565,870873.326228366,1575009.6943667324,364585.2783189411,607260.4563455533
2023-03-23,3660830.4416454635,3393330.285522843,1310815.287256663,1163377.6037013603,1809643.7157768211,879288.4896850849,1590030.944219103,365570.87236854166,614461.4182455738
2023-03-24,3714276.526127104,3442871.016787262,1323413.6590376643,1174558.9377272965,1796448.8500331142,874813.7374612446,1589670.4994567435,367969.7158719694,616722.9033713192
2023-03-27,3712386.6107884673,3441119.1992535363,1322965.7839463349,1174161.4386627267,1797628.9565815462,875211.2107038618,1586042.7241228411,368657.78994451056,612497.541559655
2023-03-28,3676841.8377763815,3408171.7146113,1314672.738151704,1166801.1768182567,1809857.6776890384,879359.1386522157,1578130.9793656946,367830.2681641208,609244.1897377908
2023-03-29,3736272.833385574,3463260.034191816,1328610.4418806417,1179171.1976159282,1861534.624341489,897021.8152118134,1612731.594154869,373176.67022405646,620353.1088420687
2023-03-30,3729399.0817268603,3456888.5537175136,1327003.167381942,1177744.7058951147,1887869.8875850711,905963.3427789791,1624023.5193486053,375361.7155881666,626224.942732245
2023-03-31,3771061.439387193,3495506.6056236676,1336671.154317158,1186325.258458586,1904991.259492774,911660.5109544612,1664094.3941920982,380652.33265240357,636639.543041492
2023-04-03,3794672.515907875,3517392.399655531,1342134.6745202309,1191174.2536628814,1905386.9351259482,911784.670093876,1659372.4575174681,382102.7721033633,635092.2334170962
2023-04-04,3767834.5749097583,3492515.5310210334,1335922.9085640684,1185661.1737781034,1882058.5160827527,903952.9968059174,1651274.4948049565,379982.8535784286,632949.8279905248
2023-04-05,3788285.9071152345,3511472.466082177,1340654.1033310972,1189860.2139359503,1828961.7843938684,885956.9509050508,1629051.3326949696,378987.9176853513,626701.0799127243
2023-04-06,3794195.827951322,3516950.543714509,1342049.2151907524,1191098.406614934,1810462.8499724483,879457.6737582156,1633281.2342644148,380466.3235411499,630926.3811856497
2023-04-10,3800696.7245258614,3522976.413959272,1343600.9662826394,1192475.620082286,1834130.076211148,887585.6511313348,1640638.6728584797,380856.8185110402,630569.3237043442
2023-04-11,3801678.872118013,3523886.7951480295,1343835.278022286,1192683.5769415316,1863996.0481785007,897777.1004200124,1647180.0104241294,380959.10578455223,626522.4906333329
2023-04-12,3795042.244125398,3517735.1115013626,1342251.5018664184,1191277.9405205,1840132.7228323657,889575.6752978013,1627721.4285529486,379406.3494972846,620987.9180568821
2023-04-13,3831676.6319131083,3551692.5917925704,1350998.0895101975,1199040.7308026303,1875543.1012493444,901733.3382771586,1663053.1215625391,384445.86017388833,633148.2134374963
2023-04-14,3801895.2034411523,3524087.318947812,1343856.2161035023,1192702.1599524166,1853310.2390017859,894167.1304605263,1650396.910165271,383506.7684021013,631957.961294406
2023-04-17,3811395.0986473155,3532893.0483106496,1346199.7095324814,1194782.0622820589,1861467.3267535889,896925.5840275534,1674301.7954570735,384882.9756727753,632493.5475163641
2023-04-18,3804606.4649203597,3526600.466124667,1344418.0650794846,1193200.8133642857,1857033.1479532246,895420.0140391702,1664293.4058851283,385133.9342464295,632533.200390263
2023-04-19,3813837.986455884,3535157.4321211223,1346836.4312443912,1195347.1669055915,1868860.1895811043,899469.6029023268,1659770.624392391,385068.8960956415,632235.6524891751
2023-04-20,3810031.9558008024,3531629.5115316864,1345829.6233157897,1194453.6025668543,1869088.2962706345,899539.3159854155,1638559.5489043896,382967.4838808855,627415.1948753352
2023-04-21,3856294.847402607,3574511.932247599,1358067.232167924,1205314.7515020536,1869741.9803015254,899765.1614787382,1649239.7337483747,383265.0334207407,628069.8002577286
2023-04-24,3845531.0823503896,3564534.685139283,1355215.828217067,1202784.0673333672,1841477.061462895,889963.2405200688,1646552.5504961985,383664.840671312,626760.5894929419
2023-04-25,3823088.9872196987,3543732.453981227,1349261.427141131,1197499.4044807567,1791304.2087827441,872411.3686021399,1609744.4809291034,377574.5499803407,614937.4948873143
2023-04-26,3778521.8932641866,3502421.9174601724,1337156.8811327869,1186756.3517669362,1813294.909227151,880311.2780868852,1603525.3194296896,375975.4096664429,618666.923350919
2023-04-27,3835390.0627990295,3555134.6789608365,1352714.829197507,1200564.375303131,1891023.6935596506,907924.5369950087,1641722.8328722976,383460.2956870837,635489.0043110392
2023-04-28,3865406.078118375,3582957.397182135,1361194.373067095,1208090.1583203003,1920203.1179240393,918570.0937391429,1656721.780192952,386733.1632487147,639873.0381570372
2023-05-01,3927305.958855776,3640334.1982453563,1379510.4833097868,1224346.1118863197,1910038.0419554557,914940.321661056,1660681.2180612304,386342.6682788244,639139.0664881077
2023-05-02,3888336.085147215,3604211.8880793536,1367907.365410679,1214048.0877267302,1854897.7998033953,895326.2933286257,1637821.846831349,382000.5143926471,633564.7804990193
2023-05-03,3923440.8253442734,3636751.493498103,1378337.0656893402,1223304.677755449,1862331.9257114227,898007.4395104772,1647681.6567458021,379378.4422180374,629418.7849738916
2023-05-04,3879423.1448862012,3595950.2243386097,1363657.6379260996,1210276.3604471828,1833959.6038453688,887832.3410868928,1648946.790730303,376691.3614554355,627197.0132607837
2023-05-05,3939148.206119004,3651311.121904486,1383498.782519446,1227885.8157808997,1861134.9859757172,897614.4605751584,1680306.6849573029,383664.840671312,640527.7040781694
2023-05-08,3981707.669000766,3690760.726750799,1397809.7061890762,1240587.0775432426,1884869.6666806748,906107.4594786878,1693118.8709519063,383767.0983820281,642114.666576464
2023-05-09,3945462.0748738605,3657163.6306197057,1385674.220916408,1229816.5655469897,1887447.651262946,907021.0876590984,1705992.0593063582,382084.1771047971,638048.0373378725
2023-05-10,3977099.0417777915,3686488.856042858,1396163.4008418766,1239125.9450798014,1891027.8528835136,908272.6567956485,1721777.3944879496,383869.38565554016,644991.1042107039
2023-05-11,3954898.6708747926,3665910.6861068793,1388489.229746925,1232314.9482401751,1903193.5722131927,912673.1599149974,1718427.6321583285,383199.936144361,647093.8567633765
2023-05-12,3969268.683076309,3679230.668658385,1393464.2767262843,1236730.4126381085,1971538.2789720641,937410.208748014,1711265.3332731018,382697.81205748185,644772.8620574136
2023-05-15,3957301.330211451,3668137.7809758815,1389304.1141867063,1233038.1762312297,2005857.2820028006,949735.26112558,1726874.4200120808,384018.1752068657,648264.2522001481
2023-05-16,3931551.262775063,3644269.294008516,1380263.9447265638,1225014.8255838584,1984941.0607507923,942344.9902889244,1703751.6195740078,381451.94715354615,648998.2238690777
2023-05-17,3956628.1878028866,3667513.825685446,1389067.791642726,1232828.434738596,1988583.9099438612,943665.0392230005,1728573.7529735896,386082.3087361017,656853.7911514915
2023-05-18,3993112.4077136857,3701332.1110008787,1401876.4388988744,1244196.3929066001,2011086.6808993046,951781.9225273497,1757492.8733086525,389801.5449517091,669053.7394060044
2023-05-19,3997922.0533861723,3705790.311560353,1403564.9786291074,1245695.00932053,2024206.7826605013,956621.6305207653,1752169.6323717898,389234.29402565456,667546.1431942463
2023-05-22,3994260.7768831276,3702396.5678075366,1402279.6010234088,1244554.208222689,2062494.9943773272,970714.2311533106,1778757.0207023963,389392.48454604845,669787.771613673
2023-05-23,4011554.0819076668,3718426.235559692,1408350.8242671525,1249942.5533369917,2013648.001733556,952809.1330430278,1755142.360712265,385022.33469223644,661297.3345777071
2023-05-24,3978772.493302326,3688040.0269670724,1396842.073197003,1239728.2818284503,1990576.2545885975,944215.836039281,1744501.5166102059,382232.96665612253,657905.1674278278
2023-05-25,4186342.8105553766,3880442.9954022253,1469714.5364438929,1304404.2071797713,1971132.8486648586,937130.9151890145,1738766.848435358,385543.05377768184,673913.9104324819
2023-05-26,4268388.622272241,3956493.6462414386,1498518.6567922258,1329968.5020375925,1976718.9149429766,939170.434639493,1775558.8765827164,390536.0917392679,691132.7017478064
2023-05-30,4325329.940182336,4009274.2111001215,1518509.2515532975,1347710.597705681,1964403.8941810017,934681.5065575589,1788298.5780465,390684.88129059336,694267.0344092353
2023-05-31,4308895.691419342,3994040.8275997876,1512739.6203034136,1342589.9221665834,1936668.8805676182,924493.3987806014,1788791.2183817043,388518.4309250494,690319.3637923403
2023-06-01,4321412.205411918,4005642.748715012,1517133.8382145965,1346489.887900392,1983163.9133006376,942345.173528255,1812711.0799635726,392209.7302986137,698294.010773928
2023-06-02,4359684.65451932,4041118.595719525,1530570.2855730476,1358415.0325657774,1992369.516490258,945828.8945811512,1838751.857209582,397881.5891776517,703531.0354492909
2023-06-05,4393158.3317062,4072146.3213617424,1542322.0106887603,1368844.9489219466,1989077.4605246224,944594.6556148623,1847614.4384334486,397119.10554804985,704026.9687973503
2023-06-06,4357480.420741627,4039075.427276341,1529796.437235394,1357728.225024364,2010756.3893896104,952709.7483655943,1853858.3660688591,397983.8173255721,703907.9496369151
2023-06-07,4289795.808667821,3976336.590371708,1506034.1552723357,1336638.6734167424,1980223.9525690894,940975.1571639258,1834251.2329812672,396607.6987432855,691965.8964095912
2023-06-08,4370656.346049834,4051288.575932314,1534422.157066017,1361833.6538397437,1999969.566451719,948673.6886954418,1860436.7812789213,399006.66049789655,700555.4353609346
2023-06-09,4362142.6683217585,4043397.0002539624,1531433.2293833622,1359180.9143127578,1991989.780597737,945595.6824103727,1854465.6621886578,399722.49403570587,703233.487548203
2023-06-12,4468931.476611728,4142382.6547663766,1568923.9631755305,1392454.7710217526,2045313.6974722894,966130.4387036659,1888689.9355281459,403348.75525848224,715116.0311953094
2023-06-13,4511902.7432703655,4182213.972519103,1584010.0414341881,1405843.9996525382,2127131.0154190417,997886.6288866414,1921536.862771315,406008.0469930202,720611.0114366001
2023-06-14,4538607.290049302,4206967.194169379,1593385.3034149297,1414164.7523346753,2138078.223367567,1002023.1131683778,1930062.6179773263,406491.4873929457,725848.0361119631
2023-06-15,4593336.72170086,4257697.497277657,1612599.363254175,1431217.656058386,2222807.758932963,1033114.5870117575,1966682.1320357518,411531.057195141,734497.1451822629
2023-06-16,4547295.738222262,4215020.76965982,1596435.5883908134,1416871.9478185463,2201533.761135892,1025322.8741468675,1951454.2623436244,410129.24854329316,729875.0124766559
2023-06-20,4556152.244790658,4223230.123368364,1599544.874236412,1419631.5078812346,2180282.0655460153,1017727.0726249682,1935975.9764884948,408001.4958774681,727831.7695042006
2023-06-21,4469905.71608724,4143285.705691652,1569265.9929575939,1392758.3300297377,2136089.0386390085,1001891.0180914622,1911555.962080807,405910.9627715712,717913.1025430129
2023-06-22,4428523.723978298,4104927.5327751744,1554737.8670725927,1379864.296489942,2168311.966507651,1013458.6594439888,1915822.871321407,407376.1836204373,726383.68287266
2023-06-23,4367068.351997357,4047962.7598158275,1533162.5069957208,1360715.6864994708,2143362.7996286713,1004642.6977398372,1898611.538882104,404296.42024105496,719182.7209726396
2023-06-26,4269095.99344875,3957149.329173118,1498766.99615377,1330188.9087220023,2110047.421728064,992885.504576554,1878060.2212006962,402644.6285878148,709541.745206221
2023-06-27,4355464.623191543,4037206.925857,1529088.7438868189,1357100.1315011769,2172440.5202744,1014841.4560176885,1914412.0601763725,407058.945258571,721741.6934607341
2023-06-28,4321781.137105858,4005984.722239952,1517263.360400924,1346604.8417098422,2230795.0882354914,1035434.541751275,1931267.2459905448,407264.2884382861,723150.1877571146
2023-06-29,4329491.930693534,4013132.081240474,1519970.4166397855,1349007.4140866434,2245149.9323869366,1040369.2214185768,1934997.097822828,408869.34131134645,721702.0405868352
2023-06-30,4408808.042116763,4086652.493429073,1547816.2112170954,1373721.1735945214,2268425.943077256,1048251.2237878192,1959016.4940340784,413694.4034671246,732830.816397432
2023-07-03,4477867.830495325,4150666.0212753504,1572061.2813073408,1395239.2103594057,2272668.3775315457,1049679.6643629437,1965819.753201189,414170.36447970953,734556.6547624804
2023-07-05,4503285.846914713,4174226.720490651,1580984.8764140178,1403159.098685803,2299814.1456527067,1058865.0371396013,1962039.1412728345,413554.33494056395,734536.7980561616
2023-07-06,4462640.076920895,4136550.9732805653,1566715.2186940985,1390494.461367923,2270016.2559507554,1048480.74042226,1931833.0221850257,410315.96716164635,728942.6553607545
2023-07-07,4434018.247543746,4110020.5665871343,1556666.8493658274,1381576.3110046512,2270386.424875593,1048605.7618963916,1925236.534109101,409280.05723357265,726522.4982006751
2023-07-10,4426436.098000411,4102992.4514955217,1554004.9566576544,1379213.8222617668,2287653.9984481097,1054624.4153910375,1939938.5264355408,410315.96716164635,726760.5365215455
2023-07-11,4461806.715075537,4135778.5059309485,1566422.6473320134,1390234.7978032366,2352551.537797155,1077314.2020461995,1952436.23114802,412929.1113719206,730351.149657135
2023-07-12,4524720.183382125,4194094.830812707,1588509.9065682027,1409837.7296368335,2368072.573893582,1082739.2450176522,1982126.464943937,416251.4079281505,739575.4978232919
2023-07-13,4592173.76154058,4256619.5156569155,1612191.0786176275,1430855.2943994156,2473814.747435779,1119284.9054691053,2018551.7784388366,419555.2572997933,752132.5035591103
2023-07-14,4641270.534158766,4302128.743167555,1629427.660444489,1446153.1425834289,2430749.583118911,1104401.9190091463,2005134.1446384967,419293.9813104004,751973.8315247765
2023-07-17,4685469.810366532,4343098.338712818,1644944.8604642916,1459925.001327138,2503371.43749821,1128362.4080330234,2029069.658811395,420749.74206460646,758996.2041454053
2023-07-18,4743192.3727120925,4396603.061777001,1665209.010788044,1477909.8836167161,2538441.9202523483,1139692.5760064924,2043971.956273579,423876.2146613729,765205.299349307
2023-07-19,4754286.566624564,4406886.593013081,1669097.3920040817,1481360.908078644,2535326.4008342605,1138704.4564238708,2048983.818727714,424818.82440586167,765026.7706086542
2023-07-20,4606017.805190763,4269451.962649777,1617211.4351372772,1435310.9720180219,2418763.2518698466,1101815.8893471088,2007447.7993376392,422000.366578668,747391.4122318068
2023-07-21,4562692.350545062,4229292.337743133,1601908.7770610277,1421729.524001599,2403946.3819500324,1097020.8966362993,2009389.660543687,422000.366578668,745149.7838123802
2023-07-24,4535517.5121876495,4204103.189140843,1592897.7951425966,1413732.0779440387,2425276.748268505,1103493.4150841981,2001793.607421398,423885.5565048497,746340.0359554704
2023-07-25,4557474.558514934,4224455.814445585,1600140.6274394104,1420160.2520456032,2429477.0085719596,1104795.1985158757,2010382.7461391713,425042.73302134726,751398.5318901807
2023-07-26,4561675.714360223,4228349.988074019,1601526.5480540555,1421390.2872910425,2435026.1070583398,1106487.9127673844,2010449.103529378,425108.0963628892,748899.0084435649
2023-07-27,4543870.398703388,4211845.722764622,1595567.6271749919,1416101.6130130365,2414002.8158025285,1099720.3642588642,1988107.9411686414,422289.63853569556,747113.6604982989
2023-07-28,4704446.272724164,4360688.173985631,1649346.8301416854,1463831.8469251702,2494542.5966743403,1125786.181888488,2042266.3950641612,426423.9955301053,760722.1030491925
2023-07-31,4819349.751683553,4467195.552920553,1687964.3665440348,1498105.765910842,2509668.5380752515,1130620.118889806,2065143.5157669142,427235.9377171017,761118.8134043969
2023-08-01,4775530.107120787,4426577.848996291,1673803.9121541572,1485538.0489673698,2495731.978498699,1126133.156859835,2054979.5308065484,426013.39785906224,759353.3221654495
2023-08-02,4704687.712578958,4360911.971614192,1651349.5433983011,1465609.299303116,2359464.741181443,1082184.1117786288,2002339.9715983244,420087.18068485166,742689.9737784021
2023-08-03,4640718.844559935,4301617.3660213705,1630984.374505533,1447534.7607958436,2356921.527002005,1081278.728264465,1998764.9193244074,418883.2653881742,741499.7216353117
2023-08-04,4579798.724492162,4245148.733638946,1611717.5153747795,1430434.9965313468,2315508.835100843,1068724.5401890124,2000433.3434230534,416988.76318131154,738028.1881988961
2023-08-07,4591978.913843223,4256438.905655157,1615531.4329831786,1433819.9328920294,2299066.955443441,1063697.1373334234,2000694.3218780686,420628.41635059105,744276.9362766967
2023-08-08,4527391.094812546,4196570.576354947,1595370.3446819922,1415926.520430436,2286755.7240642323,1059966.3152307675,2015229.4694703852,418799.18879688287,737948.8219123597
2023-08-09,4385978.5151678715,4065491.1404424496,1551093.3200872391,1376629.6803089918,2256870.7054248033,1050919.0611022233,2008202.926782593,415999.4737822345,729835.3596027569
2023-08-10,4412253.559830631,4089846.2440805007,1559217.5429558759,1383840.108066995,2269378.6382679194,1054703.430226054,2011743.7048052312,416148.8545894762,731184.2837801811
2023-08-11,4390625.306469899,4069798.386546037,1552775.240173217,1378122.4216420113,2260353.475970477,1051911.0265606444,2003555.3582782536,415906.1440358538,726522.4982006751
2023-08-14,4435645.30591265,4111528.734345114,1566196.9260995775,1390034.4652094315,2290996.2762449416,1061439.1824405221,2013334.2795676647,418201.96119587414,734675.6739229156
2023-08-15,4372013.9105137065,4052546.941946047,1547235.0685956287,1373205.396644906,2251613.3874958926,1049207.224605763,1986617.253689589,413330.42632507836,726879.6162207194
2023-08-16,4340119.931486201,4022983.4845051663,1537718.109216364,1364758.8843827979,2231244.4116321704,1042859.2069809322,1959883.3092015472,410297.31303748855,719182.7209726396
2023-08-17,4232143.796013042,3922897.261869272,1505741.1434427842,1336378.618927423,2172552.331820299,1024654.2302563238,1928518.3569822484,407170.8700035179,711327.0931514871
2023-08-18,4264878.056348931,3953239.600511439,1515416.0915519756,1344965.3496869963,2180946.3267383315,1027267.9331839329,1928381.6892929948,407366.8417769605,710434.4494482235
2023-08-21,4281629.30598808,3968766.821350252,1520254.3417930228,1349259.4039494526,2225938.7847844353,1041138.672429231,1964165.92693821,410017.2942355504,721880.569327488
2023-08-22,4268699.517432174,3956781.8240138437,1516522.3093895644,1345947.1425220184,2228355.473202481,1041886.7855957098,1955451.647427024,408906.73824804963,720849.0497574705
2023-08-23,4339890.347376183,4022770.676311502,1536988.638796496,1364111.4632264478,2281513.5749631505,1058328.6589871594,1989774.2303513002,413461.034756979,732215.8033501987
2023-08-24,4240921.513342154,3931033.583538747,1505355.1027042721,1336035.9992206898,2192546.20088966,1030926.5593274257,1947777.62981329,407730.8484818026,716564.1783655888
2023-08-25,4249682.61061248,3939154.4995920034,1508153.6465538451,1338519.7688785666,2215048.8061575256,1037851.055796727,1965992.0803884321,410605.26868146966,722118.6076483583
2023-08-28,4275522.728932363,3963106.457344229,1516341.6902631032,1345786.8390463358,2232490.1089740116,1043023.9466133432,1972463.7413483576,413209.10061106295,727554.0783094316
2023-08-29,4368627.627787966,4049408.0979291596,1545835.1216572935,1371962.9127264903,2305264.023585746,1064645.6664270172,2016991.9378174671,419181.9383142702,743443.7416149117
2023-08-30,4426152.5610247,4102729.632820339,1563972.0529382355,1388059.8409949103,2350800.0492842146,1078139.0499181293,2030774.9131572782,420908.4351525292,747589.7371400394
2023-08-31,4336308.052327056,4019450.142767092,1536107.5288113663,1363329.4585969145,2356058.499262591,1079654.10452819,2034675.4714912868,420292.5534273627,749831.3655594661
2023-09-01,4333397.135855337,4016751.9295666814,1535188.11860913,1362513.4616762996,2358493.659122851,1080352.0581370294,2041324.0725982974,421076.3813955413,749037.8843103189
2023-09-05,4316034.301023062,4000657.812612058,1529876.9380577898,1357799.671287438,2313707.0159458825,1067482.248132235,2043252.598539594,419256.58437369735,749990.098132539
2023-09-06,4309167.697127944,3994292.957607869,1527741.4156953832,1355904.347886208,2297396.5234909374,1062724.5023644124,2033632.4699330877,416438.1561092995,743384.2320346942
2023-09-07,4356364.11934792,4038040.69502435,1542497.1603987582,1369000.398169363,2308582.7970725894,1065961.851139242,2027085.8350751167,415159.5356276033,738067.8410727949
2023-09-08,4387310.967621379,4066726.2294028853,1552132.4221203397,1377551.9063808278,2314107.5760513605,1067548.1995793432,2029887.8043393504,415784.8183218383,739099.3606428124
2023-09-11,4468795.095176212,4142256.2388443877,1578080.7201205299,1400581.5956444982,2339617.0804394996,1074974.5396161654,2057781.9577764526,418519.28824612795,747807.9792933298
2023-09-12,4445442.078481017,4120609.6479756488,1570623.5566540377,1393963.1978821303,2313347.9076205026,1067085.2387818145,2049915.5856848673,416223.44152331166,739515.9882430743
2023-09-13,4466578.47291799,4140201.587158033,1577260.5170041306,1399853.6472101295,2324576.525100632,1070442.5846712948,2049869.2173272215,416708.7739421692,742332.8557583578
2023-09-14,4492492.334764294,4164221.8999312175,1585443.222238341,1407115.9793630398,2334486.8207258093,1073511.4986428863,2067631.599548385,420301.83614524786,748403.0750955056
2023-09-15,4423706.578595528,4100462.3805159596,1563659.7937802915,1387782.7040752885,2298262.026475409,1062275.3588911076,2038579.113154947,415237.87703650707,735588.174332498
2023-09-18,4406711.076177686,4084708.754667553,1558269.203983308,1382998.4362219004,2278566.7772694454,1056116.593268819,2021733.4624881172,415481.3857856165,735290.6264314101
2023-09-19,4402878.984192774,4081156.6770729763,1557044.1767239193,1381911.197393248,2253164.548896011,1048117.6863760318,2010980.370477198,414619.7485388588,733723.4601006956
2023-09-20,4377049.847062922,4057214.8981054006,1548778.2133567107,1374574.9718030263,2229309.492314988,1040562.0931468001,1989487.8356345175,410807.9807723576,723150.1877571146
2023-09-21,4278342.78048454,3965720.445206077,1516915.2559463424,1346295.891295435,2149457.155458432,1015176.6731637267,1946309.0701442827,404018.0273928865,709898.8026875264
2023-09-22,4283964.616272891,3970931.488422891,1518764.66491521,1347937.2827221155,2158895.845118212,1018214.9543145486,1938042.363819162,403109.59224035736,709998.0256803817
2023-09-25,4303151.094475619,3988715.9934950722,1525064.4126736014,1353528.4484052828,2175452.060982018,1023476.3209788952,1938773.199819107,404804.6933894632,713370.3361239422
2023-09-26,4237974.08543915,3928301.526830008,1503602.7907130753,1334480.7835125155,2159096.409878736,1018186.8543859589,1915007.3777998248,398857.6344442047,702658.1879136073
2023-09-27,4296229.147502495,3982299.83938111,1522781.8450186744,1351502.6190496967,2154532.6122680465,1016706.9654272533,1930814.5476353974,399016.83009965613,704304.7205308581
2023-09-28,4357478.228160665,4039073.394909233,1543049.0518946447,1369490.2140970754,2170666.2083688965,1021946.7543819833,1945064.9749726015,401330.14843479777,710196.4111273532
2023-09-29,4352034.929403449,4034027.8428629306,1541232.248618314,1367877.76094478,2174750.444034343,1023268.6429267217,1942435.5921459256,400356.0838755642,710712.1406429926
2023-10-02,4322202.586368943,4006375.3758282657,1531417.8120673588,1359167.2311032906,2187540.2807053826,1027418.1579398375,1934525.2826488125,400196.8882201127,716643.5446521251
2023-10-03,4225727.345328725,3916949.66697797,1499570.2881795007,1330901.8481887993,2129907.3414348667,1008672.4244497928,1888031.1069245364,394839.8139908887,704066.6822099879
2023-10-04,4298438.313908621,3984347.5800211537,1523574.2155718768,1352205.8654677006,2169199.30088136,1021534.878916307,1909642.1972312175,397715.0619488386,713648.08785745
2023-10-05,4300669.56814816,3986415.7945168586,1524280.4289887096,1352832.645518684,2204091.803853833,1032727.2209648825,1908671.4526808613,397565.14901127224,711545.3353047774
2023-10-06,4430048.154173616,4106340.5714920443,1565626.114415707,1389527.8571957755,2235616.7329180716,1042915.4953425151,1946277.6560594768,402285.44061869016,723467.5923645215
2023-10-09,4507772.820307579,4178385.8267227067,1590594.4967149224,1411687.8495684254,2229035.061033738,1040773.3411581386,1947295.9467349038,404860.9809526906,727157.3074154885
2023-10-10,4558701.534789545,4225593.134465899,1606459.6591932445,1425768.5327018904,2241013.4808246605,1044798.0273308266,1977967.2516891994,406968.15791263006,731184.2837801811
2023-10-11,4622435.85761497,4284670.333292292,1626137.227157771,1443232.8101540948,2259456.603621246,1051016.9186313318,2002004.0341910108,408635.2039685097,736401.512287964
2023-10-12,4610314.2487696,4273434.461251804,1622403.979498414,1439919.4701601313,2220466.6840429427,1037491.043366726,1974401.3624948866,406144.0062909629,733842.4792611309
2023-10-13,4525646.811038265,4194953.748956857,1596384.968250085,1416827.021322347,2294845.5188727146,1063511.8530137448,1968000.435139362,404121.0241734981,724618.131094974
2023-10-16,4576999.783270449,4242554.313556829,1612167.9002647167,1430834.7230977754,2304062.136810164,1066669.8109640083,1987073.3853708606,408373.0115324466,732810.9596911132
2023-10-17,4589235.0149636725,4253895.505922007,1616029.170288617,1434261.6857761329,2333017.9750556694,1076873.2776826522,1989522.2792896777,408354.2095943097,730410.6592373528
2023-10-18,4505391.27000534,4176178.2984320903,1589603.8416464305,1410808.6212508422,2266970.0108533073,1053659.8936906862,1939914.2172302608,402912.91095981526,720829.1930511517
2023-10-19,4447627.068698662,4122634.979002938,1571319.9184048024,1394581.2343612507,2201814.5842906167,1030644.3421698693,1910153.5936697328,399372.7365984456,714084.5116252919
2023-10-20,4371922.807707544,4052462.496103451,1547658.5132845242,1373581.2131861495,2145916.8392302096,1011203.2005205093,1870812.2407193573,394465.1942423498,703431.8729951745
2023-10-23,4371764.222335802,4052315.4987067264,1547594.6787484826,1373524.5586213947,2146637.935068727,1011439.705184127,1874606.4813254762,393781.4659007932,705554.482254166
2023-10-24,4444156.504014956,4115365.6960874633,1569791.9635749087,1392099.7365609286,2181230.4165451005,1022391.6210677464,1900447.782993153,396750.3983586736,712418.182840461
2023-10-25,4314519.9774365015,4115365.6960874633,1527686.414810985,1392099.7365609286,2111832.354402431,1022391.6210677464,1853141.9837023797,391056.1900060012,694981.1493718462
2023-10-26,4201536.866313889,4114131.0863786372,1490297.038849333,1391682.1066399605,2067739.6008119907,1022084.9035814261,1825865.845442707,386373.4431492655,681729.8248409969
2023-10-27,4206573.189334508,4115610.551661898,1491887.6236684753,1392182.5635575647,2018986.7614023802,1014855.3364036648,1814934.6096637887,384622.083999728,685002.972830441
2023-10-30,4249390.867495838,4126120.2839117586,1505359.8122956767,1395737.6778722578,2033510.1088122607,1016577.9434828964,1829643.7888898046,389220.57688839745,692719.7247848397
2023-10-31,4253171.336986924,4129056.9253902724,1506555.039654157,1396731.0520048407,2047824.7843149623,1022017.5155892081,1844774.9740955613,391664.97666017263,696032.5256481826
2023-11-01,4294237.981550481,4160951.5282082865,1519543.9429747588,1407520.000414185,2087031.1651112013,1036967.0087329115,1866299.6101246453,395841.9632061443,708113.4547422605
2023-11-02,4555704.922833053,4363632.660195825,1602195.241729358,1476080.6998227376,2250316.583733127,1098845.0392332603,1928260.336948375,403427.9835512604,720968.0689179058
2023-11-03,4612362.858546412,4407048.012669415,1619897.14746085,1490766.7581719737,2317287.471564603,1123355.232047751,1962613.8573182824,407108.66988112795,729438.5887088139
2023-11-06,4655129.136608499,4439738.0757061625,1632000.319248654,1501824.7859396837,2330181.1158503797,1127368.0817062147,1955285.1370668863,408045.1896896793,732414.1887971702
2023-11-07,4726359.85935647,4493198.05145276,1652054.4694445399,1520205.7212958985,2369480.0889207614,1139393.172542731,1981273.1412135842,409206.5049975907,739337.4595024217
2023-11-08,4735162.498821376,4501566.43720169,1654517.355308245,1522472.0468015957,2377948.3748299903,1141966.9469859544,1956820.7432629315,409506.21262154,739813.5361441623
2023-11-09,4696164.412404694,4464492.212827738,1643619.285701246,1512443.740789863,2361905.1302159294,1137099.4802179765,1937287.6689324377,406312.5437898913,734120.2309946388
2023-11-10,4832328.361754611,4593938.892746957,1682015.7760256287,1547775.847175214,2451347.5430034087,1164463.0484924794,1950104.5337320396,412652.9948590298,750624.9073473521
2023-11-13,4824842.646848713,4586822.464749557,1679916.7922424087,1545844.3811036195,2475404.6352694277,1171723.4470651243,1953460.293977952,412259.66186074144,748284.0559350704
2023-11-14,4898855.123815127,4657183.742177544,1700653.1017892894,1564925.7473628868,2514004.952156038,1183213.9941045847,2012675.880263801,420257.78757948696,764391.9613938408
2023-11-15,4894355.095055527,4652905.709811031,1699387.421094849,1563761.0793276562,2486077.8627574085,1174954.4015814282,2016688.6226794883,421147.5094822668,764967.2610284366
2023-11-16,4901353.436118908,4659558.807197836,1701331.7140706675,1565550.2003042232,2451512.520745258,1164654.5541697438,2008401.1917427017,421662.552510916,765621.9269495689
2023-11-17,4932665.903243488,4689326.560914645,1710028.0366609567,1573552.4784376055,2488133.450435937,1175576.7978091433,2029723.2786927933,422187.0851970212,765800.4556902215
2023-11-20,5016042.240826155,4768589.75895956,1733315.48645513,1594981.381095637,2545291.9649893325,1192600.9969410594,2063356.9708340827,425436.8937779183,775123.9663104946
2023-11-21,4924294.188924465,4681367.841819,1707160.2568354027,1570913.573135839,2501696.768305165,1179267.9709025559,2040149.1820294338,424509.7453756397,770620.9133040614
2023-11-22,4939233.671118323,4695570.326242667,1711379.811883013,1574796.369885789,2488978.76839967,1175382.5508972793,2050322.4615755517,426148.6180871097,773775.0421330703
2023-11-24,4926045.787671331,4683033.03031724,1707676.1627751405,1571388.305159356,2504845.2451466206,1180178.7041744753,2059559.1408631988,426410.92877435597,772684.0129828352
2023-11-27,4901950.619427054,4660126.530129725,1700844.3852314337,1565101.7646725548,2490283.4320648704,1175676.855419516,2062380.5995187978,425642.9464647331,772009.5508941232
2023-11-28,4936967.329989897,4693415.788745482,1710787.3844760207,1574251.223493694,2508286.2795236516,1181286.360975571,2072771.4757791292,426064.42324463505,774032.9371602596
2023-11-29,4921430.11568748,4678645.059663053,1706296.90530183,1570119.1247897937,2562531.773608816,1198130.730509463,2075619.4434064573,425764.7156206856,773279.108785011
2023-11-30,4948177.90559474,4704073.321807343,1714024.9297374308,1577230.3836366432,2576915.1408465863,1202560.9091378772,2075946.858529713,427441.13308283786,771335.0282666723
2023-12-01,4959701.9567002915,4715028.86592864,1717352.630361234,1580292.5039363247,2601235.4992519636,1210039.9464466947,2106864.676724959,429969.78682267934,773537.0038122002
2023-12-04,4847593.8609450655,4608451.311026155,1684978.1373681168,1550501.7855414653,2593649.024325333,1207709.4308767405,2101454.6099915914,427712.6969251736,766355.8986184986
2023-12-05,4844353.665723153,4605370.961816478,1684006.7696205345,1549607.9416430534,2608170.944546138,1212168.0428390524,2091417.2122532488,427628.44295710727,768280.1224305184
2023-12-06,4784659.697382496,4548621.829246567,1667005.3029538193,1533963.3443400045,2581304.7433124576,1203937.766780054,2073844.6802018415,425905.1684635919,763836.5184655641
2023-12-07,4848910.97582337,4609703.44970811,1685511.4021369782,1550992.4910040167,2609395.7162050284,1212585.673815634,2093050.7836156674,429155.0066072849,774509.0138020002
2023-12-08,4931122.62781569,4687859.418684391,1709015.132014007,1572620.412656543,2645015.138162382,1223516.380355683,2099036.1593747796,431000.020693957,777960.7510708357
2023-12-11,5057107.973155909,4807629.627690727,1744754.4714599014,1605507.4326100997,2624178.2316457876,1217158.5367729634,2101826.4173893146,432676.3790305176,784606.2095038404
2023-12-12,5131031.539739397,4877906.380882048,1765462.5079104928,1624562.7822194723,2646930.3095899727,1224092.4782432036,2115795.7866098504,434652.53367941506,790855.0181203797
2023-12-13,5186466.941718672,4930607.031608354,1780816.7468054981,1638691.6152852364,2688635.243853838,1236833.8701044489,2171847.2675805506,440646.420093241,800912.5004095824
2023-12-14,5163820.458482367,4909077.749586337,1774575.5921600964,1632948.5606978035,2709713.898430954,1243252.7877937336,2192470.370230755,442060.674682126,800218.2421532903
2023-12-15,5185030.614583831,4929241.561674713,1780412.0899204065,1638319.253645075,2705003.028394377,1241817.4509754574,2191855.791778054,441332.77952362504,804086.4859449102
2023-12-18,5193281.942040661,4937085.832858917,1782649.8194324668,1640378.392293264,2729817.1135173375,1249363.6880442733,2194348.9234586414,443815.3744275903,807538.1626750071
2023-12-19,5191047.506279395,4934961.626766412,1782020.641402949,1639799.4283075861,2726924.454124719,1248448.6954142204,2217856.133954535,446514.1029317424,811664.3620325548
2023-12-20,5072858.4192929305,4822603.069408727,1748739.0819279184,1609174.03546288,2641635.2432450876,1221496.2826603737,2157013.298273349,440326.66889373056,799603.229106057
2023-12-21,5117929.858278794,4865451.034407954,1761461.1714041715,1620880.7882160996,2684815.5533484137,1235251.1979594794,2194447.0382399876,444501.792983566,808906.9435587501
2023-12-22,5107400.61287462,4855441.220017784,1758521.2256090965,1618175.4764357472,2662800.6589875557,1228447.0300908547,2198516.068165928,445395.0919846391,810117.0524081591
2023-12-26,5145330.549646618,4891499.988936593,1769126.0766799133,1627933.9653775597,2710718.9191705002,1243244.4130911473,2225353.87774056,447275.78836585727,815076.385888753
2023-12-27,5155051.2096181195,4900741.107205724,1771851.282101305,1630441.6749900035,2733262.552887728,1250141.4843230834,2233254.180557775,448084.5082081102,816306.290905742
2023-12-28,5159560.78995674,4905028.219950694,1773110.0931071637,1631600.0215993498,2731230.835487434,1249523.876770249,2232186.374168358,448253.78477693384,815909.5200117992
2023-12-29,5116731.936357665,4864312.2086304035,1761034.2230964524,1620487.9142085556,2706475.2775506936,1241985.0166772222,2210711.1649686075,446956.06672914274,812378.4769951658
2024-01-02,4994074.99620502,4747706.207206285,1725665.852742943,1587942.2566901357,2659741.5509238057,1227430.3655443008,2179739.527786861,444454.7585754279,798631.219116257
2024-01-03,4925198.821245564,4682227.846622569,1705644.0196219643,1569518.345236673,2668975.860842371,1230319.072742179,2148824.980658106,440825.09763113316,790180.4954929288
2024-01-04,4905662.8248969605,4663655.604275646,1700082.9467732473,1564401.0958253958,2661342.7221494555,1227942.9744936542,2142362.159170239,439405.0487342688,786113.8662543374
2024-01-05,4917589.316721354,4674993.735823109,1703516.7924158792,1567560.889820403,2668959.735413324,1230320.863543786,2148042.0839379802,440006.9472570159,787046.2233702386
2024-01-08,5032943.490716639,4784657.232731093,1737097.084806776,1598461.1740178086,2722151.1632195013,1246911.3570994467,2189280.272173582,446288.4501113039,803312.8614020819
2024-01-09,5076002.830503597,4825592.359844741,1749615.6134920714,1609980.61195498,2735676.4192725867,1251098.5849874772,2188977.926519703,445611.3438360092,804899.8239003762
2024-01-10,5117911.34673139,4865433.436076215,1761650.304495699,1621054.8267923966,2778716.9434873885,1264327.442989784,2197539.3811407723,448131.4834906567,810355.0907290294
2024-01-11,5159955.9636881435,4905403.898886019,1773675.1887159336,1632120.0175155983,2803832.4316636333,1272076.973864533,2191221.1028444557,447934.0335774234,812041.276220179
2024-01-12,5106453.369965256,4854540.706700717,1758150.197247371,1617834.0594614947,2808335.564299102,1273491.0612351084,2181854.5470858472,448244.3246822738,812457.8432817021
2024-01-16,5092015.739859926,4840815.316889688,1753938.4457746153,1613958.4434912098,2831266.055955223,1280684.1715360822,2160139.005586129,446598.7116533584,812378.4769951658
2024-01-17,5078638.809896857,4828098.3005318465,1750042.7910948766,1610373.6969578082,2875828.653764636,1294637.5387329818,2144943.307078864,444116.2645633723,807796.0577021962
2024-01-18,5082645.147173215,4831906.99631026,1751208.8388318194,1611446.6836382058,2892461.2607703437,1299942.5000315446,2151773.2643781155,448065.7062699733,819262.0342877795
2024-01-19,5146958.909634986,4893048.018317453,1770244.5933075005,1628963.2143569808,2890052.3627322246,1299125.380932637,2174787.8639292503,453651.3304736255,835508.8156133041
2024-01-22,5232495.49622055,4974364.89549373,1795927.4456134217,1652596.344944852,2925080.4515171056,1310946.5534158167,2190945.2461826825,454610.52494656516,836599.9053022779
2024-01-23,5298139.009970131,5036770.069210293,1815528.1051720486,1670632.6962597184,2938385.5251528225,1315419.6132095181,2214987.7371616648,455936.3867759701,840071.4387386935
2024-01-24,5309758.930036702,5047816.752864267,1818926.970258826,1673760.3014606347,2900593.951457532,1302650.9829244171,2197666.6624848642,456434.75638778106,844733.1637794607
2024-01-25,5269790.373907267,5009819.934199552,1806458.0152146125,1662286.4807438347,2910740.250691338,1306218.2314036428,2197288.476988023,458917.2626033589,845764.743888217
2024-01-26,5168469.426344739,4913497.373559558,1773682.1789668766,1632126.4498818873,2921550.3705447344,1310043.6572259807,2188581.881530236,458334.2547071361,840726.0441210868
2024-01-29,5201081.403093651,4944500.529210551,1784142.47581855,1641751.9213263695,2950251.4418931743,1320590.610146891,2231578.188849162,461964.0043398184,849335.439778749
2024-01-30,5177490.455349533,4922073.37520831,1776717.3716181875,1634919.4069659899,2945314.778775495,1318779.5106337548,2216934.7981193247,461606.70838962577,843681.7875031246
2024-01-31,5188521.31515858,4932560.058252924,1780188.5660620932,1638113.568993305,2894827.339550494,1300260.5719749604,2191084.6987870303,454074.52189568465,827157.3149828308
2024-02-01,5249037.883613859,4990091.210250498,1799070.0304194763,1655488.1233275754,2956614.3632848067,1322851.0937306318,2230954.2466065376,460017.5011751212,836897.4532033658
2024-02-02,5291959.152035502,5030895.077365318,1813780.9868646609,1669025.0136464667,2958569.5486800163,1323725.8845625431,2268986.1458566342,464860.27144559106,851041.4819762175
2024-02-05,5305100.853422888,5043388.469494503,1818285.2106174699,1673169.759988468,2982177.8345954306,1334288.725368611,2251310.950037127,463167.6831341293,849930.5961196638
2024-02-06,5283274.931012596,5022639.268214168,1810804.5324883985,1666286.1069968017,2995841.4292471684,1340402.1033437022,2293605.765842361,464512.3764644669,848224.5539221951
2024-02-07,5436560.248545725,5168362.681274372,1863341.9740142198,1714630.5899826777,3048004.135879057,1363740.7890975252,2321091.91198514,468386.6104185205,856952.9687402925
2024-02-08,5432603.071609011,5164600.720647084,1861985.680043827,1713382.54042276,3045685.7145116185,1362703.478895786,2335379.8613200374,468593.4908636179,858539.9917773257
2024-02-09,5514068.699741716,5242047.468774316,1889907.4389132718,1739075.8927710308,3071994.3607872343,1374474.5173959185,2358396.35079586,471301.67946243007,866990.6548619154
2024-02-12,5519181.140304302,5246907.7013121545,1891659.6911930966,1740688.2996197222,3050864.773635786,1365020.6982504565,2375728.004824311,471094.7694545368,863598.487712036
2024-02-13,5462575.595427412,5193094.633431011,1872258.5472879463,1722835.5408216356,3034400.9041882413,1357654.4187734379,2319646.4907926605,464606.3861551514,850128.9210278965
2024-02-14,5546156.385765546,5272552.198123792,1900905.2628099506,1749195.9917863845,3072302.063590914,1374612.1900648489,2376796.370227478,468828.5742159207,859392.9826066906
2024-02-15,5551375.237669797,5277513.592495949,1902693.9868127713,1750841.9595878103,3099267.3080412066,1386677.0043188639,2400901.172700879,472063.3353337491,861952.0156335239
2024-02-16,5512873.028259129,5240910.782416187,1889497.631101203,1738698.791294015,3070243.1104470277,1373690.971372228,2384885.6876266077,469712.5018107212,854136.1012250091
2024-02-20,5451018.261336624,5182107.448247911,1868297.3540454302,1719190.4862899552,3081021.9345562058,1378513.6426813519,2350536.1692602155,467126.49624700303,847688.9677002372
2024-02-21,5438284.428590545,5170001.8036959125,1863932.9243396816,1715174.3771775824,2892226.642774189,1294042.6811226169,2312061.119439768,467549.717231858,844296.7400116189
2024-02-22,5699258.873441452,5418101.800728875,1953380.0407154881,1797482.812270307,2975762.067869693,1331355.0583494443,2355639.730009243,477225.79767813795,869014.1016667905
2024-02-23,5670220.442453994,5390495.899906112,1943413.5050419196,1788311.6954380923,3006576.9180447366,1344430.142264556,2352754.5671397178,477554.94984671683,866455.0686399571
2024-02-26,5693433.035603502,5412563.364384522,1951312.7919773024,1795580.5485028247,3071957.050916303,1371381.5343426073,2379386.2343556266,475805.92615804856,865998.7881657967
2024-02-27,5710422.773930784,5428714.96126213,1957091.6069536696,1800898.1622691178,3159958.327544977,1407625.7811693493,2407758.327853685,476689.8241900532,868081.7445508892
2024-02-28,5617465.690542335,5340343.656837887,1925428.4770279273,1771762.0337954403,3173560.7447655704,1413121.5523315438,2398046.1726312204,476059.81144848827,863459.611845282
2024-02-29,5623024.487266557,5345628.225798554,1927291.6442490686,1773476.503579395,3219369.046206486,1431434.7104099847,2405696.1338296956,477771.2016980869,870858.959192274
2024-03-01,5704176.316610643,5422776.655526949,1954496.041902217,1798509.7465635866,3224912.236449956,1433643.324668585,2440945.03458151,482256.6760183643,883971.4078563694
2024-03-04,5739924.740738119,5456761.530655343,1966432.3637805784,1809493.4430132653,3208371.563460096,1427061.743142657,2424504.9341592425,481739.47490562074,880817.2790273604
2024-03-05,5637245.011514943,5359147.22006578,1931255.4665617633,1777123.9773578984,3191076.6854550806,1420162.8819712733,2383739.8709244602,476924.9371051518,865006.9214696779
2024-03-06,5719417.8526623,5437266.292822104,1959392.7684314053,1803015.6704438056,3279443.2065442284,1455294.9741622487,2411419.7327876687,479341.6069744547,870442.3921307509
2024-03-07,5847460.481715126,5558992.295175505,2002933.8977311803,1843081.8275212157,3311981.0244089332,1468230.0609918796,2438767.266179414,484099.7389605129,883654.0637877017
2024-03-08,5696046.048511201,5415047.471573704,1951501.0284880174,1795753.76205349,3269929.5321340254,1451853.590214664,2402325.0245492607,481194.13001126336,870898.6120661728
2024-03-11,5644604.8215155415,5366143.954325927,1934168.1849098408,1779804.2346854669,3200352.1516565774,1424647.1426494229,2391202.944474205,480780.3986838643,867665.1774893661
2024-03-12,5754710.572092254,5470817.944175779,1970699.5312593132,1813420.052295756,3195623.849253179,1422775.275315205,2418520.8644066276,485952.32112291316,880103.1640647495
2024-03-13,5668821.328806512,5389165.807636013,1942132.4393346293,1787132.8702518784,3183486.3662692867,1418147.370374488,2410224.500628552,485190.57656320673,873338.6259325709
2024-03-14,5572261.10626166,5297369.114896361,1910375.6312734198,1757910.539997248,3146065.964613065,1403813.471008031,2382551.7709636763,484231.4412158586,871136.7109257819
2024-03-15,5567483.853619337,5292827.534715731,1908794.2219279022,1756455.3412860488,3097984.659278605,1385372.3274397517,2372729.8058661786,480906.3953196181,860781.6201967524
2024-03-18,5577931.346577296,5302759.629689061,1912136.7566690044,1759531.111807563,3103688.411431999,1387535.3695978243,2389882.087416708,483764.52641879243,867843.7062300189
2024-03-19,5593574.835210315,5317631.390353806,1917140.364578132,1764135.3869760057,3123232.417200124,1394909.636607983,2415854.6096949396,486452.81925602263,870005.9683629093
2024-03-20,5647445.950384531,5368844.924010411,1934319.7325980985,1779943.6875104192,3182873.6967626847,1417347.6242419558,2460773.2371423854,490952.21765312785,880321.3456793011
2024-03-21,5688023.484465342,5407420.678394352,1947657.8914268152,1792217.3417621376,3241375.9275604053,1440355.5863715778,2471791.2811031775,492574.6830129218,884487.1979107476
2024-03-22,5691653.701344737,5410871.808628661,1948848.9732986032,1793313.3646291276,3212616.844593363,1429099.6401090047,2464578.5731468736,491640.7942931978,885498.9213131851
2024-03-25,5650059.400233412,5371329.446585499,1935194.0631047839,1780748.238609157,3199929.9937656824,1424148.2625748466,2456466.3403618718,490282.50207678636,882285.2829039586
2024-03-26,5618426.453408822,5341257.023142627,1924785.6248828853,1771170.4870111693,3198203.636564137,1423471.7930388353,2448920.1378986835,489376.96407824673,879428.7019760376
2024-03-27,5619220.486558522,5342011.884877067,1925041.1860739011,1771405.652129456,3182705.233512715,1417409.7192249214,2477335.4057611558,493489.59241773403,882424.0982319737
2024-03-28,5588630.35048594,5312930.828020403,1915036.838442094,1762199.741072044,3171731.351182276,1413110.4119235484,2482354.9755740077,493395.2575362956,880797.4828597804
2024-04-01,5612120.44012148,5335262.099468115,1922692.687129798,1769244.5844423336,3155030.2529782,1406529.371616699,2476633.9255209304,492536.8721970774,882662.1970915829
2024-04-02,5457058.6726509705,5187849.872683466,1870163.5424269028,1720907.736118579,3116314.773591967,1391068.3623084389,2428227.9957531253,489405.25567383954,875044.6075913005
2024-04-03,5398125.197380168,5131823.716374632,1849890.027440521,1702252.2292675017,3145477.0437898836,1402682.9039894769,2440139.966288581,489942.855115694,877008.5448159581
2024-04-04,5291341.966120148,5030308.338599169,1814783.5092163468,1669947.525732447,3099589.2965092254,1384557.1496235447,2410640.3345403536,483962.6267135335,863598.487712036
2024-04-05,5333521.387466077,5070406.955598836,1828546.8254431006,1682612.406012666,3129671.7167230383,1396436.5318785291,2442694.4803930894,489018.4856162217,873775.0497004127
2024-04-08,5309837.076626846,5047891.044309904,1820800.4339193346,1675484.2459358454,3131957.33377286,1397335.9849220542,2454928.300552189,489292.000603081,874032.9447276018
2024-04-09,5255722.032749011,4996445.615493302,1803089.3821148346,1659186.6947464943,3109742.5070315637,1388578.815872153,2466845.296825584,489858.03945450723,877266.4398431472
2024-04-10,5181365.202139565,4925756.972150758,1778707.3852936323,1636750.5997207214,3079514.273920181,1376573.5235511346,2437484.9831968383,484953.0394988514,869609.1974689661
2024-04-11,5254239.703426285,4995036.412761669,1802540.5327131778,1658681.6484444742,3119045.623538547,1392260.633344972,2455261.710802551,488612.94318326266,883495.3312146289
2024-04-12,5095419.530499422,4844051.190992387,1750840.8818667235,1611108.092935614,3053557.5321738403,1366437.103431102,2410203.26370261,481868.5756349349,869410.8120219946
2024-04-15,5046707.476505179,4797742.210592618,1735026.31155844,1596555.6670276646,3003817.4671927523,1346830.212287353,2363275.744007174,475831.64579040563,855108.1112148089
2024-04-16,5095154.47344649,4843799.209791379,1750044.6727492975,1610375.4284393485,3006975.729951422,1348048.9898284986,2352107.578294534,474963.85948211886,855187.4775013453
2024-04-17,5036495.893461626,4788034.387574718,1731937.874164101,1593713.714608071,2990645.6051942054,1341751.3555605295,2345115.604758879,472152.82191667426,844753.0204857795
2024-04-18,5030372.920233364,4782213.474187461,1730029.489400097,1591957.6360462978,2953662.9467870155,1327472.7861810632,2328466.997642203,471181.2997578806,839932.5628719396
2024-04-19,4901898.893819883,4660077.356261403,1689920.6692708603,1555049.8591160404,2882617.654383962,1299892.7350422114,2291410.310812255,467068.6714183933,822555.0389835425
2024-04-22,4947853.031007367,4703764.474003452,1704369.561083212,1568345.5999077517,2925797.2675582054,1316594.4522053958,2309662.295307977,471369.99908355327,830827.2338662181
2024-04-23,4984873.387193608,4738958.533962896,1715730.7384103618,1578800.05349438,2999413.7557244534,1344576.7674155214,2349913.2342047663,476963.5461164833,843225.5675677027
2024-04-24,5013419.528992108,4766096.43131356,1724444.3569316126,1586818.2471884713,3004430.1417735773,1346437.185287016,2356798.282153637,476737.1837889452,846082.1484956237
2024-04-25,5050102.694391652,4800969.934855204,1735789.3451433182,1597257.8036961136,3054551.246186301,1364851.0214736345,2350445.7737407386,474926.07822907023,841995.6625507136
2024-04-26,4961605.074170288,4716838.0983955525,1708426.6661828223,1572078.9116710133,3120268.674881641,1388992.0945588625,2378040.1808991893,479425.4766261755,854989.0920543738
2024-04-29,5026788.377490652,4778805.764883434,1728559.0908341608,1590604.5884598747,3176643.5960694454,1409441.7008741705,2400603.0718181217,481123.3862408835,858460.6254907894
2024-04-30,4908487.80966551,4666341.226283943,1692471.6928133147,1557397.2881240586,3116986.5664115394,1387931.0722552936,2359475.443384246,473501.74272681307,842273.3537454826
2024-05-01,4931048.876901128,4687789.306065912,1699334.7226680317,1563712.586707448,3079102.765170668,1374151.234757253,2364598.538074988,471964.24084218487,836183.277702016
2024-05-02,5042230.231434369,4793485.837945027,1732670.0850889573,1594387.4885409218,3132200.2398044034,1393214.692863435,2391464.677811058,476378.7053269201,846855.7730384521
2024-05-03,5103024.489327851,4851280.980345313,1750800.131535357,1611070.5948457909,3214449.31601744,1422525.109564046,2421226.0449546226,482283.6077253497,863876.2394455438
2024-05-06,5170786.441239845,4915700.084974191,1770542.240011743,1629237.1061874763,3261709.749798828,1439127.1093490284,2466459.4597462607,487264.0519359196,873338.6259325709
2024-05-07,5170566.190049105,4915490.699262881,1770463.6768743,1629164.813092283,3235030.578942275,1429883.0221899687,2439252.517036,487801.71050336567,873477.501799325
2024-05-08,5120694.824532514,4868079.598747792,1755610.7343810196,1615497.2684840502,3255776.4712895174,1437035.4784984745,2421842.8052079747,487848.80403709534,872961.7117449467
2024-05-09,5209698.470475125,4952692.497558247,1782390.8788759783,1640140.1175131472,3297326.583680224,1451327.235164265,2439455.3741985713,490659.8120397442,874866.0788506478
2024-05-10,5195039.393331641,4938756.585182298,1777985.6577876096,1636086.4725359553,3377360.0980488975,1478810.3908634705,2431217.0741004385,491291.8646142203,876929.1785294217
2024-05-13,5200166.041164056,4943630.324113854,1779489.95080249,1637470.7094906212,3355905.353398532,1471486.0377096718,2453954.140236048,491357.8487744743,878952.564795558
2024-05-14,5239979.881647091,4981480.0595979355,1791418.9773691949,1648447.692859876,3383147.2180054416,1480663.903215155,2484655.785880202,493612.1302063778,884606.2170711829
2024-05-15,5312108.742205995,5050050.643590857,1813007.3728258824,1668313.1409391332,3451573.3862390164,1503663.8889380803,2506634.5027158316,499724.6521198002,898432.8412366279
2024-05-16,5273606.393944442,5013447.701510031,1801512.7590013866,1657735.9002831632,3417655.544354342,1492274.1804176527,2501507.8383581936,498696.51720702526,896607.840417463
2024-05-17,5307758.258819751,5045914.779192963,1811672.5694172408,1667084.8668015953,3395049.6360904383,1484583.426174904,2491114.5590067315,499413.2967543006,896171.4166496212
2024-05-20,5303122.14768018,5041507.3776919115,1810124.1095691072,1665659.9879226796,3378774.096782756,1478318.9228150658,2482641.8050144943,499988.64788640785,902420.1647274217
2024-05-21,5338653.006887243,5075285.420859653,1821822.9678245273,1676425.1724740695,3362152.8392706653,1471786.6801579066,2480730.233984023,501214.97178231133,904185.6559663691
2024-05-22,5317880.763944526,5055537.918703262,1814975.878808422,1670124.5425075495,3356548.6885049785,1469561.1833562343,2493690.704180819,499771.8343419173,904007.1272257161
2024-05-23,5300787.3552858,5039287.765781446,1809351.7145932498,1664949.236986124,3325361.9618185624,1457052.130864979,2460836.7456725757,496121.36118937033,899940.4979871247
2024-05-24,5346073.748224987,5082340.080579029,1824237.7989288843,1678647.2784207587,3355381.03205733,1469465.2330412182,2489324.679365566,499403.89578523213,908450.7311906707
2024-05-28,5435901.912192231,5167736.822112408,1854129.7868476051,1706153.6178880192,3358620.297017027,1470790.9476060402,2561522.69826106,499752.9141525972,911882.5512144489
2024-05-29,5354497.86018752,5090348.61242629,1827153.7248631336,1681330.487340384,3357983.312495453,1470527.2161126377,2559194.803052561,496253.38863546995,905455.2743959957
2024-05-30,5329385.144893863,5066474.763040749,1818849.7939043678,1673689.2844707193,3344536.280231164,1464958.374984243,2563548.4234375306,492961.3939449481,895754.7890493596
2024-05-31,5290227.075313187,5029248.4478268875,1805989.6425112856,1661855.4883785916,3329461.8725091387,1458705.5332524606,2558309.8452903153,497451.39137298486,894088.4602645285
2024-06-03,5293471.698351409,5032333.006418882,1807049.688278647,1662830.9329962982,3332531.3231161754,1459930.349223573,2565556.305499565,497856.9338059438,898889.1217107885
2024-06-04,5268447.046023402,5008542.875657703,1798615.618950899,1655069.9779654632,3310330.090000509,1450378.1322279258,2562204.400884056,498413.4829999142,901348.9317447665
2024-06-05,5374979.589907082,5109819.933020751,1834985.1782692156,1688536.9205992038,3407179.8982660454,1492214.7759186334,2592532.6736486033,504337.1577736849,919519.9368823109
2024-06-06,5290136.010034069,5029161.874999836,1806020.0986937282,1661883.5138848044,3406684.359820836,1491974.226991211,2592172.17957545,504327.8159302081,919202.5322749043
2024-06-07,5252043.586364029,4992948.635021821,1793015.5780867797,1649916.8705355444,3416313.2050668383,1496087.3197491225,2579815.2387833456,503714.62441946054,918389.1943194383
2024-06-10,5323079.23170588,5060479.934527472,1817266.713212176,1672232.5478012846,3485028.258004359,1525446.674193762,2601338.538979936,505270.869116634,922098.7660767243
2024-06-11,5394281.965660775,5128170.079794534,1841574.8913687628,1694600.715553252,3531520.848240147,1545312.7379242931,2612759.5198285664,506487.8511690607,928426.880441061
2024-06-12,5421444.721112836,5153992.836313522,1850848.090051987,1703133.8298988647,3544308.3425340145,1550718.983915004,2637763.748390898,510647.6321678693,940587.1758216752
2024-06-13,5463009.916397473,5193507.528384941,1865038.1936613836,1716191.4361048148,3586546.0195265426,1568772.7387581777,2629453.6768354354,511675.8262062359,945685.3851690231
2024-06-14,5519192.319700773,5246918.329204219,1884218.5227429462,1733841.0030806137,3602922.852947135,1575764.4037963867,2619936.0153718027,511987.2406973271,950585.2090693994
2024-06-17,5512302.714110928,5240368.603129027,1881866.4535062134,1731676.6500422012,3571771.4066264215,1562484.571155376,2635597.120275445,516061.9990953784,962229.7143956353
2024-06-18,5524258.994226795,5251735.053445518,1885948.2544568714,1735432.686706336,3571598.1178105515,1562396.8169979914,2631178.3097259672,517373.1682152644,962527.2622967232
2024-06-20,5438911.207598205,5170597.662305861,1856811.041776915,1708620.884651421,3566459.4412065605,1560152.0953842807,2609379.326591829,515967.7529023274,955108.1187821513
2024-06-21,5404304.522921762,5137698.202090699,1844996.5311563446,1697749.2778298,3540102.5606094506,1548622.2453553504,2594999.2897252743,515275.924354718,952549.0857553182
2024-06-24,5288102.634053241,5027228.809963148,1805325.9165625675,1661244.7337071951,3518782.7649857546,1539293.0370083228,2591409.6998953056,513600.9554695606,940210.261634051
2024-06-25,5357756.8461687025,5093446.825405435,1829105.43882827,1683126.437044833,3578899.860521708,1565541.7209167138,2603951.334780667,515578.8247606152,950962.1232570235
2024-06-26,5337451.518311468,5074143.204378436,1822157.6007490852,1676733.098693123,3540206.2683299277,1548645.5355793093,2607866.310689642,516222.2294486833,952925.9999429423
2024-06-27,5284887.523945922,5024172.30836376,1804365.6259751024,1660361.0829122784,3537566.2356704124,1547497.1054202039,2619578.90890397,517036.1523429993,955385.8099769204
2024-06-28,5343941.198759073,5080312.7345050955,1824355.2923339617,1678755.394799435,3509916.218636705,1535614.5359989363,2603447.3950843136,515001.46335839265,950426.4764963265
2024-07-01,5333310.003855925,5070206.000010709,1820725.9341572858,1675415.6919222837,3553441.994536183,1554487.4892955474,2615633.6910411385,516061.3487138705,956000.8230241537
2024-07-02,5319359.940513885,5056944.124213838,1815963.5554296987,1671033.3936854163,3554625.282697814,1554985.249345992,2629655.4373044963,519534.3859659495,966038.5091457765
2024-07-03,5364437.380254427,5099797.793937215,1831352.4346663605,1685194.1024832143,3610002.6639289595,1579161.4095762086,2654662.695617975,521852.9369159499,974092.4618751617
2024-07-05,5436906.824922783,5168692.16027056,1856092.604888278,1707959.7854632912,3604546.3925005514,1576761.5105690616,2692764.1060406035,524862.0747761356,984249.1671572196
2024-07-08,5466599.061004359,5196919.612532982,1866229.166280314,1717287.3584383044,3604190.3099201308,1576600.7713934171,2699209.800656489,525467.7573367468,986589.9580307626
2024-07-09,5419752.210887604,5152383.821369174,1850236.232271324,1702570.8038510035,3593805.483856314,1572070.9031116946,2695390.271925355,525978.720699574,987442.9488601275
2024-07-10,5608534.653273191,5331853.207432999,1914684.2183281041,1761875.2632024297,3683392.6238482627,1611259.8176778806,2737575.9304864947,531183.4874047708,997738.5300089393
2024-07-11,5630458.824979573,5352695.811153876,1922168.858820006,1768762.5623248718,3635099.334082056,1590134.446258076,2743613.8846730785,526603.2643239136,975857.9531141091
2024-07-12,5666727.055336847,5387174.849318594,1934550.3831547508,1780155.9300861487,3682896.7162844725,1611042.8883378897,2771134.3098165914,529924.7626846565,981590.9716762701
2024-07-15,5715103.731888108,5433164.997188012,1951065.5809477796,1795353.0671283293,3678351.1321578687,1609054.472277204,2766927.122027545,531382.0902670407,984229.3104509008
2024-07-16,5784013.348668485,5498675.1498335,1974590.4700493251,1817000.4593096809,3621207.307971093,1584057.53137428,2804222.7589912154,534533.2477983107,984606.224638525
2024-07-17,5663953.23447557,5384537.867188617,1933603.4350915067,1779284.5569624777,3481528.513012438,1522956.5702002263,2729625.4759966847,527038.5469294601,955703.2145843271
2024-07-18,5661980.893397964,5382662.82606809,1932930.1022928497,1778664.96215384,3460573.1143163536,1513727.3572485913,2671473.357416099,522988.3256519335,951180.304871575
2024-07-19,5654665.212728846,5375708.0441416865,1930432.6195831166,1776366.8009403965,3471368.580155222,1518251.4538610785,2640191.5781339956,519515.46577662934,942749.4379545655
2024-07-22,5662894.963101254,5383531.802686867,1933242.154360553,1778952.1096707282,3548544.8659885866,1550677.6515646689,2674910.959492743,524871.5939963873,956794.304273301
2024-07-23,5687550.337305604,5406970.872632741,1941659.193534679,1786697.3937067809,3554333.81475732,1553144.204470407,2678433.4732251237,524048.32925859455,953421.9332910016
2024-07-24,5471728.006307329,5201795.535595777,1867980.1246384897,1718898.574631886,3396130.4526211135,1486232.519768979,2589929.355968367,512172.06729674834,919222.3889812231
2024-07-25,5454787.865846973,5185691.089812385,1862196.97064179,1713576.9681379586,3335354.819731521,1460125.6978694447,2580737.346014387,509503.4928443252,909085.4798667452
2024-07-26,5517534.321720916,5245342.123939683,1883617.8329962275,1733288.2537575283,3356075.521370507,1468272.3013300498,2610891.386703951,515209.7036920975,918409.051025757
2024-07-29,5499229.47881437,5227940.299506653,1877368.7864985503,1727537.9371583383,3372975.8551945086,1474872.0271270138,2608680.7397848666,515512.54497240303,920253.9085512407
2024-07-30,5424614.435469387,5157006.181635148,1851896.1354810286,1704098.2319127661,3282616.2894815025,1438906.2617329045,2578846.148491427,512900.7310879404,907617.5365288858
2024-07-31,5573828.608127164,5298859.28842045,1902836.0046627217,1750972.643140933,3423266.7410781155,1495414.9249768783,2638903.014003971,521237.61688390386,934477.3036106289
2024-08-01,5462762.78908318,5193272.592408823,1864919.5105932606,1716082.225008862,3384774.755195713,1480289.6249230304,2595269.5952546624,513856.4371509742,911842.8983405499
2024-08-02,5379224.004814187,5113854.961532684,1836400.405025319,1689839.1995805276,3292716.6157708713,1445821.2193376466,2504504.2996071046,504289.3251700599,890200.3597665898
2024-08-05,5269301.437523531,5009355.118131358,1798874.2029349566,1655307.924630825,3209267.4746790444,1414369.5192051064,2439828.629875077,489602.55777309363,863657.9972922535
2024-08-06,5407018.765180948,5140278.5447630845,1845858.2355334936,1698542.210477262,3316427.733580635,1453778.3163396453,2485413.9575957744,494116.4419401471,871910.3354686103
2024-08-07,5319956.356112402,5057511.1173089165,1816614.5269725004,1671632.4118667603,3238783.4283707603,1425944.345000154,2449645.845559105,490813.77508033684,862467.7451491633
2024-08-08,5558128.495320517,5283933.696978071,1895038.7195571135,1743797.65124608,3426419.2759553567,1491234.3959691988,2546320.263663379,502160.09436444414,888851.4355891658
2024-08-09,5644879.519845253,5366405.101178163,1923049.11000258,1769572.5615765166,3478680.6215031855,1509133.1017646464,2556912.324504466,504374.3477708173,893493.3644623528
2024-08-12,5644238.166042925,5365795.3867804725,1922846.9942854126,1769386.576504423,3471671.3647281835,1506950.4779385566,2547179.394444583,504639.46692366584,895417.5882743727
2024-08-13,5831429.804108675,5543752.446427598,1978197.2563806728,1820319.391776993,3620152.132210171,1552902.586370612,2604380.5401341463,512938.4532153974,917635.3659441898
2024-08-14,5839925.796453561,5551829.312638626,1980653.0368335454,1822579.1789473027,3625179.809638679,1554408.7567520095,2595522.771734032,514556.83890936925,917932.9743840165
2024-08-15,5953963.494208655,5660241.277997336,2013227.1726398913,1852553.6068702068,3740931.101913303,1588637.2359588547,2652182.963181192,523376.36690977134,941122.8225823722
2024-08-16,6038653.35868322,5740753.203741121,2037347.3739386355,1874748.8000017554,3779692.6415558835,1599983.518794666,2653424.5632279664,524549.8325267617,942332.8708930425
2024-08-19,6088095.274526195,5787756.0402868735,2051241.4587575144,1887534.0123688343,3861532.702487194,1623392.9554098481,2697689.634917782,529565.1608363906,954711.3478882082
2024-08-20,5997134.3735935865,5701282.44221336,2025818.1048110519,1864139.6698463766,3826174.7836670238,1613344.4650853286,2683453.6487601865,528704.0557199575,952707.8183283907
2024-08-21,6050188.908904267,5751719.679701057,2040670.3417752844,1877806.565233101,3848846.9889296605,1619745.3397590853,2707577.390168151,530521.0442761992,957151.3617546064
2024-08-22,6028627.8680738015,5731222.292805102,2034694.8984416265,1872308.0158141095,3745179.1079872,1590531.1399165126,2678685.1905637085,526357.1836115684,941975.8134117371
2024-08-23,6064514.841961506,5765338.882726954,2044633.744010484,1881453.6524600573,3831168.379581161,1614981.4155081967,2718244.796481389,531950.0507001948,952192.0282740126
2024-08-26,5878974.033339831,5588951.213448342,1992875.6485381778,1833826.3167301193,3732340.990681261,1587606.3110238377,2691162.1291075456,530681.8658854205,942947.823401537
2024-08-27,5947039.86640323,5653659.208097868,2012093.8716493007,1851510.7534524105,3760852.29824286,1595478.677155369,2679835.332864844,531410.5296766125,945764.7514555594
2024-08-28,5873249.491405948,5583509.075856583,1991981.9921101497,1833003.9820917111,3709438.7390851136,1581522.6929125832,2640665.813228624,528325.6519335546,935032.7465389057
2024-08-29,5876590.869435735,5586685.616301951,1992883.4111399609,1833833.4598067317,3665398.363883152,1569499.7375306492,2656861.8492292906,528372.8341556716,933663.9656551627
2024-08-30,5957302.304305985,5663415.377192045,2014769.6427783277,1853972.9740719234,3731370.8053979483,1587480.2451831838,2683080.5828332608,533416.7201260556,944792.6809270206
2024-09-03,5721190.738621668,5438951.71838747,1950808.2125295545,1795116.2390157566,3567075.347250224,1543084.9109566892,2603804.0983983655,522439.5810360577,916107.9130261128
2024-09-04,5746816.49416572,5463313.298610694,1957782.0372813477,1801533.4900707754,3577758.526346243,1546009.0685423794,2597567.587881262,521370.23558591976,913727.4087399323
2024-09-05,5734836.74944885,5451924.541253976,1954637.3512258232,1798639.7781371153,3583277.650573059,1547474.8740223038,2598179.6879435624,520102.05077114544,914580.460108036
2024-09-06,5538262.256825427,5265047.504061733,1902947.8037876303,1751075.5196940163,3505065.720688912,1526708.0481217115,2523520.4931641147,511348.68430777226,890081.3406061549
2024-09-09,5778737.344157253,5493659.422319141,1966905.5484501896,1809928.8633067696,3599745.4760443876,1552240.6132570647,2565337.7547364673,517073.9927216396,901527.4604854193
2024-09-10,5872596.4640325885,5582888.263770996,1990759.0229527291,1831878.616830174,3600999.0846428173,1552559.8737849374,2584591.676080963,519326.2047578363,909859.1649483124
2024-09-11,6021385.159962374,5724336.883538373,2026651.3175643105,1864906.384756803,3708648.993910387,1580713.0198551975,2641531.603859879,524653.9526936141,929617.1325841513
2024-09-12,6100063.918141988,5799134.244184436,2045388.312823247,1882147.9999210453,3734543.796920685,1587410.2985684327,2670847.2880571648,529073.1767884751,938742.3182961916
2024-09-13,6175288.813528248,5870648.128744276,2063017.8498388985,1898370.5419320252,3814410.041482913,1607720.0814158549,2709550.911708706,531836.352187499,942947.823401537
2024-09-16,6169117.275846717,5864781.046695874,2061576.910079292,1897044.6020752522,3822969.784117242,1609873.293374949,2716064.1461351593,532621.7765466515,938781.9711700905
2024-09-17,6110645.64872327,5809193.954541592,2047985.5680008105,1884537.9708654806,3817490.557272795,1608502.0303981476,2727176.586766646,532839.4178494248,939277.9045181499
2024-09-18,6126979.32679845,5824721.856073502,2051817.5091525961,1888064.0887812977,3827134.149048368,1610915.735721486,2712362.2376276944,531259.2864132345,935211.2752795586
2024-09-19,6217108.566384898,5910404.82049845,2072901.4690563215,1907465.3597841803,3885158.991179734,1625449.5966211585,2750186.4632860227,540324.7768747986,958857.3434133361
2024-09-20,6277916.755246861,5968213.2066216655,2087293.983040929,1920709.222203915,4014426.5425474336,1657667.8721828586,2751594.6761711603,539390.7699038913,957032.3425941714
2024-09-23,6287046.574859754,5976892.631996685,2089446.7466707304,1922690.1760084964,4021058.1770252376,1659285.984197384,2762034.248586477,540738.6560161767,958222.5947372615
2024-09-24,6271241.321852142,5961867.087152499,2085715.2558341988,1919256.4915727975,4071118.713998948,1671418.5182798612,2789549.301183432,542285.9136234231,962844.6669041299
2024-09-25,6308830.482821002,5997601.891493872,2094618.0269084994,1927448.7417515037,4123573.614649084,1684068.9558435727,2781023.589378529,541089.8029048402,963737.3711461325
2024-09-26,6301937.230736217,5991048.698813418,2092985.6594091607,1925946.6518037147,4109565.298452224,1680707.5733643572,2797684.464995478,543235.0567457865,970977.9859200515
2024-09-27,6266643.3952425355,5957495.986453911,2084624.3561592046,1918252.6554657205,4101212.4946305244,1678700.3378740586,2807721.0005340264,542447.2082373773,965582.2286716158
2024-09-30,6330722.4275327595,6018413.858049202,2099832.905734533,1932247.4265248128,4147212.446438252,1689751.4431854056,2815412.681075917,544620.9014878954,968200.7712786668
2024-10-01,6239266.495566685,5931469.649920345,2078208.521374982,1912348.8617795815,4095477.2204028834,1677340.8240657942,2776872.926705836,539741.9759181464,954711.3478882082
2024-10-02,6330059.123448315,6017783.276225466,2099788.0432500876,1932206.1444685687,4121200.787058782,1683532.175880914,2781717.5587132243,539969.7868226793,956060.3326043714
2024-10-03,6347724.848314707,6034577.511727876,2103939.4640671024,1936026.24470997,4187793.402378797,1699465.2675911954,2776660.601815916,538982.6259449008,955346.1571030216
2024-10-04,6461263.0316189295,6142514.604790756,2130546.2653571605,1960509.584874976,4259520.4755812185,1716512.4061568908,2842694.686240473,543880.5899551532,966712.9712344887
2024-10-07,6338407.937454516,6025720.224731479,2101007.5114806965,1933328.28820862,4239032.683708083,1711646.3703537001,2835532.7546876157,538963.646629989,956357.8805054592
2024-10-08,6532412.428688493,6210154.044399259,2147547.981657381,1976154.41188854,4315144.43257504,1729768.3071915554,2849177.779716442,544060.9230096107,970640.7246063262
2024-10-09,6613281.132514977,6287033.315819388,2166535.518630004,1993626.5732930028,4332035.560795862,1733760.9184099229,2870476.780414441,547829.2925918589,978278.1102741882
2024-10-10,6591327.729300991,6266162.922645968,2161494.7938844436,1988988.1435442215,4318443.11714627,1730556.1734290689,2861095.271768662,546870.6302492438,977167.2244176343
2024-10-11,6602096.319468458,6276400.274391746,2163948.700531816,1991246.206455498,4242301.791906379,1712467.5728758234,2905021.487683224,550145.3602670111,978694.6773357113
2024-10-14,6628295.642351286,6301307.126605605,2170047.5307281306,1996858.2953600287,4299034.098975436,1726469.8997577007,2913416.1520814123,554644.6995385247,986907.3626381693
2024-10-15,6435866.151691142,6118370.60924234,2125291.0471576205,1955673.7801715848,4223003.837685737,1707922.1179941995,2890893.926230033,550335.271667312,973715.5476875375
2024-10-16,6504388.69074683,6183512.779565261,2141333.700685692,1970436.0862148849,4304732.879330307,1727960.2613832925,2894713.789368054,552727.1383509281,973834.5668479726
2024-10-17,6425096.57341089,6108132.318129571,2123258.313419017,1953803.2767974825,4250043.758631279,1714669.9432602215,2872590.500039779,552774.7344521865,974509.0289366847
2024-10-18,6572197.3768504895,6247976.31288454,2156801.859484396,1984669.7473553736,4280065.774848917,1721919.8283247082,2903281.424838186,554900.9498526293,980896.6528812391
2024-10-21,6702163.875858988,6371531.276424416,2187401.956773298,2012827.6827208102,4259836.687786557,1716800.9087136798,2909322.2568501015,553989.706234498,982781.2238193603
2024-10-22,6563279.922292172,6239498.776125246,2155171.224139566,1983169.2513206445,4221923.0351053355,1707111.1545760608,2882441.6489358456,553695.4972905697,983852.3962632766
2024-10-23,6489016.009241929,6168898.466512756,2137909.279111479,1967284.9641632023,4222293.672153434,1707202.1767065127,2840458.0335545256,548636.0612895882,968776.0103745237
2024-10-24,6474299.322463619,6154907.786512959,2134526.214432997,1964171.8983564368,4407202.195682085,1754336.2541998993,2855790.09548276,549822.6527879194,976631.6381956764
2024-10-25,6588781.745434242,6263742.537806576,2160865.3343379367,1988408.9205091326,4420450.809877668,1757729.3523836567,2865708.6342560765,549632.80051321,982582.838372389
2024-10-28,6715986.711419,6384672.200867749,2190439.815987552,2015623.0935522416,4450409.159594375,1765379.2657912408,2897416.014741235,551331.8926397506,982741.5104067227
2024-10-29,6662956.926128058,6334258.492426457,2178066.0942498995,2004236.9056709018,4461600.058703781,1768220.8340815578,2896087.3180733514,552224.1569429704,992184.1007261698
2024-10-30,6574626.004702552,6250285.131141574,2157335.338131679,1985160.6496269323,4457363.959924276,1767083.6131109474,2878114.4138809657,550553.5633515932,984685.5909250615
2024-10-31,6374454.920563791,6059988.930265339,2109614.562706917,1941248.419632608,4369758.5390363885,1743563.3080582314,2814621.153376324,539760.9552330582,959829.4139418748
2024-11-01,6351318.38744139,6037993.773604311,2103986.4598203837,1936069.4897810845,4343347.53722848,1736293.9467362317,2847805.365761446,542039.0642783869,966931.1528490402
2024-11-04,6273318.27153035,5963841.576299492,2085424.726374846,1918989.148967283,4297091.935666508,1723390.0388502572,2859180.388338121,540871.5703461507,964114.2853337565
2024-11-05,6844663.939199885,6507001.495787357,2228191.072725637,2050361.4617724146,4589480.600099678,1810973.7457286534,2932900.734124495,547411.5702870251,976413.3960423858
2024-11-06,7045343.696205052,6697781.2755700145,2276965.2989588245,2095243.0677623206,4858621.156889565,1889966.3687719665,2930478.1114186062,561023.3457398532,1002935.9018104034
2024-11-07,7224406.781792346,6868010.782249494,2312803.981701325,2128221.5025273534,4998189.960202768,1926267.6467421579,2984759.163390432,565361.2721462293,1018726.4026617673
2024-11-08,7287193.404037394,6927700.001251781,2325295.1541190725,2139715.767472224,5229235.72944448,1983890.9026957373,2993178.1929866876,567810.1950257639,1019916.7153435963
2024-11-11,7396597.026887671,7031706.50089222,2346797.6588451,2159502.1796706608,5381132.062940061,2020731.1320339076,3013678.076636647,568351.31244032,1019321.6195414206
2024-11-12,7197970.771993129,6842878.919409452,2307788.995313058,2123606.7569843526,5348983.325822839,2013150.79380172,2973274.0769106504,566585.7631487924,1017476.6409384594
2024-11-13,7340474.937907654,6978353.038956971,2336034.367866505,2149597.895745244,5573448.668094891,2065537.0692931002,3013852.670775112,566860.9927778089,1016167.4301736727
2024-11-14,7118957.512459,6767763.55910212,2293181.231862443,2110164.823934512,5460316.443397683,2039451.356720633,2983374.6984489355,563216.0774308747,1009105.3441404065
2024-11-15,7309795.322259997,6949186.916751003,2330563.5656783455,2144563.7125870367,5451692.737416369,2037474.7213803697,2938117.9136238038,556002.0457454702,985062.5051126858
2024-11-18,7201514.831114245,6846248.14223867,2309977.7744447733,2125620.8519311156,5385386.811571322,2022578.8709844823,2932698.970213367,558280.1547907988,991906.3489926619
2024-11-19,7451765.321277828,7084153.221038828,2357345.982965782,2169208.6530194087,5440654.347645984,2035290.4169980313,2975278.89563144,560320.9337113429,998730.396705058
2024-11-20,7365873.976205139,7002499.086397923,2341398.537791101,2154533.956849885,5402417.850375013,2026513.5826560701,2991011.652447587,560510.6677348689,998155.1576092012
2024-11-21,7292398.691500355,6932648.500346605,2327638.9061144483,2141872.4670596584,5442570.783419406,2035914.8751036723,3025782.2416770537,563519.6873438715,1001745.7102060519
2024-11-22,7394195.766499462,7029423.700001388,2346708.381490405,2159420.027448746,5533245.916009597,2057008.1511200059,3047622.5717663323,565266.3755716705,1003352.5294106653
2024-11-25,7343590.473570608,6981314.878340042,2337266.642439221,2150731.8237665645,5587447.058261885,2069643.697200712,3083064.2858249433,567183.8185080838,1004939.4919089597
2024-11-26,7416206.041284625,7050348.159145323,2350827.552029437,2163210.4512732914,5637874.094861582,2081423.2223007726,3092114.808037517,570145.2420158278,1010335.2491573953
2024-11-27,7363979.398812743,7000697.97270765,2341066.3480872265,2154228.2788606146,5584444.838614704,2068869.205351004,3092105.1809482696,568417.769605307,1002380.4588821266
2024-11-29,7536520.414411934,7164727.157567797,2374411.555784528,2184912.240229202,5638004.599554808,2082180.4336719299,3120114.921041814,571948.8090627706,1011188.2399867602
2024-12-02,7549431.812273331,7177001.6075544,2376869.5320771197,2187174.0479915473,5696080.363987183,2096483.7230024703,3133355.4958703057,572973.9285703726,1022197.9360981829
2024-12-03,7575964.685768653,7202225.555589721,2381859.7283015917,2191765.9818479302,5706314.047521065,2098967.370318814,3117682.8137532086,573239.7572303207,1025332.268759612
2024-12-04,7666789.95532061,7288570.21327922,2399560.831059967,2208054.378014176,5814099.105382395,2125994.981895875,3163778.497668691,576799.2952229477,1038008.3541946043
2024-12-05,7699341.585913179,7319515.999783521,2406091.644128398,2214063.9736873023,5788024.537046978,2119438.18334519,3157571.8369064056,575850.0338494012,1035131.9165603644
2024-12-06,7922662.338666534,7531819.84481003,2450911.066120626,2255306.404247517,5846158.863608566,2134038.50223414,3181746.721921049,576941.7287731734,1044395.91760042
2024-12-09,7821687.070056538,7435825.9100136375,2430629.407334442,2236643.403544826,5724291.737677095,2103244.1642830833,3176960.9738199716,573970.7269195862,1036262.6591232371
2024-12-10,7676484.929074171,7297786.9124884745,2401693.698943488,2210017.0239312844,5608154.966027914,2073688.1786297061,3141515.0383718633,572186.1391875552,1032731.5555678651
2024-12-11,7841319.780492017,7454490.095327162,2434575.6233103336,2240274.676129947,5767319.185674061,2113792.730526541,3161964.6686711856,576609.50207383,1051219.9653128162
2024-12-12,7795907.889237475,7411318.473324289,2425670.589339883,2232080.3436544775,5722820.359587917,2102850.2686391273,3128774.2923606075,573638.5002202428,1044435.6310130575
2024-12-13,7945607.633148657,7553633.197056792,2454999.8825710313,2259068.8965116646,5940659.8501944365,2155980.8724577627,3130778.4897815823,573524.4469539972,1052430.134700964
2024-12-16,8097980.234576318,7698488.920320058,2484582.1449460634,2286290.2293085917,6074174.136370586,2187970.7598932637,3155136.7217569775,575973.4880847151,1067585.7657987757
2024-12-17,8062743.904631981,7664990.876633685,2477798.3202744424,2280047.814625053,5969739.804777366,2163601.03730589,3169807.217214342,573600.4824648276,1062884.327345371
2024-12-18,7551810.906274419,7179263.335575123,2379749.0489630043,2189823.7536310726,5651545.577693028,2088161.9857118276,3049242.6616953616,556505.1454046111,1024538.7269717259
2024-12-19,7594512.998033723,7219858.838498166,2388018.600658868,2197433.321011034,5714344.346117481,2103053.911314704,3046542.3392189117,556334.2724448136,1019976.1643850751
2024-12-20,7830894.293655034,7444578.920864085,2430578.723978895,2236596.7651751465,5784550.970495664,2118573.3117769198,3084557.1602905304,563016.4103079556,1028883.1079438252
2024-12-23,7944104.6152798785,7552204.32639094,2450682.142170367,2255095.75047952,5789996.610024856,2119770.770291138,3111973.2289062142,566387.869793622,1037234.6691130371
2024-12-24,8176087.203272632,7772742.699125412,2491143.164343584,2292327.620575114,5851866.045616744,2133392.3465043204,3141850.767618945,572683.267161942,1051299.3921380914
2024-12-26,8260403.084975855,7852899.0914969025,2505650.1356924423,2305676.805635959,5927149.136056396,2149910.6596053382,3150139.6126229856,572721.3440429488,1050585.1560980028
2024-12-27,8073437.909248044,7675157.322298629,2473900.2961657173,2276460.8877643268,5765862.22301234,2114689.1583492868,3110123.628666867,566692.6622184513,1036619.7166045426
2024-12-30,7884259.861732969,7495311.847183218,2441256.3344203695,2246422.2066379543,5689174.668266518,2097632.4004487284,3067439.891486462,560225.8006344176,1022832.7453129962
2024-12-31,7784217.025905114,7400204.346193072,2423990.5543041043,2230534.390466731,5662380.59200909,2091770.9845221567,3042212.549139567,558187.6823654966,1014144.0439075364
2025-01-02,7701317.019428659,7321393.980785106,2409791.1220605625,2217468.20013522,5858121.177143607,2134435.0170916654,3076536.7956022057,556816.0868909694,1012160.310515299
2025-01-03,7956224.458749435,7563726.271118341,2453609.209027086,2257789.211176186,6029930.109576329,2171384.9588394486,3134936.3256321605,563778.2435560495,1028724.49644823
2025-01-06,8003709.920857281,7608869.170128227,2461692.0427854164,2265226.9623829178,6096268.066020467,2185288.726167105,3162701.7453754987,567026.0123040355,1040547.46997638
2025-01-07,7665547.778862499,7287389.316139088,2404391.9673000937,2212499.9462980535,5920036.960904458,2148764.0835998342,3114169.2733600326,560616.3251671037,1021979.7544836315
2025-01-08,7646679.442379499,7269451.796516722,2401086.2952481327,2209458.096492817,5950073.652157914,2155040.784091528,3101187.595443103,561435.3328622994,1022158.3437630229
2025-01-10,7554208.713233359,7181542.8534020055,2385570.866548149,2195180.938012683,5847532.651894044,2133981.861092633,3071935.8975650636,552863.6002163996,1006129.7440520502
2025-01-13,7459372.681398446,7091385.293222878,2369570.5972030135,2180457.633514782,5959476.737601144,2157343.022047241,3065044.4215065828,553720.9212949686,1002896.2489365046
2025-01-14,7565725.321129158,7192491.321503584,2387542.075593693,2196994.8269154583,5895309.2037167875,2144152.78658731,3056289.7680668007,554482.7545430625,1001944.0351142846
2025-01-15,7739524.34289041,7357716.4522934295,2417086.9393588207,2224181.7458466217,6040258.63534482,2174258.8286223346,3114225.328076485,564568.7527160818,1024995.0679846252
2025-01-16,7739203.872779571,7357411.791683485,2417029.82966969,2224129.1940223547,6009829.269998994,2168012.5781650194,3121639.76826041,563483.0294770637,1017813.9627909237
2025-01-17,7775108.510272098,7391545.173825382,2423041.3421783443,2229660.9339730176,6096698.696981708,2185876.6706538233,3127873.434873744,569140.4025861532,1034993.0406936104
2025-01-21,8004886.016044119,7609987.2459326675,2461698.918993543,2265233.2898080284,6193175.798198036,2205555.5484485547,3169428.247660276,574349.9584642719,1041063.2600307582
2025-01-22,8034006.752422835,7637671.391839308,2466552.962510351,2269699.9371626712,6281980.475585117,2223559.924070203,3192060.614944986,577578.747897346,1054374.1546805638
2025-01-23,8089249.122120628,7690188.532994436,2475727.938822409,2278142.668162355,6342401.527484139,2235768.2000721972,3207900.0578413308,580731.1470660402,1056615.7830999906
2025-01-24,8118369.121397715,7717871.9781623045,2480568.1737513356,2282596.6089781467,6328189.627808707,2232877.3116625026,3218011.303235484,579035.779851772,1050644.7262169593
2025-01-27,7275287.025915627,6916380.991153413,2340576.8122241376,2153777.812345368,6272837.415388515,2221452.7273756475,3152942.2548795133,570845.1116438983,1020055.5912103503
2025-01-28,7617741.612519021,7241941.533944359,2400449.8308232003,2208872.42763136,6390617.527639486,2245815.559431699,3187211.813259342,575750.0524739625,1035131.9165603644
2025-01-29,7596769.5303836,7222004.051105587,2397326.9261634597,2205998.7587429513,6189815.036315669,2204749.840544363,3154629.9061754737,573169.1021483283,1033187.8965807644
2025-01-30,7953216.129505438,7560866.349423953,2448914.367916073,2253469.0604489907,6290553.798264206,2225543.799371541,3196672.6920937346,576245.2293038256,1037591.7265943425
2025-01-31,7916843.192969559,7526287.770468504,2443755.31409292,2248721.745343171,6327973.91353125,2233034.637171446,3179991.2157655563,573178.5031173967,1036084.0698438457
2025-02-03,7875420.870840749,7486908.903303456,2437924.73723759,2243356.500759614,6355664.975604888,2238622.586715644,3158202.5634949906,569321.2677709355,1027792.0787935901
2025-02-04,7965576.7999851,7572617.240631258,2450646.4931418407,2255062.9465628657,6638700.581398716,2295815.874358806,3209370.290941251,573140.4853619816,1040408.5941096261
2025-02-05,8089852.13218732,7690761.795237959,2468004.150293867,2271035.3071592296,6657819.308790287,2299570.5689658257,3205380.026679244,575464.3576152283,1045129.8892693496
2025-02-06,8140164.87315186,7738592.497171837,2475689.2536118836,2278107.0703782276,6802238.345985323,2329533.2346211346,3248629.005583236,577464.3990031425,1050585.1560980028
2025-02-07,8223902.094140612,7818198.77544451,2488540.318972141,2289932.5055843554,6728154.814279571,2313350.781867441,3224653.691220392,572178.5711118272,1037333.8315671535
2025-02-10,8430007.791294962,8014136.821722123,2520254.9954401823,2319116.066724428,6728942.5377777,2313474.4030320914,3229978.4086400224,576064.3641190433,1049890.8978417108
2025-02-11,8355845.026995478,7943632.67096832,2508977.4752331274,2308738.5936701894,6605562.936432693,2285327.666834184,3212398.731356646,576502.4256273963,1047391.374395095
2025-02-12,8811972.683008201,8377258.538696711,2578251.5034977267,2372483.933822604,6636070.172358337,2292412.424265312,3253096.2190252333,574645.2907944409,1048006.3269035895
2025-02-13,8908256.232601155,8468792.207374431,2592607.7117951354,2385694.3880742565,6722181.58102733,2312175.9124391694,3305881.0385191557,580712.1086255369,1063082.7733310813
2025-02-14,8861145.220409948,8424005.285836825,2585802.4918997353,2379432.2856974853,6743618.308683332,2317252.278953534,3315024.1612667423,580683.4327135985,1067546.1734636158
2025-02-18,9033973.751391437,8588307.80230818,2611123.489297905,2402732.4406412626,6788810.506518065,2328113.221908976,3362195.9185520737,582388.3191481184,1069966.2700849562
2025-02-19,8801800.144275645,8367587.8338474035,2577214.790090123,2371529.959433301,6883633.562181445,2350864.2048564656,3352224.2776428773,583759.7963714624,1070263.8785247828
2025-02-20,8595344.70081411,8171317.295023156,2546626.391172279,2343382.7888041013,6764571.0041306345,2322212.4247107916,3335157.349862391,581331.2126954469,1065721.0515669733
2025-02-21,8206514.541884352,7801668.9896808015,2488239.164626795,2289655.3860539435,6515041.111586149,2261938.871564285,3248259.1045522746,571388.0619517948,1043602.4968900115
2025-02-24,7764425.639794219,7381389.31302691,2420729.2437181794,2227533.3616850874,6347784.549181677,2221380.481745386,3194239.0842581233,568787.954934474,1031283.4689363245
2025-02-25,7531649.646549266,7160096.6754799215,2385164.045085107,2194806.584547285,6152968.209371027,2175697.0411371505,3150146.8311000173,565959.2683799291,1018290.0394326643
2025-02-26,7903422.581530757,7513529.227538952,2440726.9481904963,2245935.0701722307,6240137.132294174,2196008.4092828217,3186835.8462028387,566244.9632386633,1020749.8494666424
2025-02-27,7395558.984635512,7030719.6675652,2367443.466349773,2178500.2667615367,5947563.498995671,2129602.399262754,3107893.13330274,557206.6114236555,992402.2823407212
2025-02-28,7372015.918830224,7008338.033379615,2363965.3997104494,2175299.7810015683,6074695.390705332,2158832.3161088135,3128708.7281685015,565902.0939328274,1008073.8245703888
2025-03-03,6897980.757955049,6557688.077695869,2297754.537096141,2114373.138436296,5882767.414271627,2116944.7399619455,3033872.6234609834,555987.5599755219,986014.658396167
2025-03-04,7026604.604167811,6679966.624478429,2316475.860546345,2131600.3325425535,5820641.991305211,2103284.8131784117,3023265.6947555942,549406.4086228762,983039.0583078107
2025-03-05,7371494.572468479,7007842.406189465,2364307.890968821,2175614.9383889916,5956150.6952427905,2132579.456247918,3076763.535245872,555311.28145851,995854.0196095569
2025-03-06,6791040.975641507,6456023.871877351,2286229.408384691,2103767.818254748,5564353.637213599,2048839.909848066,2976060.032782679,545453.9219483064,968458.666305856
2025-03-07,7026623.029654671,6679984.140995182,2318738.906660189,2133682.7673008814,5613360.280227359,2059485.4344399334,2999149.9903465807,548511.1289144836,975580.2619193399
2025-03-10,6500349.475598862,6179672.8278535195,2251028.6314717587,2071376.378718803,5309345.003870776,1997965.0179348632,2870949.482829527,533901.3134750179,937770.3083063917
2025-03-11,6675237.013638843,6339753.1031735,2274533.220535012,2092231.7778019842,5364842.047728205,2008385.809709159,2881198.016384536,529462.9918140618,935528.6798869651
2025-03-12,6871668.80843635,6334681.300690961,2299517.755729611,2091453.9862107316,5514993.575519533,2007315.171442316,2911287.0976670035,532272.6399281032,946082.1560629661
2025-03-13,6683984.504983107,6196267.15057257,2276166.709323718,2070215.777040087,5379384.696780907,1981002.7792965816,2883114.1792084314,525177.095928316,929061.6896558744
2025-03-14,7067846.992831512,6480949.381301128,2324604.4679027167,2114270.8155414164,5599810.888943219,2024281.6799203088,2957111.1930607213,536025.1047262041,951517.5661853005
2025-03-17,7208658.585924749,6584244.521454925,2341668.9573510154,2129791.284731258,5705382.684033486,2044468.9498364138,2995272.9996797927,540158.4565855562,957686.9479765645
2025-03-18,7033436.604839739,6456209.120111311,2321124.6417174716,2111105.8491790923,5572406.071145209,2019343.6700084216,2948389.108378763,534320.2182916842,941360.8609032425
2025-03-19,7175249.402666059,6560348.604703498,2338009.759409931,2126463.1764350096,5710677.420895623,2045818.6738080587,2973608.659751324,540139.4181450527,953957.5800516986
2025-03-20,7064546.656855536,6479375.965202484,2325018.395969764,2114647.2907843986,5667576.721494578,2037651.2057867679,2957317.2221119115,538577.5565166748,950724.0849361531
2025-03-21,7170060.115463939,6556794.81749917,2337812.086532879,2126283.3892924027,5768112.89763561,2057333.2706326384,2975221.931552292,538755.1697939177,953858.3570588435
2025-03-24,7383846.27874979,6713195.403816431,2363455.7853190755,2149606.8082631603,5890892.8821033845,2081198.666887254,3028144.6992856734,548403.5203377253,973338.6334999133
2025-03-25,7284523.916338605,6640954.417028407,2351687.759461763,2138903.5708005307,5847930.953187965,2072939.572589205,3021465.880548683,549721.7845286063,978893.0627826828
2025-03-26,7009307.029444461,6440232.687328423,2318974.595021497,2109150.341889953,5693546.208756356,2043390.6807022544,2946832.2226928193,543159.0212349561,960880.7902182111
2025-03-27,6825781.225602404,6305332.175662235,2296491.7965080603,2088701.8202575636,5584512.399805034,2022237.9143567255,2920027.0042932616,541716.53417607,955405.6666832392
2025-03-28,6581832.673080611,6125053.715912903,2266362.8029933106,2061298.942662932,5359914.581318943,1978643.0334796964,2847551.456713346,530807.3303908496,930251.9417989647
2025-03-31,6478254.118050966,6047941.550364486,2253281.471195715,2049401.2291250143,5254318.015154622,1957609.2864208277,2832403.4888116578,534370.5341701575,930212.2889250658
2025-04-01,6520699.666745807,6079642.461492903,2258668.385342656,2054300.727308024,5258789.421242985,1958482.950858733,2833703.0857814136,535879.892273172,937710.7987261743
2025-04-02,6691764.913548782,6207238.037587657,2280279.7218770273,2073956.6381308609,5367025.766175325,1979621.4440818396,2873300.711254505,539271.0997064414,944554.6426061504
2025-04-03,6053385.037223232,5733512.38799283,2200942.8151923716,2001798.2521711036,4935137.360510501,1894379.0866191282,2725975.97745275,512695.3287826336,893989.2978104122
2025-04-04,5503535.169331516,5316876.603590191,2127760.1802863237,1935237.290371922,4604139.663389303,1825827.6584385915,2561739.9454178642,482680.69519870635,838464.6195340803
2025-04-07,5479123.529000016,5298009.64984641,2124471.535539465,1932246.207068516,4771132.348512616,1858597.148562522,2572253.825659935,481820.9499708806,840488.0058002167
2025-04-08,5460586.813857991,5283670.466554906,2122077.9526417637,1930069.1990935833,4660315.84473933,1838087.7365207758,2515681.020278438,474274.27770699124,825352.110331246
2025-04-09,5972318.735828006,5679792.4124299595,2188307.020953612,1990305.7632943622,5354978.253538751,1965851.7794990572,2796994.8656997685,524082.26734818757,924419.7607826872
2025-04-10,5812592.7788738515,5558270.394800999,2168772.745189825,1972538.977709813,5082070.354033088,1919068.8798583602,2673890.9734953186,501117.47368172096,885102.1504192422
2025-04-11,5882853.009816854,5612019.2640494015,2177054.532746267,1980071.4168722038,5140588.533975495,1927397.5496521117,2735542.3986361357,510058.80040087143,901408.4413249842
2025-04-14,5997047.46927215,5699169.020161466,2190387.289717744,1992197.8062621942,5320344.394675549,1952392.0120252534,2751238.8124822765,515007.0802895971,907518.3740747694
2025-04-15,6054807.146899775,5743081.584407328,2197058.446646336,1998265.3470394623,5382344.239017453,1960856.175699431,2751617.522929368,513564.6523563026,908530.0369384682
2025-04-16,5889948.482695052,5617984.717015419,2178187.972909379,1981102.3016920164,5229050.915399453,1940265.5993006728,2685894.725537398,502149.09700440185,881134.6836347672
2025-04-17,5649117.977263049,5434216.440891006,2150107.415073534,1955562.51428465,5245913.615061818,1942571.8157889342,2679973.6130027263,502865.58092371904,880976.0116004332
2025-04-21,5469730.252698246,5296165.619357783,2128512.5000375723,1935921.5391187444,5090202.9260561345,1921359.9356821945,2601450.1488692965,490896.04834108363,859174.7404534003
2025-04-22,5637504.421296203,5426125.927086889,2149020.4930414627,1954573.9385665406,5219956.814577868,1939405.8809280323,2683272.4748463444,503668.0334532597,881729.8399756816
2025-04-23,5832850.714952521,5576543.347215516,2172342.2493801485,1975785.507878604,5417976.6858561635,1966402.4612640943,2745550.159970919,511472.5524222276,901725.8459323908
2025-04-24,6045923.277095858,5739511.122248554,2197010.215889989,1998221.4802733245,5683925.666721333,2001615.6912428616,2831866.965666817,522238.55402453116,927097.8129699556
2025-04-25,6155705.003319595,5822885.443727994,2210004.5320656584,2010040.0514915595,5734939.722794498,2008088.3682179619,2860895.1096637296,526011.8901564758,937433.0469926662
2025-04-28,6192463.823930913,5850702.553397911,2214325.826342976,2013970.3486677248,5753471.204027827,2010391.7766519282,2883029.7130206046,526212.503288861,937135.4990915784
2025-04-29,6183339.096271395,5843805.645293543,2213249.491594116,2012991.4022797742,5817558.929352674,2018398.3863975424,2901892.0818927567,529527.2613321586,943324.7375891613
2025-04-30,6233481.733505749,5881717.048433859,2219196.601717408,2018400.409078178,5823269.445570876,2019107.73346626,2891289.2222048384,529737.4528103871,943205.7184287261
2025-05-01,6233750.373170856,5881919.832375893,2219227.749696882,2018428.7387423748,5853715.329998721,2022887.1991145702,2907369.9781717225,533491.6322506451,955524.6858436745
2025-05-02,6511862.293593651,6091852.142453033,2252009.0527411913,2048243.9409752658,6018690.115418897,2043291.9035704192,2970451.288913997,541410.9731185497,969708.3674904249
2025-05-05,6532407.348629126,6107228.074177856,2254356.1294789803,2050378.6507364584,6028761.218589114,2044529.3663001722,2957064.1350747677,538306.2291767056,963955.5527606839
2025-05-06,6372762.743553317,5987825.108382757,2236295.2230141917,2033951.9218163434,6003838.688612965,2041475.0037917723,2912320.35936777,533806.8899051921,954989.0996217161
2025-05-07,6406333.297966193,6013059.326784388,2240156.939849815,2037464.2247978523,6054158.9268589625,2047674.8623076272,2940334.446056464,536051.8294936188,958738.324252901
2025-05-08,6503399.348133376,6085945.190335345,2251266.3950802935,2047568.4800785608,6055838.719527419,2047880.39098851,2975300.1160021806,539786.8522421902,968637.1950465085
2025-05-09,6486792.2944754325,6073512.354776605,2249374.752996677,2045847.9965700486,5961829.673249665,2036359.416900328,2963533.534977382,539099.1624859945,968002.3858316952
2025-05-12,6718148.010737993,6246805.0069573205,2275688.9142917967,2069781.2136097266,6009964.370512472,2042328.4785606174,3091632.2154064784,556915.0040057588,1007439.0153555754
2025-05-13,6937988.040967469,6410337.909105011,2300617.7554565957,2092454.4563345653,6104113.600433369,2053930.790037666,3112751.7499012817,560592.8523072284,1022793.1529778362
2025-05-14,6953176.782771317,6421564.79122725,2302284.7615420655,2093970.6292424744,6094980.276507719,2052813.9805957845,3104997.7208251627,561309.2179753623,1028922.8213564628
2025-05-15,6936613.172725441,6408042.699951645,2300474.933249858,2092324.5568924514,6095221.786628837,2052843.1286941331,3093723.1928048125,564050.8716590345,1030053.5639193355
2025-05-16,6976222.505238958,6444633.7981926715,2304814.8432174018,2096271.785383642,6206849.037921979,2066467.8158612428,3127363.4556200323,567623.594658594,1034536.8207581887
2025-05-19,6956753.291597377,6426648.14017151,2302680.9722576374,2094330.9902261624,6204892.863567718,2066230.7651216888,3119699.8536658864,568244.4724962529,1035528.6874543075
2025-05-20,6948862.8810290005,6419358.979512946,2301805.023246316,2093534.2983776731,6207248.736097712,2066508.2729162811,3129847.5237817937,566333.9472540596,1032077.0107242105
2025-05-21,6786710.592472369,6269562.708178196,2283753.9730800977,2077116.5339436482,6066266.579619541,2049319.8186700805,3043348.986696088,556790.7220121621,1017734.5359656485
2025-05-22,6979950.156002715,6448077.401673199,2305957.729908829,2097311.261995909,6094330.600448742,2052805.1423697788,3072033.33859478,557010.5509618255,1019638.9636100885
2025-05-23,6956044.191557666,6425993.073610948,2303246.6215862804,2094845.458766464,6140697.871587807,2058567.670880802,3050626.113488235,553208.4797923509,1010196.3732906415
2025-05-27,7086434.049256593,6546447.213833251,2318157.3943427573,2108407.082737974,6204897.287235242,2066507.2422549983,3115850.8948187986,564710.0628800666,1033961.4605848541
2025-05-28,7083596.383009979,6543825.777979221,2317825.8629090274,2108105.5487589906,6227653.867743999,2069351.880565424,3132530.692367193,561443.0191892107,1029379.0412918846
2025-05-29,7005101.751641898,6471312.443734003,2308703.622773773,2099808.702410876,6133833.61687151,2057607.7381528271,3118309.3503815304,563659.1646145158,1031402.4880967597
2025-05-30,7149955.0991442595,6605127.954691976,2326110.2672887235,2115640.3679705947,6232497.259965814,2070170.3863618646,3128404.820615044,563028.8266821969,1029775.8121858276
2025-06-02,7236262.041872312,6684858.301553216,2336349.4946042434,2124953.134845912,6238789.846479548,2070961.4101865927,3148810.0250353087,566200.2642913945,1037909.1917404879
2025-06-03,7278244.626191696,6723641.809624666,2341326.770272451,2129480.059245954,6394506.762341733,2090573.8752986006,3181951.8076835945,569429.0537244688,1046022.5935113521
2025-06-04,7282117.991047057,6727220.023771484,2341802.5848198286,2129912.8213889427,6362191.317188957,2086406.671764927,3193424.9746327363,569276.1549445253,1048938.7445582296
2025-06-05,7173651.885801336,6627019.044330254,2328087.446838567,2117438.649388806,6329176.374499043,2082133.167222561,3157330.442298566,566524.9820406014,1041043.4033244394
2025-06-06,7185188.756429855,6637676.804503772,2329627.731547435,2118839.5668577985,6473082.293167652,2101232.1148836827,3207213.7304376373,572342.6446285878,1051219.9653128162
2025-06-09,7190709.519373599,6642776.88487425,2330360.7877134867,2119506.2950171204,6589627.341694832,2116490.033720174,3244789.490103465,572858.4562899282,1052767.3354759507
2025-06-10,7142576.102718017,6598311.238377438,2323857.6344307424,2113591.5566672008,6624114.934500015,2120962.6784807374,3307119.050441541,576106.4024146891,1059730.2590551008
2025-06-11,7229313.702969371,6678439.426624619,2335670.02652144,2124335.1460407623,6682239.607196173,2128512.095426323,3313941.6216481444,574463.3613490094,1056159.4420870913
2025-06-12,7296626.162953339,6740622.671830229,2345072.5532737924,2132886.918258073,6576517.534939631,2114658.6639789953,3312973.7435668567,576746.4369440346,1058639.1088273881
2025-06-13,7250622.975652618,6698124.931042838,2338657.443198193,2127052.2568356236,6626810.946467576,2121320.699058517,3288002.456472912,570298.4364237294,1045348.1919613787
2025-06-16,7348521.722097348,6788563.785260088,2352419.6288569667,2139569.2195697865,6640066.240137335,2123071.19127029,3320245.5347400196,575724.2737160138,1059888.870550696
2025-06-17,7302470.238821618,6746021.428654805,2345970.668423717,2133703.770620141,6526765.935155496,2108032.22206333,3268415.3640895877,570804.6697392265,1049553.697066724
2025-06-18,7391600.100075249,6828359.587426547,2358506.1437889924,2145105.01762353,6546808.953648643,2110720.8467214108,3288300.4250871907,570718.6420034114,1049375.1077873325
2025-06-20,7401494.736296635,6837500.251584733,2359882.828346931,2146357.137725356,6474833.29494639,2101090.449103073,3271552.5384655865,569378.3830924458,1045090.2969341896
2025-06-23,7502686.913709804,6930981.5770699615,2374134.1417492926,2159318.9712010236,6567794.41136664,2113646.5376074226,3299010.625813688,575002.350242267,1054651.9064140718
2025-06-24,7661479.441157572,7077674.101358258,2396362.573819659,2179536.1418425404,6723251.331183065,2134449.654428917,3344489.536921896,581354.5081785474,1070779.6685791612
2025-06-25,7642236.936293063,7059897.876887411,2393654.795374437,2177073.3671981934,6719264.109903046,2133919.093124275,3325594.556206223,581680.2901884036,1073517.1092691696
2025-06-26,7707983.106629299,7120634.183840413,2402927.290023912,2185506.872809725,6800125.289806179,2144660.654724604,3355281.729840752,586231.2461014062,1083554.7953907924
2025-06-27,7612035.878322257,7031998.141924302,2389212.920898177,2173033.400097929,6818678.443352677,2147152.659610387,3358347.8414390674,589143.8318704675,1087264.4882255557
2025-06-30,7717195.877029026,7129144.940406518,2404394.5955468365,2186841.414357518,6838746.896841866,2149862.875942009,3404526.841483123,591960.6341810956,1094306.7175525036
2025-07-01,7471393.07551004,6902072.331817833,2369249.272124092,2154876.091808468,6710442.70984614,2132559.802213388,3373118.0294553675,591769.0672642292,1085082.308847608
2025-07-02,7533773.427895598,6959699.296414394,2378246.1093959375,2163058.881929834,6728359.68459435,2134940.3800335443,3391495.5947099663,594451.7727330509,1092640.328228934
2025-07-03,7672057.233755626,7087445.865323138,2400456.5550280614,2183259.693572657,6793160.395114531,2144369.9638088187,3443545.733859262,599136.8846134515,1103392.1293131677
2025-07-07,7703421.292516105,7116419.980323698,2406294.1574664973,2188569.1011035885,6828887.045087466,2149914.5342675457,3425585.8250306738,594672.0155618556,1095080.4026340707
2025-07-08,7718268.272404783,7130135.619169765,2409048.392039706,2191074.1284567122,6840231.6015279265,2151682.0625342596,3439366.1207823493,594346.3518031826,1095695.3551425652
2025-07-09,7947146.537823067,7341573.342648148,2451300.011609512,2229502.7589610643,6937043.308520731,2166491.191700261,3496113.6421477343,597910.4424663648,1103451.699432124
2025-07-10,7809297.041826502,7214227.989156896,2421113.404106818,2202047.480377379,6950295.735910651,2169458.720898015,3485690.195691192,599596.6452139311,1101864.7369338295
2025-07-11,7713026.083673613,7125292.885634815,2399690.187862062,2182562.6684419587,6947024.464375626,2168596.300957477,3463455.20211,597488.936123667,1099385.0701935326
2025-07-14,7693898.147905512,7107622.500086161,2395472.331467826,2178726.44993614,7078729.722383231,2203214.4126522755,3473467.7074023713,598628.995781389,1103372.3936843264
2025-07-15,7650707.020439131,7067722.539951167,2385965.2131993794,2170079.549797893,7129793.630879758,2217080.8727185763,3442639.836087618,596070.9270597138,1104383.9960092863
2025-07-16,7662006.613500439,7078161.103126874,2388413.4351480636,2172306.2530016173,7191261.900565958,2233574.421127267,3460954.1319872523,598063.695999858,1105514.738572159
2025-07-17,7689733.462398669,7103775.163944562,2394561.7143212557,2177898.2267765836,7232461.244165452,2245211.2321644444,3483278.3557721023,601723.6883726567,1114461.3955435466
2025-07-18,8028158.87183351,7416412.530395111,2475669.7576880693,2251667.49435045,7254714.74309316,2251369.2582395296,3522195.671513115,601282.9662126806,1113390.2230996303
2025-07-21,8024105.320682517,7412667.860162651,2474605.6476317155,2250699.6665467364,7251419.118956887,2250341.1983398134,3524868.36917031,602423.0849959941,1119162.8339969513
2025-07-22,7955995.718550907,7349748.215104139,2458081.0446924497,2235670.2341356305,7198199.611513779,2234073.219947486,3531390.9218960097,602509.2901085841,1113370.3663933116
2025-07-23,8163486.3407632485,7541428.03548164,2509663.884204955,2282585.781993301,7248565.454653585,2249705.0428242423,3562342.9163070954,607635.1241489609,1118448.7190343405
2025-07-24,8146534.8831953565,7525768.280322078,2505322.9541415363,2278637.6257060203,7285743.388475621,2261243.792901683,3549537.9469098947,607836.3285372624,1120829.2233205212
2025-07-25,8099383.004738284,7482209.3787353635,2493417.770650789,2267809.6408356046,7361472.523694058,2284747.508009927,3561854.9409183795,610404.0347303725,1123527.0716753695
2025-07-28,8113810.949592931,7495537.913050157,2497052.244643318,2271115.2622427507,7353398.208359382,2282241.518647009,3548203.707232885,610250.7811968792,1127038.3185244228
2025-07-29,7996651.5265858425,7387306.0473490255,2467581.486805194,2244311.0621866225,7264346.513835544,2254602.9400212616,3469479.9097672366,608641.1460904679,1125292.6234530555
2025-07-30,8038861.819143121,7426299.912272621,2478205.568214643,2253973.860987917,7295041.362609084,2264129.5638072444,3462568.4610753376,607874.7010462272,1126800.2802035525
2025-07-31,7944601.724660833,7339222.444450289,2454604.280177722,2232508.0524193444,7527188.154580079,2336179.931820039,3435896.837619482,605594.4043540085,1120829.2233205212
2025-08-01,7840551.670218452,7243101.012391666,2426976.805776717,2207380.35278713,7292334.427822726,2263289.4244889803,3362526.0715921056,595668.4000319277,1098750.2609787192
2025-08-04,8127003.419628911,7507725.115825253,2502398.6249329774,2275977.89413187,7583321.567948764,2353601.809833901,3439433.50241946,604722.5383798996,1119023.9581301976
2025-08-05,8094253.974085988,7477471.18062472,2493556.2732243026,2267935.611491301,7447335.115890349,2311356.7524651024,3439175.366799183,601656.5808261618,1111426.3464137116
2025-08-06,8301125.64344404,7668579.212404416,2546645.43282374,2316221.1853652853,7422112.274971512,2303608.4697396993,3433572.235037928,606265.065939816,1125411.6426134906
2025-08-07,8336666.43619398,7701411.793933863,2555717.662986724,2324472.5467174286,7496505.273599029,2325758.4698498663,3441018.344434356,605757.2953589367,1129220.376824893
2025-08-08,8391050.198561627,7751651.509304784,2569345.5275933356,2336867.341967006,7314941.400468676,2270763.4846697417,3452749.2014483847,610480.661497119,1139753.996294575
2025-08-11,8411205.212220782,7770270.709327902,2574538.6620936296,2341590.5939725656,7324224.6651106505,2273507.791993422,3462239.501461694,609273.4942929022,1136381.625312276
2025-08-12,8669753.043728719,8009117.175611647,2644443.0888178847,2405169.9647175544,7627798.644883694,2362660.7399286195,3533358.102179707,615759.8081965807,1150664.5299518816
2025-08-13,8615104.72965432,7958633.067394967,2629653.1689447644,2391718.258681669,7659730.085969417,2371887.531370979,3568618.6088228445,617867.635538028,1151239.890125216
2025-08-14,8681941.078564798,8020376.481228571,2647159.4743710645,2407640.5676859934,7725991.070071865,2390091.6372158444,3584587.6927716923,617925.105613088,1150347.1858832138
2025-08-15,8615652.744466918,7959139.323435471,2629870.5780060366,2391915.9962493405,7746991.803370285,2395913.280975062,3632556.3625143007,616478.3615116047,1145288.6899485034
2025-08-18,8585274.705718597,7931076.093644103,2621922.482241182,2384687.0559514146,7722884.566362567,2389232.975541341,3637805.6375847748,616344.2646697983,1144832.348935604
2025-08-19,8304002.092540548,7671236.475852105,2548619.6837319373,2318016.80312968,7396067.4892224865,2298549.059437044,3612060.561774207,613000.4759610125,1129299.803650168
2025-08-20,8280594.75328652,7649612.777701855,2542263.791250411,2312236.0012057573,7290678.725834725,2268144.6556099886,3588309.9374041227,611371.6841629145,1122594.7750982072
2025-08-21,8321391.964005977,7687301.237735513,2552939.2481057732,2321945.5269265906,7249088.802878465,2257191.3198989774,3575991.881493352,608919.0363711076,1117397.403296743
2025-08-22,8436353.707877528,7793502.887625174,2582988.917606317,2349276.25786121,7457971.906195999,2311564.8882651515,3661633.84438934,618270.1034402224,1134635.9302409086
2025-08-25,8444170.384284485,7800723.932671254,2585039.809009121,2351141.581574842,7420018.587252825,2301689.619945935,3637200.150463884,615549.0254624359,1131362.8427902032
2025-08-26,8552151.733542912,7900477.094569788,2613359.8077269467,2376899.144898847,7527791.280314843,2328931.8744079606,3651693.551244532,618126.3100013894,1135905.5486705352
2025-08-27,8549734.139651263,7898243.72152403,2612702.034849403,2376300.88828468,7449377.332032087,2308958.8753256025,3644330.591955786,619534.6815939076,1137651.2437419025
2025-08-28,8583389.292634042,7929334.349185815,2621657.4848026107,2384446.0358732464,7528636.914338488,2329197.386787147,3677254.0433107754,621728.7140479449,1144772.8998941253
2025-08-29,8502743.826349849,7854834.073815324,2600129.658280129,2364866.078952839,7363279.298676971,2287269.825848267,3649251.4797059614,618020.8890715212,1131521.575363276
2025-09-02,8629633.568239436,7972054.807329981,2634038.6736890124,2395706.9564666934,7359532.640606049,2286264.432028236,3636320.2711732453,613441.2572465802,1122039.2716311913
2025-09-03,8629557.039059121,7971984.109679263,2634002.102523571,2395673.694314421,7382274.924871014,2292021.8593482664,3641791.2257370153,616765.7710124961,1130866.9094421437
2025-09-04,8775420.628710832,8106732.882254849,2672973.2248187372,2431118.6517922427,7439508.539972519,2306509.6349507608,3665698.9912197143,621920.3992159945,1141102.9204719993
2025-09-05,8929988.762904387,8249522.912389251,2714155.320691468,2468574.530686384,7610627.03320924,2350479.8806161545,3693764.705969046,620119.1380671252,1142749.4530892503
2025-09-08,9000900.76496403,8315031.414279477,2732870.5998839433,2485596.4237213996,7744393.224402071,2384979.8743074187,3725281.430207845,621642.5680609465,1148323.7390783385
2025-09-09,8959262.918323344,8276566.374848322,2721922.0680852267,2475638.5312822023,7829450.123898221,2406525.003609062,3745740.245563166,623079.6746909948,1151577.0909002027
2025-09-10,8947341.323750164,8265553.206725177,2718776.7554660146,2472777.8112034206,8209858.756391918,2502089.559091458,3737986.9105177624,624880.8767142725,1151954.0050878269
2025-09-11,8872049.052310038,8195998.212327946,2698952.3604717045,2454747.156805664,8088760.816033269,2471475.8228570847,3775940.387646349,630073.8183011443,1158659.033639788
2025-09-12,8930690.007594667,8250170.7221786305,2714446.5781460735,2468839.4347354746,8189403.33155069,2495160.28308569,3783568.8042385085,629862.9173158163,1163776.9786159769
2025-09-15,9117344.466681764,8422602.096710151,2763648.988620506,2513589.9382971567,8297137.474010282,2520178.7373032356,3832091.3913424322,633216.2843704454,1173735.3589898022
2025-09-16,9071097.39722518,8379879.057606476,2751427.4209021316,2502474.196112235,8153615.16284977,2486548.054490273,3839991.35124405,632344.4775219281,1172743.4922936833
2025-09-17,8997237.841094568,8311647.605498779,2732100.271904507,2484895.7961575263,8049967.328975533,2462217.127043713,3850770.0957319345,631558.8757860007,1170402.7014201405
2025-09-18,9072363.753050119,8381048.917017327,2751717.9868293568,2502738.471204366,8155780.955278174,2486928.4174649017,3903666.626420319,634509.7158128438,1180956.1775961414
2025-09-19,9107146.16281763,8413180.904407632,2760754.0899750786,2510956.974365232,8236791.448134485,2505684.972305664,3928512.8255202197,637652.4183845114,1188950.5602065702
2025-09-22,9091096.264598262,8398354.00970288,2756520.35321551,2507106.312373037,8264565.848571497,2512168.545914697,3963926.2586251367,640669.1834460167,1194604.2730209338
2025-09-23,8909582.83584599,8230671.918587774,2708603.131140541,2463524.711462527,8109828.135582292,2476091.3987942114,3908891.6784565668,637181.7195495812,1186669.3394519836
2025-09-24,8890062.711959912,8212639.229686773,2703407.68773642,2458799.359466176,8065541.215742329,2465669.0199506083,3898768.1801297986,635154.4212639277,1182503.4266817984
2025-09-25,8748115.1213227,8081508.056690845,2666230.1007464556,2424985.655564948,7967080.3644059915,2442870.2647756226,3867037.6381018846,632224.1569429704,1177405.3384119282
2025-09-26,8809688.042585412,8138389.116480026,2682373.4638039707,2439668.3432429885,8026049.915557502,2456519.875701861,3889161.557609819,635846.2498115371,1182245.5316546091
2025-09-29,8776896.84165844,8108096.607659013,2673434.2141977497,2431537.9301700387,8146807.002366773,2484656.026835027,3898269.8448195285,637633.2025672331,1187720.6551895812
2025-09-30,8709921.168873914,8046224.486441591,2655139.2872493383,2414898.355285979,8134723.209969101,2481846.2181454212,3912110.7488934835,640035.0614758338,1190974.0070114455
2025-10-01,8930752.866165401,8250228.790921301,2715980.79798785,2470234.8360955254,8123156.942534249,2479168.6453324007,4015772.3417367823,642216.0271741218,1196687.1688672877
2025-10-02,8981979.614706807,8297552.0571694095,2729951.409730769,2482941.3662132975,8324818.495782593,2525827.694638091,4035324.797785092,642955.6883253562,1201606.7889352439
2025-10-03,9058388.544979235,8368138.620907541,2750318.500777828,2501465.6127218325,8298940.453469607,2519858.2349716076,4096672.0016209744,642946.1691051045,1196548.2930005337
2025-10-06,9069289.681347633,8378209.089821874,2753285.5210551047,2504164.1726136254,8264191.522042039,2511945.908902017,4168830.089780101,645251.9489273139,1205534.6633845589
2025-10-07,8994526.902149817,8309143.240316181,2732317.3378050085,2485093.2216141205,8258997.6155364625,2510761.4072510316,4138112.4117489043,642859.6683645565,1199186.6923139032
2025-10-08,8988802.600347558,8303855.130764316,2730685.3828577367,2483608.928365554,8348056.165802948,2530997.9741761037,4180589.9409166127,646693.0760975926,1212933.9501928121
2025-10-09,9222143.731187517,8519415.64896602,2796473.123151501,2543444.096560432,8517709.22088129,2569754.3526668805,4196971.297905102,644819.6226013486,1211466.0068549528
2025-10-10,8846258.79363632,8172173.1734063905,2690332.5470650992,2446907.2768722647,8167498.465022168,2490229.9429466366,4060647.17860963,627391.526711464,1169410.8347240216
2025-10-13,9233858.175774543,8530237.451948354,2797282.5506757544,2544180.285884446,8454474.788926143,2555442.543622406,4130520.928228213,637018.2964143284,1194227.3588333095
2025-10-14,9243358.878530579,8539014.200402427,2799702.0530154915,2546380.868071941,8461312.983858138,2556855.427635419,4120655.1310183248,636240.0853773542,1186272.5685580405
2025-10-15,9491488.89175368,8768236.68697918,2862957.498303899,2603912.867061008,8472979.730962645,2559281.206460498,4162060.280734196,639064.7513916686,1194643.8653560937
2025-10-16,8878236.32625972,8201714.015512961,2707187.5437852787,2462237.208546049,8164439.709854351,2495133.805904786,4088719.4740158007,634712.516592119,1190220.178636197
2025-10-17,8864856.217817932,8189353.472393434,2703545.12146022,2458924.357983262,8103432.118308629,2482206.576959006,4085932.824681955,638315.334517816,1198036.093044712
2025-10-20,8938215.159358416,8257122.456782392,2719874.6310448498,2473776.349375172,8169667.730150101,2495699.5169143393,4147734.275649645,644954.1333222964,1213132.275101045
2025-10-21,8795853.9001477,8125609.136791,2688251.112253425,2445014.1733625983,7915174.430539158,2444082.8584719542,4130308.634154845,644944.4367252699,1212814.931032377
2025-10-22,8561407.39472159,7909027.473634098,2635910.662512578,2397409.564971208,7579939.703780784,2375264.83178547,4074605.3316264166,641591.4835497822,1201130.7122935033
2025-10-23,8608416.667623563,7952454.636220297,2646359.8866626164,2406913.3278566883,7665869.320845974,2392665.346439508,4117559.77073931,645396.0971196967,1211227.9685340824
2025-10-24,8738607.552086694,8072724.96498312,2674907.1456111884,2432877.5885694465,7822432.663423089,2423187.6025955137,4143816.049739457,650670.6320230116,1224161.8279187863
2025-10-27,8952585.872317247,8270398.120276362,2721623.6878903075,2475367.1489688815,7850498.538627607,2428589.253749917,4201650.241127122,658347.0258349272,1245963.159604558
2025-10-28,8765211.496674387,8097301.686887607,2680991.735777817,2438411.6360134147,7683149.126072107,2395888.4816001565,4186868.1843428463,660095.6060816583,1255544.5047132813
2025-10-29,8877322.583812576,8200869.900312611,2705228.360590428,2460455.295145999,7804458.30800967,2420266.1534135286,4209646.817636402,660412.6375039539,1261198.217527645
2025-10-30,8922347.38131076,8242463.804677855,2715116.46886546,2469448.712751221,7872777.933275866,2434258.8316031974,4178637.0466542644,653149.3542007253,1241916.2659948077
2025-10-31,8996800.53192711,8311243.619324496,2731378.730397314,2484239.540793688,7955533.695859108,2451208.7861428675,4239044.927220061,655291.8291388652,1247907.179584158
2025-11-03,8884666.986936457,8207654.659337165,2706503.0519934,2461614.650584456,7923327.212043932,2444640.5986485467,4248628.741060648,656521.6414446746,1253878.2364671892
2025-11-04,8456487.764438296,7812102.727482462,2611301.3828300238,2375026.969332792,7391263.110097929,2335986.401339294,4145240.0533445175,648739.5310749328,1228426.903143088
2025-11-05,9038266.124637717,8349549.530588676,2741700.3227797276,2493627.220222757,7888802.69320132,2441442.2730547823,4212095.296946995,650987.6634453073,1236421.4068309946
2025-11-06,8832379.265800467,8159351.266690152,2698947.8127265316,2454743.0205472037,7670942.568201967,2400425.8080683816,4143394.37441498,644002.9799298178,1213390.170128234
2025-11-07,8954391.95293578,8272066.577408815,2722281.99819155,2475965.894379856,7803040.994091599,2424236.1135341786,4152625.8104718775,644637.0427744092,1209561.5792105128
2025-11-10,9157212.69956039,8459432.367087977,2760495.935230987,2510722.17784442,8324443.033237437,2516346.482021171,4217376.891304566,654696.1979288304,1236322.1232994006
2025-11-11,9137933.808460938,8441622.529016169,2756889.144576595,2507441.7349460083,8210005.153023513,2496652.636165337,4226900.072192409,656194.9134253524,1233029.1791423764
2025-11-12,9094580.572158707,8401572.812751448,2748866.73002151,2500145.2003319734,7867749.837023477,2441629.818189211,4210169.617441478,656560.0139536395,1232057.1691525765
2025-11-13,8607632.824243633,7951730.521767956,2658535.8504751953,2417987.5924446983,7409168.315163009,2366632.028576269,4088481.438148148,645665.0594360009,1206903.4442683018
2025-11-14,8596790.394165559,7941714.285719977,2656336.923504371,2415987.627640314,7582571.159675382,2395787.696089373,4076378.581208131,645559.4611293578,1207815.8841391455
2025-11-17,8471074.48406075,7825577.93791519,2633348.223543734,2395078.9792723334,7395146.415184041,2365965.0786575037,4049723.7947370755,639545.0876980337,1197500.446284015
2025-11-18,8468654.127016768,7823342.012269524,2632901.3062401987,2394672.4997078003,7314737.006246692,2353091.5667928103,4023786.590694355,634174.532833919,1182920.0542820601
2025-11-19,8424785.131243294,7782815.837446088,2624836.0288472255,2387336.9805488815,7225563.5658558365,2338708.255791254,4021413.2707867445,636624.4608485113,1189982.1403153266
2025-11-20,8227690.507165255,7600739.839322243,2588519.3463269016,2354306.2852068567,6941962.413026845,2292744.487854572,3952686.6060774596,626920.8278765338,1161813.1019300583
2025-11-21,8395980.822727775,7756206.419519226,2619891.1143801194,2382839.489260575,7109333.573272594,2320428.412856557,3980851.9563496225,633165.7319896056,1170541.5772868944
2025-11-24,8799200.858390043,8128701.056550373,2693727.5147132967,2449995.062823553,7291005.160368597,2349598.357681133,4053898.6697637686,642484.9303648344,1200476.0463723713
2025-11-25,9045681.031405104,8356399.420873521,2737624.291101827,2489919.9939230573,7375177.671753929,2362859.38708731,4106081.0958854603,648528.0979592801,1207875.454258102
2025-11-26,9046512.987300053,8357167.981663427,2737751.821143021,2490035.9848573967,7434974.781778694,2372202.4066343936,4143405.904995265,653005.2651339342,1218547.949594538
2025-11-28,9057783.051068965,8367579.265681158,2739647.522145685,2491760.1600279543,7459611.626534901,2376029.7818269935,4192793.4963861876,656569.6514250744,1228426.903143088
2025-12-01,8939735.631373612,8258527.068709691,2719795.540152412,2473704.414743726,7388264.66464248,2364969.122002559,4149752.6518901614,653572.1021808473,1224300.7037855403
2025-12-02,8862661.656246293,8187326.136587248,2706704.2416537134,2461797.636306571,7521796.334548153,2385777.0462853955,4172323.4629777386,654782.6986693784,1233882.1699717413
2025-12-03,8941345.58400889,8260014.342826736,2720141.3591391305,2474018.9435167606,7628072.999586234,2402282.0160445482,4220180.748179793,657050.0468570313,1236897.4834727352
2025-12-04,8979210.002712136,8294993.489827941,2726579.637943853,2479874.6773274355,7637874.729425564,2403791.898501026,4218584.724549587,657530.3831633964,1235746.8842035437
2025-12-05,8966912.527752217,8283633.083433276,2724493.64042596,2477977.42395196,7628324.363251196,2402284.160328775,4225358.674003126,658779.3521608924,1240785.523431935
2025-12-08,8909328.510039125,8230436.972427524,2714721.7018571473,2469089.664846023,7496047.579441183,2381253.6330922977,4203667.295792201,656800.2412324138,1238405.140223232
2025-12-09,8944022.603899317,8262487.373589636,2720632.061742393,2474465.2466223054,7567312.044206045,2392710.042199337,4199376.344638965,656233.2859343173,1239932.5326025703
2025-12-10,9118874.886789115,8424015.898684198,2750355.3989027888,2501499.1722498424,7645582.817715709,2405218.7916536094,4214319.073940672,660585.63898505,1245010.885243599
2025-12-11,9201073.576738607,8499951.04195376,2764304.1771748555,2514185.844421516,7771638.246397839,2425287.3711515167,4250016.938540214,662122.7861161284,1240983.9694176454
2025-12-12,8876206.004992854,8199838.404887325,2709677.6308730654,2464501.9888691357,7589255.310291241,2396424.0081776725,4196913.126660626,655003.5918796911,1217258.4744585927
2025-12-15,8828876.8602411,8156115.744711614,2701561.233293206,2457119.9749534912,7532742.574763731,2387387.209634989,4159112.5894805947,654014.006852656,1211148.5417088072
2025-12-16,8854430.480579842,8179722.177158052,2705852.1928925626,2461022.682178248,7510432.613111923,2383823.6535920063,4161847.499444994,652227.05409696,1213548.9027013066
2025-12-17,8659868.796152383,7999986.10848294,2673227.3748785807,2431349.805978563,7337941.201472033,2356211.175604458,4083388.9225226752,645050.2124086878,1191053.312759243
2025-12-18,8587203.526920594,7932857.938517853,2660918.6029372024,2420154.7499377867,7149857.762457912,2325742.0430054725,4119122.2462399825,649921.1560235674,1208311.817487205
2025-12-19,8883626.986718094,8206693.907217756,2711244.6225832994,2465927.1968504884,7349161.921192571,2358364.640204761,4171115.3831407,655811.7204660279,1224062.66546467
2025-12-22,9068004.327445598,8377021.679988911,2742024.144921919,2493921.7424583104,7382252.057168346,2363657.56509501,4196227.979949198,659897.3579729381,1228347.5973952904
2025-12-23,9130069.812666055,8434357.770323271,2752139.7802530425,2503122.100134879,7399323.3989068745,2366360.8981128093,4205252.998419293,662913.3544017524,1234100.3515862927
2025-12-24,9194656.794003028,8494023.218570502,2762582.7996754674,2512620.2197056827,7398634.949824916,2366248.0580522083,4224031.8561360715,665245.2677354602,1237710.7608894624
2025-12-26,9218013.136252822,8515599.805692276,2766345.3246691558,2516042.3058699057,7408775.360881794,2367858.539510995,4221327.030263349,665177.8054354156,1237631.4551416647
2025-12-29,9116862.928219391,8422157.251516728,2750042.633036877,2501214.7059023315,7345328.086021621,2357788.8464245675,4188038.5251491144,662807.342215968,1231640.5415523148
2025-12-30,8983449.74850047,8298910.166651642,2728246.098765522,2481390.35430782,7315323.881250187,2352996.62785119,4174581.3449631818,661997.9719922071,1228783.9606243935
2025-12-31,8893526.434025314,8215839.015856653,2713478.1667444394,2467958.6466305805,7272864.634439156,2346157.1974994065,4136706.857930182,657093.2676645095,1218627.2553423357
2026-01-02,9022535.372262485,8335017.4627894815,2734704.1374447015,2487264.0600902694,7570022.827427428,2394160.770613504,4170510.2042621793,658297.7150915115,1216266.6077624739
2026-01-05,8912457.373837892,8233327.416557186,2716734.9561478137,2470920.7569091227,7823842.342722391,2434326.619080241,4216323.31775274,662682.0550873136,1225927.3796964723
2026-01-06,9182299.390746232,8482607.450419923,2760930.796688343,2511117.692393578,7861625.572718217,2440060.9172088965,4289691.095835341,666623.1896482913,1236699.037487025
2026-01-07,9230309.679976046,8526959.351810556,2768664.041936238,2518151.222167269,7909647.474089995,2447248.9967080005,4280115.385938536,664474.3882718475,1237889.350168854
2026-01-08,9046451.170432346,8357110.875245935,2739169.119806336,2491325.044240243,7792534.220748176,2429643.3038285295,4248698.301418947,664406.9259718029,1230846.9997644287
2026-01-09,9007834.89689514,8321437.164808627,2732720.3524980545,2485459.7709413334,7844779.463511222,2437693.0884746807,4271062.427041478,668800.90343904,1243106.5786766368
2026-01-12,9367216.411865717,8653433.779894477,2793968.859947144,2541166.4227967835,8006316.635113936,2462909.6208312903,4316866.689286444,669851.2104486745,1244138.0377079155
2026-01-13,9371878.290004302,8657740.422549928,2794727.2382674273,2541856.1819243487,7953841.038525354,2454798.6049795346,4306778.361468149,668511.8384215831,1242293.180182432
2026-01-14,9135376.077065468,8439259.696955474,2755567.1739177234,2506239.3781486927,7851678.402619354,2439044.7631796785,4267648.648109107,665225.9927925903,1229021.998945264
2026-01-15,9187482.418674653,8487395.531209981,2764922.9654080407,2514748.643779639,7801190.261104741,2431082.783024059,4270430.233642257,667037.5417944025,1233445.8067426383
2026-01-16,9105564.234654078,8411719.519295352,2750400.5680831377,2501540.2544559096,7711335.0615026485,2416891.0352613265,4247038.380929684,666478.6275767671,1232414.226633882
2026-01-20,9106380.47067234,8412473.558064418,2750540.3045125413,2501667.3473263895,7659812.580165387,2408689.0279929326,4177259.3661498525,652911.2554432497,1206228.921640851
2026-01-21,9294918.749646906,8586645.205258884,2784196.0792827904,2532277.897789356,7760527.213769194,2424900.888987113,4229012.387013499,660446.575593547,1222535.2730853318
2026-01-22,9434701.323529461,8715776.33594822,2809309.2107632426,2555118.755969362,8108082.516877429,2482030.406750202,4306326.086914528,663896.2582369338,1231422.359937763
2026-01-23,9277082.536473028,8570168.11294054,2781337.9627782986,2529678.387895823,8007125.073247997,2465753.6890319493,4252021.247989183,664137.0767716244,1235310.399896963
2026-01-26,9469627.797422297,8748041.409766095,2815736.145046422,2560964.171727591,7980528.824232658,2461540.389048368,4252753.201391398,667509.6596435317,1240745.931096775
2026-01-27,9531253.376665272,8804971.114993276,2826700.9872436537,2570936.898776309,7955097.129316816,2457508.8988907323,4241259.392711248,670169.1878804362,1251993.665529068
2026-01-28,9562826.34465773,8834138.220325803,2832313.591399026,2576041.666201796,7966562.244949349,2459333.7226055777,4239604.310338715,670101.7255803915,1256139.600515457
2026-01-29,9547478.357512224,8819959.751015533,2829581.4821399776,2573556.7622316647,7887280.567685825,2446658.3305861205,4203740.548083567,668771.9910247352,1248621.2945467688
2026-01-30,9494549.630687973,8771064.197364438,2820151.5107557857,2564980.028613418,7467424.012014109,2379149.329838255,4129250.946857078,666777.3300656589,1233624.2749445522
2026-02-02,9505840.196466673,8781494.421137188,2822164.1963144,2566810.603404182,7541609.046170521,2391353.756255985,4125675.9559846916,670092.1472345481,1242094.8552741993
2026-02-03,9382689.349340167,8667727.67830874,2800020.8941098475,2546670.8599522393,7340774.502313065,2359516.061491022,4044382.3824024866,664426.2009146728,1223011.3497270725
2026-02-04,9519921.59044475,8794502.811779633,2825822.019139673,2570137.4610071327,7287225.244618866,2350300.857963206,3969548.9988013324,661207.8175857246,1201646.5023478814
2026-02-05,9215571.056392437,8513343.81251054,2762241.966502788,2512310.2256228556,6905283.199049206,2280747.4161588424,3848057.9805483404,652949.8053289895,1184348.4052847594
2026-02-06,9334483.370959446,8623194.99929599,2787531.1538214274,2535311.2098482703,7290048.618109413,2353278.8838813975,3944747.1732044136,665476.5079243074,1209383.111008599
2026-02-09,9330973.278236676,8619952.37591651,2786787.060245326,2534634.442960094,7377073.543934089,2368690.228421812,3995050.0369999562,668685.3129074122,1218647.1120486544
2026-02-10,9255073.980312897,8549836.610501723,2770923.3414604957,2520206.0969271096,7233039.372984149,2342672.998180038,3964379.702131897,666921.8921371831,1212993.399234291
2026-02-11,9121605.41604139,8426538.361391341,2742952.1717763254,2494765.800069574,7203618.322999616,2337286.6330116773,3890253.4629030395,666767.7517198155,1216246.751056155
2026-02-12,8980082.66190914,8295799.652325071,2713049.37738966,2467568.654771173,7001016.052844741,2299412.235921084,3832473.4401703076,656466.9502724211,1191509.6537721423
2026-02-13,9063560.561082736,8372916.528974612,2732065.7419196186,2484864.3904967704,7092822.096392284,2317848.8435716936,3880331.483120343,656929.4306501154,1194048.769553918
2026-02-17,9137424.225782815,8441151.776578458,2748722.4805776835,2500014.0027912958,7071860.540208969,2313663.0116123403,3879287.1770206415,657989.3751311848,1192818.864536929
2026-02-18,9220368.309921172,8517775.514940696,2767498.9255726356,2517091.5272564627,7111080.059219149,2321540.1285255984,3899842.3884339468,661304.1331744825,1201725.8080956792
2026-02-19,9116731.612877943,8422035.942414695,2744117.2163336473,2495825.4296712386,7202285.724640444,2339861.1091466253,3906364.15541723,659559.9873471233,1197123.5320963906
2026-02-20,9090379.94412157,8397692.272903213,2738128.130081503,2490378.24480624,7137152.975392403,2326766.4654460275,3902474.000927288,664329.885325915,1207716.721685029
2026-02-23,9105299.639186384,8411475.086023241,2741531.040733078,2493473.255066205,6851246.628582094,2267535.3746931427,3828528.902233335,657546.1696963605,1193037.0461514804
2026-02-24,9093111.1269717,8400215.339404,2738540.1441046624,2490752.979190857,6925356.709379055,2283248.251584143,3873031.9092153204,662325.5277698121,1205852.0074532267
2026-02-25,9118821.797925923,8423966.85519659,2744902.4063947685,2496539.574573653,6931799.624819523,2284584.3739043633,3898784.168494242,667914.4334437995,1223328.6937957404
2026-02-26,8554725.984448055,7902855.187352224,2599833.5374853415,2364596.7516057836,6887760.794993504,2275445.4225016492,3890910.192542324,664204.539071669,1208569.712514394
2026-02-27,8756997.166456591,8089713.289282554,2652067.851544903,2412104.827629398,6783813.186689969,2253792.7169554797,3876668.5675372644,661015.0681570256,1204701.4081840354
2026-03-02,8662879.379898194,8002767.285509047,2630650.5567535385,2392625.401365504,6616768.016585385,2218803.0139868385,3874028.536837399,661390.9295429887,1206288.4917598073
2026-03-03,8473373.922021609,7827702.1585214455,2588002.120210462,2353835.858474859,6507155.818695747,2195687.745675202,3857006.739064059,655561.2053343108,1193374.3680039446
2026-03-04,8481888.997821407,7835568.384871357,2589906.7993064276,2355568.19938755,6573606.691487427,2209741.453781733,3918533.8902455643,660186.3638648033,1211565.1693090692
2026-03-05,8431831.901573822,7789325.643319706,2578712.274947108,2345386.5721586687,6463850.7340518795,2186580.6287862565,3890790.295659108,656505.5001581609,1207915.0465932619
2026-03-06,8284742.450450799,7653444.420013947,2545747.0792761045,2315404.1161760837,6365088.539073333,2165669.70896577,3839757.763610422,647900.5980553592,1189744.1019944563
2026-03-09,8381244.386700833,7742592.90108389,2567447.9320464768,2335141.4436734165,6474898.353659105,2188948.4692033436,3885980.768232088,653576.1818466695,1205633.8258386753
2026-03-10,8334859.585076139,7699742.625014216,2557107.371299354,2325736.512165348,6486432.293676604,2191374.0599154136,3857186.5720464075,652525.8157114434,1205653.6825449942
2026-03-11,8246605.084557017,7618213.124419729,2537470.153167164,2307876.09859023,6474361.136186885,2188838.7397401747,3845128.974952461,651706.8080162476,1205494.9499719213
2026-03-12,8051700.177855003,7438159.987034547,2493514.8339566696,2267897.9217099277,6235210.706043777,2138493.745496204,3778781.0548926853,641810.6621179377,1184804.6252201812
2026-03-13,8018199.097143868,7407211.69132511,2485869.603446786,2260944.4429705027,6257096.431650538,2143182.416453111,3761550.818773932,638177.9266428783,1177782.1315220748
2026-03-16,8097756.348093125,7480706.673455316,2504309.2829955323,2277715.673025405,6398828.921442892,2173177.5460313647,3809321.6371782254,644672.577254976,1190993.8637177642
2026-03-17,8029842.866686119,7410487.498033217,2488597.347525916,2261727.673520599,6440609.93379204,2180598.982042222,3830306.93569584,646368.4174739773,1196806.1880277228
2026-03-18,7951538.470650941,7410487.498033217,2470487.9120135875,2261727.673520599,6407315.595789343,2180598.982042222,3781335.8181145145,637349.222350656,1180123.0434730954
2026-03-19,7981136.417010399,7410487.498033217,2477419.241810791,2261727.673520599,6481635.99833624,2180598.982042222,3770608.960717409,635778.6101347175,1176393.6150094906
2026-03-20,7810396.175153671,7410487.498033217,2437414.5955714732,2261727.673520599,6285220.568762617,2180598.982042222,3657261.8130526305,626664.2228088795,1154651.8534426754
2026-03-23,7900068.466934173,7408264.351783808,2459345.537910027,2261049.155218543,6333428.677240547,2179944.8023476093,3718992.0230898885,633244.1916496926,1166435.2346356653
2026-03-24,7926136.8100468395,7415598.003807203,2465731.086636792,2263287.432219035,6310504.508581348,2177577.675873303,3673112.52048313,631118.5083795744,1158460.5876540777
2026-03-25,7964698.634994687,7426421.397307449,2475143.621714103,2266590.8003992536,6333999.763606077,2180009.941443887,3707047.5140759433,634635.5350718227,1166078.1771543599
2026-03-26,7885829.508802421,7404359.720154932,2455867.4639423387,2259857.4369392423,6255520.8887961,2171906.780708292,3642238.295121784,623301.7504131399,1138246.339544078
2026-03-27,7681717.581614813,7346864.761746911,2405924.3140174663,2242309.611839497,6044681.0164925475,2149945.801449798,3570888.867626213,612673.2749369573,1116008.7657066812
2026-03-30,7692412.79983555,7346260.030643987,2408533.0202941196,2242179.1005385513,5981912.053544263,2142588.9137132606,3571259.956060834,610624.8688150935,1107478.7363355553
2026-03-31,7955079.656927241,7546937.668086306,2472341.5649570394,2301580.480579215,6237946.865423191,2198220.733119267,3710699.5736366464,628374.4305466455,1144971.224802358
2026-04-01,8091572.312109501,7650529.496727782,2505240.4870286924,2332207.121309388,6385407.907657806,2229711.364598691,3762184.9913348965,633108.9122960536,1159115.2535752098
2026-04-02,8078744.602074467,7640826.682964219,2502239.143546693,2329413.0763151227,6550700.735068453,2264558.1533558434,3784747.5102987746,633679.0012505061,1160444.3210463151
2026-04-06,8050757.704773206,7619650.815454513,2495706.8695326126,2323331.9770941646,6717103.76949451,2299715.9966839394,3798397.1904464858,636674.3037222516,1167427.1013317842
2026-04-07,8120497.319129537,7672454.93937787,2512362.348417597,2338837.0859511783,6601472.098079161,2275852.6528709065,3807157.0190121876,636954.4407753729,1167605.6906111757
2026-04-08,8350287.6243052855,7846144.3766307905,2567219.995788508,2389905.7943323287,6945516.822074169,2346327.4478883673,3899663.7374627287,653177.4388567475,1202321.0249753324
2026-04-09,8374715.410926769,7864506.756396088,2573002.0854808306,2395288.523386208,7059387.002568644,2369087.0286209686,3880657.2204493275,656945.6310622208,1210454.2834525153
2026-04-10,8379774.479711525,7868307.442502926,2574068.5024694293,2396281.284483585,7017271.555349988,2361113.991835235,3847975.3414142793,656510.8805869988,1212199.9785238823
2026-04-13,8526276.220186116,7976781.681487809,2609996.407017841,2429727.700217074,7065690.867976255,2370326.5207280423,3920873.0953575666,662926.5985342765,1224737.188092121
2026-04-14,8540096.57815499,7989711.356228666,2613358.6317645134,2432857.700924883,7059939.5694417,2369234.2224102532,3999187.9772774098,671004.277736554,1246974.7619295178
2026-04-15,8625184.312247705,8069315.425004103,2634295.4195591747,2452348.4148283475,7092441.182816509,2375407.388521696,4059116.5511508468,676299.151843388,1264431.7126431903
2026-04-16,8735481.426529285,8172504.200267952,2661418.5486427,2477598.1883045128,7180381.530497918,2392083.837098401,4066835.2000737963,677961.0539727962,1270521.6676091792
2026-04-17,8826529.288596876,8257684.283521638,2683700.577883298,2498341.2297575036,7282616.62003677,2411389.676825888,4121021.5302351946,686154.6784602512,1287145.3631223277
2026-04-20,8687004.62924077,8127151.596317269,2649789.6978850174,2466772.5255826563,7194034.143741069,2394801.786871282,4119086.2279120297,684782.5508553995,1283058.8771774177
2026-04-21,8680319.799007118,8120897.584603995,2648139.2796416907,2465236.0993592436,7195056.265069131,2394945.3045444055,4081176.429446263,680299.3528703996,1278178.970522099
2026-04-22,8798108.833811868,8231095.447169858,2677194.5895119784,2492284.6006676774,7201338.40958323,2396166.890008195,4141243.8370641978,687188.5485554138,1299563.5535301312
2026-04-23,8749413.95311114,8185538.814669942,2665082.4589311867,2481009.0375666455,7303818.31059077,2416176.269072453,4080274.303121749,684521.7478707395,1292243.5724696757
2026-04-24,9198900.884198088,8606057.576362638,2777859.8207796915,2585997.028854268,7553738.106677018,2464682.400759417,4124279.233204168,689826.3185746002,1316960.9341248472
2026-04-27,9200453.114107683,8607509.76941721,2778049.1641380317,2586173.294538533,7574869.702978373,2468679.3343906943,4144062.358563188,691014.7429662717,1317655.1923811391
2026-04-28,9088268.433688791,8502555.076348461,2752511.250277119,2562399.247744149,7583245.405661467,2470237.5828037015,4119105.6654697154,687652.2705705323,1304403.86785029
2026-04-29,9270474.29731391,8673018.284165202,2794108.8797704102,2601123.7886559498,7645573.366622442,2481781.9617169667,4132577.0963008753,687546.0218823814,1312378.5148318775
2026-04-30,9572407.694010809,8955492.922049807,2862462.714699547,2664756.5222860896,7903357.378638378,2532238.5367735154,4168724.7254467346,694386.8528334461,1324618.1159602893
2026-05-01,9917859.733738475,9278681.548734024,2939073.600934028,2736076.0045357933,8048074.561312093,2560204.8312845486,4216613.860582614,696309.6761986974,1337333.9148079192
2026-05-04,9906746.157741884,9268284.211474935,2936630.209716337,2733801.3748435336,8092527.869600075,2568679.5498964307,4228170.622584354,693758.8207992006,1334814.5346549847
2026-05-05,10254444.291638635,9593574.177871844,3009029.326346077,2801199.9883717108,8181206.58365679,2585400.634031879,4252757.652487579,699324.3127389043,1352132.4884244255
2026-05-06,10400321.913325515,9730050.396840211,3039969.0914111156,2830002.788258561,8155978.788843611,2580233.3350966917,4286865.23073047,709044.5008765368,1380222.2210618963
2026-05-07,10162377.618863827,9507440.94339758,2990945.0832833424,2784364.798028598,8091341.484407383,2566403.462921129,4253162.929084299,706870.5119980606,1378575.6884446456
2026-05-08,10552589.617273327,9872504.875227567,3071538.609349097,2859391.844891039,8047673.351698924,2557005.5428885557,4276315.165273968,712706.5035194508,1410890.661816303
2026-05-11,10655505.625414258,9968788.235896418,3092235.5259020366,2878659.2551152613,8240846.071216915,2598956.089228368,4294953.4488796955,714329.7375119359,1414977.1477612131
2026-05-12,10506695.200331677,9829568.224468352,3063070.28076696,2851508.411613034,8345906.528399007,2621571.471936144,4292318.83184155,713247.5618084152,1402975.5849536716
2026-05-13,10563231.805066667,9882461.203928234,3074262.6436711843,2861927.734071163,8529713.9205525,2661486.9446391133,4326645.5549856005,717238.0662384002,1417794.1363539742
2026-05-14,10519317.463634415,9841377.018376976,3065624.403604472,2853886.1248510196,8399488.25232024,2633374.8959809393,4316180.957497098,722900.1693948199,1427871.4148107572
2026-05-15,10271036.000960086,9609096.598159678,3016698.8633477134,2808339.8014575103,8285620.43853943,2608875.379310304,4258927.065122906,714204.1547553234,1406328.0992296522
2026-05-18,10276746.07228948,9614438.671440447,3017809.050357747,2809373.309443746,8071377.169967021,2562982.8860125444,4243264.282921435,713701.7054776903,1400277.7365988232
2026-05-19,10288510.22933655,9625444.661629815,3020116.5482770624,2811521.4317927575,8063484.820507392,2561257.355482455,4209771.520292191,708947.8896598208,1391648.544773581
2026-05-20,10536114.349565996,9857091.392219085,3068715.03272995,2856763.288657483,8155451.759100349,2580654.276635708,4261288.976854506,716213.8927402642,1414699.5171051829
2026-05-21,10698144.607761275,10008679.255670995,3100247.3842914915,2886117.7459418136,8260102.958301191,2603740.9728648127,4277046.539523196,717634.2077022907,1417397.3654600312
2026-05-22,10814103.788129108,10117165.192775467,3122468.811403953,2906804.3709687013,8256926.86244506,2603038.809719802,4304952.132338681,720455.6218090656,1423408.0146782226
2026-05-26,10851286.457417112,10151951.54353234,3129308.2121408726,2913171.384110442,8307107.3082821295,2614035.1137658674,4319515.513936483,725238.4682924233,1448680.8798004098
2026-05-27,10908465.935570495,10205445.965025641,3141396.3824965674,2924424.641884744,8444484.136829097,2644138.221274319,4362527.30416689,725112.8264102192,1447034.3471831589
2026-05-28,11204126.08190535,10482051.64590263,3204650.020727582,2983309.442084531,8427975.167909868,2640472.270072218,4490526.961656583,729112.968311639,1459234.2348989332
2026-05-29,11288449.049692657,10560940.235411614,3222671.9295858373,3000086.6035572253,8173637.137734722,2583458.1558087175,4521084.003448723,730929.4838631478,1464610.195979789
2026-06-01,11446420.833830794,10708731.18205274,3256570.671711421,3031644.008204826,8061613.264972268,2557796.7149467818,4528564.681944874,732919.887779627,1473398.1203781038
2026-06-02,11166927.353036378,10447250.270559646,3196782.4980684337,2975985.317926498,8016244.287332031,2547698.2822877974,4481542.581089145,733915.1488634582,1480182.4546778623
2026-06-03,11109165.627868395,10393211.126235392,3184308.7103961054,2964373.076870308,7944055.107053929,2531549.9812639635,4403896.568265154,728765.1324561065,1476314.2714249813
2026-06-04,11160690.134623852,10441415.023343671,3195301.8198485235,2974606.9080266412,8047318.483649595,2554863.1768503035,4439512.926742645,731518.9068860619,1469172.7585664396
2026-06-05,10730213.960429683,10038681.828693071,3103682.552453761,2889315.6519681695,7722833.817343266,2481838.933539667,4269397.535760496,712638.8638426312,1398651.0606878912
2026-06-08,10908548.993454719,10205523.670062667,3142044.6646955158,2925028.1481624185,7831511.315645019,2506456.658190405,4267005.871036552,714252.4012380898,1420491.9847088226
2026-06-09,10825629.875532733,10127948.456240801,3125001.864021764,2909162.4692768273,7661415.200457817,2469694.027236382,4231575.008440979,712155.7486334597,1404146.040929182
2026-06-10,10849750.506553357,10150514.580384858,3130046.452260543,2913858.6350443335,7579866.74541693,2451249.7981437105,4151001.2519110814,700928.2126629278,1376096.0217043487
2026-06-11,11282119.29973198,10555018.4200457,3220309.3841275843,2997887.235723804,7808636.649916585,2502210.0801988165,4239419.202152982,712841.7828730898,1422574.8805551766
2026-06-12,11239738.043398917,10515368.516567832,3211489.445624448,2989676.4777175253,7902858.830974286,2523076.46484435,4235759.332507741,716697.0079494357,1430946.2984307073
2026-06-15,11492257.53428966,10751613.835994272,3262320.8975859517,3036997.074229088,8110713.8467508955,2568185.865068041,4338299.006493784,729335.2214105591,1475897.6438247194
2026-06-16,11168574.113536542,10448790.901973912,3197297.9535356024,2976465.171624167,8011917.0489508305,2546900.2444319758,4309657.838567588,724987.2436536067,1447847.6245998861
2026-06-17,11141881.1763807,10423818.249595406,3191904.739161522,2971444.4588282886,7867613.294431751,2516013.5255175573,4264076.694288845,715933.6965615511,1433267.2325979315
2026-06-18,11436566.360857338,10699511.802165745,3250569.4342866284,3026057.2676379085,8069317.458773979,2560363.2594133336,4311549.555905804,723377.2537936457,1469192.6152727585
2026-06-22,11510117.914970914,10768323.165338464,3265058.6882541412,3039545.769624227,7975378.286780878,2540082.856530787,4294965.691616344,721100.8002648825,1463896.081017178
2026-06-23,11467905.717125012,10728831.425003411,3256831.5413510026,3031886.859952719,7935093.695446135,2531436.8867823165,4272393.332271378,710629.0076065073,1415691.3838013015
2026-06-24,11525401.355978722,10782621.631528493,3268041.4476608066,3042322.514118576,7925559.57058612,2529394.25370752,4290637.31775793,710299.6189355619,1409680.6135056326
2026-06-25,11678435.526089868,10925793.179489164,3297917.4490070883,3070135.02292035,7985663.095751271,2542224.462609192,4252798.309927878,711326.4530853211,1421106.9372173173
2026-06-26,12018265.673738053,11243722.229237704,3365984.049844361,3133500.3613052047,8044339.32561885,2555222.111699496,4299443.504307707,706182.5857394985,1401547.3550284498
2026-06-29,12441039.844983745,11639249.79338284,3449936.4754801886,3211654.3133640327,8295989.533506794,2611140.899545251,4355661.810414552,717816.8466548218,1436381.7085530416
2026-06-30,12568520.316907048,11758514.507183425,3475129.1570866676,3235106.97260043,8422829.347243443,2640209.1435461473,4365345.563354213,723406.3435847254,1460821.3184747053
2026-07-01,12564473.04108461,11754728.066912593,3474339.9773447164,3234372.3003708767,8413663.547891244,2638118.0190188903,4412054.708514748,722427.9332945074,1438543.9101471931
2026-07-02,12497101.81641958,11691698.728325708,3461251.5876231496,3222187.906947108,8324029.456793937,2617622.9961202983,4451493.538490929,721478.6127953692,1413608.3668774702
2026-07-06,12663627.770202916,11847492.552420491,3493685.849300164,3252381.980709368,8300395.048759793,2612129.664476405,4485121.13798009,727775.2518011132,1433882.185106426
2026-07-07,12320083.98479248,11526089.198426042,3427273.4526084983,3190556.592963368,8188388.116269168,2585813.177114214,4442478.264410727,724316.936821349,1407319.9659257708
2026-07-08,12090328.469877843,11311140.780703789,3381950.3168151015,3148363.861125955,8183326.486720893,2584530.3686620523,4403049.378869671,722079.2105551005,1411307.2894165646
2026-07-09,12407276.654471368,11607662.54560519,3442854.723236475,3205061.6875863257,8254342.188291334,2602393.2545736753,4438294.6916397605,728191.7915941145,1434794.7460547471
2026-07-10,12097905.412175486,11318229.41036587,3384700.973877529,3150924.5342519437,8247741.876420718,2600730.6906687156,4405077.527451442,731330.41449996,1439218.432774644
2026-07-13,12146558.659241892,11363747.092402184,3393808.590524023,3159403.1008850015,8118894.451802792,2568314.7541030175,4362149.7898490755,725731.2209730297,1411902.3852187404
2026-07-14,12373357.694811126,11575929.567563454,3435496.458402284,3198211.647546004,8345382.807447914,2625456.2290745894,4393742.412206891,728308.0325072502,1427673.0899025244
2026-07-15,12431324.039299244,11630160.144067759,3446081.6170222545,3208065.704448527,8228104.606228753,2596302.9486488053,4411165.4350124,731194.7803927712,1423804.7855721656
2026-07-16,12429613.598986376,11628559.936825743,3445769.467838803,3207775.11496128,8121605.601846136,2570244.3027367597,4381016.351872934,727232.7153723581,1400396.7557592583
2026-07-17,12425924.519724535,11625108.608353913,3445074.7600627146,3207128.3896544636,8077777.659603792,2559535.542237039,4329732.858537795,720035.1797270171,1379349.3735262128
2026-07-20,12243246.047132315,11454203.249889703,3411478.4765348895,3175852.553223266,8032704.463113576,2548515.1496765423,4307781.834702605,718872.7705956607,1380797.4601577534
2026-07-21,12180259.574603396,11395276.078487407,3399815.563227406,3164995.1806030474,8167319.273757264,2581402.566270637,4330626.391811529,724869.110721539,1406407.4049774497
2026-07-22,12094248.85312366,11314808.506267922,3384023.558641138,3150293.9071139204,8126355.53979327,2571445.150076357,4290705.485124361,724026.2754129183,1399226.299783748
2026-07-23,12126092.994643431,11344600.382366918,3389776.1475051744,3155649.1729193926,8176642.22857464,2583585.4154133676,4214859.768373179,715085.0669449511,1372664.2016805706
2026-07-24,12165499.858464966,11381467.584570888,3397378.6493068663,3162726.5808303203,8004772.941894807,2540531.1050261394,4178986.492760884,715811.6022148445,1357329.8602258896
2026-07-27,12096777.743970314,11317174.417207133,3384109.0841669897,3150373.525514419,7886989.226540227,2510883.8044622433,4216503.958080567,715966.6295160865,1353144.2118268632
2026-07-28,12102429.261449842,11322461.710269088,3385201.468164211,3151390.4601163925,7866423.123164325,2505768.8738126215,4208592.021974039,717681.212547633,1339992.0497501302
2026-07-29,12203696.541285966,11417202.598538512,3404919.6737273126,3169746.7575145117,7706757.850094107,2466294.1159825926,4175751.7931307163,706637.911920606,1312695.8589005454
2026-07-30,12663607.664201222,11847473.742194097,3496278.3680902724,3254795.4379465957,7992947.995557181,2539897.832528318,4250234.92007503,718485.2614681475,1355980.9360484655
2026-07-31,12479734.198367035,11675450.40444375,3458986.190381995,3220078.977442825,7983102.6076024305,2537298.5835410613,4254863.332655419,723658.2186050498,1364788.7171530991
2026-08-03,12598241.003775766,11786319.779315514,3482286.452266186,3241769.9236717573,7981261.392581451,2536842.2463029097,4335290.246575747,733965.2873651566,1388752.2504330222
2026-08-04,12974017.416730784,12137878.45860134,3557407.592162197,3311702.5542249805,8241131.7823848855,2600432.9865201493,4429311.568008149,747197.9495244824,1435925.3675401423
2026-08-05,12914651.584878253,12082338.587759905,3545605.230002652,3300715.364284821,8298293.1037121145,2614262.704943158,4398877.163001385,745706.0925965889,1422931.938036482
2026-08-06,12751050.023303542,11929280.687015109,3512930.2343541314,3270297.1837010416,8210506.050556111,2593602.176529296,4448772.668594968,744514.5936741529,1417675.1171935392
2026-08-07,13340108.61444985,12480376.1075522,3634561.0585982995,3383527.1414403166,8220308.735648015,2595889.199553737,4557069.34142566,749067.5598572707,1434298.8127066877
2026-08-10,13457965.495820884,12590637.444163838,3658364.435184206,3405686.452960426,8341984.022555644,2624961.8100525816,4570325.6127742715,748844.7746280261,1430013.8807760673
2026-08-11,13416841.5252877,12552163.797949739,3650383.9973211223,3398257.2124895738,8271988.588066248,2608191.348057346,4568478.768735136,746452.0210605357,1425213.2798685462
2026-08-12,13469631.792136546,12601551.880470894,3660628.6319291242,3407794.264885024,8307656.150843272,2616807.4690772686,4562367.544653867,748321.631393324,1435627.880177793
