Date,V7.3 alone (no overlay),V7.3 + V2 (original params),V7.3 + V2 (tuned params),"V7.3 + min(V2, SPY-vol 12%)","V7.3 + min(V2, SPY-vol 15%)",CONTROL universe equal weight,CONTROL SPY buy&hold,CONTROL QQQ buy&hold
2020-01-02,100000.0,100000.0,100000.0,100000.0,100000.0,100000.0,100000.0,100000.0
2020-01-03,100000.0,100000.0,100000.0,100000.0,100000.0,100000.0,99242.7731504922,99084.00677609946
2020-01-06,100000.0,100000.0,100000.0,100000.0,100000.0,101459.74673211828,99621.3814224306,99722.42501232859
2020-01-07,100000.0,100000.0,100000.0,100000.0,100000.0,101619.76833494255,99341.28467728896,99708.54696884754
2020-01-08,100000.0,100000.0,100000.0,100000.0,100000.0,102652.173510045,99870.72616464709,100457.98955292514
2020-01-09,100000.0,100000.0,100000.0,100000.0,100000.0,103092.9999364743,100547.92978938486,101309.21622090573
2020-01-10,100000.0,100000.0,100000.0,100000.0,100000.0,102913.56947909688,100258.57858759884,101050.14293820065
2020-01-13,100000.0,100000.0,100000.0,100000.0,100000.0,103857.038981722,100948.08713575907,102215.94800378535
2020-01-14,100000.0,100000.0,100000.0,100000.0,100000.0,104175.71575492174,100794.16223103717,101813.47062478444
2020-01-15,100000.0,100000.0,100000.0,100000.0,100000.0,104928.62722946003,101021.95789881787,101855.10475522761
2020-01-16,100000.0,100000.0,100000.0,100000.0,100000.0,105451.22529684757,101862.28935676682,102831.23381453769
2020-01-17,100000.0,100000.0,100000.0,100000.0,100000.0,105275.48427734661,102179.34209469988,103340.11893892688
2020-01-21,100000.0,100000.0,100000.0,100000.0,100000.0,105734.88784799799,101979.25826869727,103293.85408797326
2020-01-22,100000.0,100000.0,100000.0,100000.0,100000.0,106053.00320544968,101991.56319211973,103566.7983551342
2020-01-23,100000.0,100000.0,100000.0,100000.0,100000.0,105654.90372038174,102108.56302094321,103899.88551672985
2020-01-24,100000.0,100000.0,100000.0,100000.0,100000.0,104383.06084097459,101200.51326164667,103025.5334822976
2020-01-27,100000.0,100000.0,100000.0,100000.0,100000.0,102505.84282952014,99578.30388482097,100897.48445990904
2020-01-28,100000.0,100000.0,100000.0,100000.0,100000.0,104271.2823423141,100621.79024681266,102447.25814050314
2020-01-29,100000.0,100000.0,100000.0,100000.0,100000.0,104420.89151767718,100538.6959440025,102613.80172130093
2020-01-30,100000.0,100000.0,100000.0,100000.0,100000.0,104497.01428897094,100864.95161042489,102979.27569036913
2020-01-31,100000.0,100000.0,100000.0,100000.0,100000.0,102830.2129880508,99033.46578473822,101346.22668986357
2020-02-03,101773.36285902634,101773.36285902634,101773.36285902634,101773.36285902634,101773.36285902634,105383.12441422412,99769.14355981023,102877.49866549131
2020-02-04,105128.31259081347,105128.31259081345,105128.31259081345,105128.31259081345,105128.31259081345,108791.14456458442,101289.73941490604,105232.23416311234
2020-02-05,105490.61794457871,105490.6179445787,105490.6179445787,105490.6179445787,105490.6179445787,108282.09255508773,102459.45945110354,105579.19936818903
2020-02-06,107201.00800914053,107201.00800914053,107201.00800914053,107201.00800914053,107201.00800914053,108970.84279295501,102804.21372518365,106490.56187157912
2020-02-07,106426.92632776567,106426.92632776567,106426.92632776567,106426.92632776567,106426.92632776567,108355.14173520567,102256.31485269182,106032.56525962884
2020-02-10,107514.83065861205,107514.83065861205,107514.83065861205,107514.83065861205,107514.83065861205,109968.01734724827,103019.68385827982,107314.02539357243
2020-02-11,106884.82375008095,106884.82375008095,106884.82375008095,106884.82375008095,106884.82375008095,109953.49625672704,103198.21860984663,107332.5270985388
2020-02-12,107736.02223178379,107736.02223178378,107736.02223178378,107736.02223178378,107736.02223178378,111405.40498793022,103863.09669989989,108378.05343427927
2020-02-13,107111.09004029189,107111.09004029189,107111.09004029189,107111.09004029189,107111.09004029189,110991.61124715497,103752.30086094272,108239.26594044358
2020-02-14,107476.94795395443,107476.94795395441,107476.94795395441,107476.94795395441,107476.94795395441,111078.98480865307,103918.48946656301,108549.2206765624
2020-02-18,107702.28369586225,107702.28369586224,107702.28369586224,107702.28369586224,107702.28369586224,112054.80316706903,103650.69764484384,108590.85480700554
2020-02-19,108281.37595229284,108281.37595229283,108281.37595229283,108281.37595229283,108281.37595229283,114887.2022259199,104146.27482871269,109631.7504222356
2020-02-20,107225.86226296375,107225.86226296375,107225.86226296375,107225.86226296375,107225.86226296375,113416.45096969417,103718.42625182243,108613.98723248237
2020-02-21,105136.65210496861,105136.65210496861,105136.65210496861,105136.65210496861,105136.65210496861,111649.85455828461,102650.28882046179,106527.57234053696
2020-02-24,100617.28483988837,100617.28483988837,100617.28483988837,100617.28483988837,100617.28483988837,106821.54504885158,99245.86483979433,102419.50205354103
2020-02-25,98554.69512540565,98554.69512540565,98554.69512540565,98554.69512540565,98554.69512540565,103382.12841897474,96238.51682182997,99634.52603093181
2020-02-26,99398.64097604844,99398.64097604844,99398.64097604844,99278.35128733442,99398.64097604844,103030.83009757038,95884.49778547448,100148.03481680629
2020-02-27,94170.39086723168,94170.39086723168,94170.39086723168,94722.89313244337,94170.39086723168,97809.55050814338,91578.17650722172,95133.23274693072
2020-02-28,94442.41419079188,94442.4141907919,94442.4141907919,94907.79688688875,94442.4141907919,98044.7448351015,91193.40546794109,95207.25368484645
2020-03-02,99801.4869848064,99801.48698480643,99801.48698480643,98819.42349585996,99801.48698480643,102477.52647843756,95142.67785432228,100120.2787298442
2020-03-03,97207.90219044969,97207.90219044972,97207.90219044972,96954.16649462431,97703.151391333,99850.66941010799,92418.50796517068,96909.69290275726
2020-03-04,101213.98659538753,101213.98659538754,101213.98659538754,99392.44281903803,100930.01007974237,104040.59590427083,96303.1228226134,100952.99663383327
2020-03-05,97967.81736585412,97967.81736585413,97967.81736585413,97438.39666955362,98653.30614370469,100918.47042960642,93101.88466288168,97885.82196206738
2020-03-06,96508.55865200091,96508.55865200092,96508.55865200092,96548.7248834554,97624.43120783067,98870.69454143995,91562.76958886613,96234.27125659541
2020-03-09,90523.82845130409,90523.82845130411,90523.82845130411,92878.6399428749,93385.66616364114,91224.69202914086,84412.23327867572,89549.4097172564
2020-03-10,95440.68268389504,90433.30462285281,90433.30462285281,92821.70660144699,93320.28053528366,96029.76168791538,88780.10493811827,94425.42429329631
2020-03-11,91253.74563823639,90433.30462285281,90433.30462285281,92821.70660144699,93320.28053528366,91275.32087090076,84452.23973824522,90312.73034481503
2020-03-12,83341.40201236261,88053.81295120355,88053.81295120355,90379.37101802965,90864.82641629789,82765.57255777679,76372.09944150694,82031.83027392831
2020-03-13,91398.5216038751,94819.94363081011,94819.94363081011,93239.20446823683,94452.00467334324,89010.7956035564,82900.83519925372,88980.38169843254
2020-03-16,81915.80212578265,86949.78634072642,86949.78634072642,90070.19729550136,90439.2200030408,78540.32063539713,73829.54053477774,78321.61370444794
2020-03-17,86493.71187109641,90837.17572262813,90837.17572262813,91719.16284533245,92508.87182207343,83230.64323871158,77815.75345550383,84261.65632119469
2020-03-18,84408.60181958046,89085.32112831637,89085.32112831637,90994.83453615302,91595.66578322233,78544.41812522795,73875.70976168949,81698.74311233268
2020-03-19,85110.73188575362,89678.14679840697,89678.14679840697,91242.79276989607,91820.26989760406,80902.25258035753,74032.69028600494,82189.11947273037
2020-03-20,81738.6500600298,86835.71278536691,86835.71278536691,90058.54308018551,90703.07230291981,79020.40106280606,70842.30910853921,78969.27926364768
2020-03-23,81868.31935547963,86945.91696112457,86945.91696112457,90105.34520145615,90747.26081066474,77894.87024509838,69031.00686117995,78858.25491579925
2020-03-24,86468.80118919248,90854.56552891406,90854.56552891406,91764.04934823535,92313.28554622218,85011.02201208104,75285.43763841107,84964.84111334379
2020-03-25,85917.98086004105,90391.55883978416,90391.55883978416,91623.14606572285,92132.69609493254,85940.84541988814,76412.4717509772,84335.67725911042
2020-03-26,90615.58447334812,94345.31761453874,94345.31761453874,92749.9359373504,93679.67265587959,90572.81684179783,80874.20194481684,88776.82764867686
2020-03-27,87780.96485095308,91984.28366969962,91984.28366969962,92097.33012079893,92779.72985890122,87475.80240562044,78465.29161380309,85723.53807941715
2020-03-30,91746.0606395799,95308.25256357419,95308.25256357419,93033.04988433808,94066.74626961055,90506.25396779225,81013.50315913967,88841.59420459683
2020-03-31,91509.96245669713,95112.04049659606,95112.04049659606,92979.19961172935,93992.40688037631,89831.67917802426,79805.97691559265,88082.8972385235
2020-04-01,88506.97248913159,92615.08391842134,92615.08391842134,92292.8952859569,93045.17583723132,85895.523540169,76214.30992515742,84340.3009205957
2020-04-02,89367.77797995343,93335.69220974838,93335.69220974838,92494.79757480485,93323.0825593569,88100.57073032936,77972.98646777899,86051.99452050233
2020-04-03,88646.50062753733,92733.0506538348,92733.0506538348,92326.88467143114,93091.77594111138,87041.54900897206,76845.95235521285,84830.6772809934
2020-04-06,93977.16411994344,97194.17373628423,97194.17373628423,93575.68579843697,94810.90560690801,93014.626862139,82007.40397754073,90895.62934809478
2020-04-07,93035.67020043642,96415.1953583674,96415.1953583674,93364.82122024591,94519.20916846683,92839.19396861445,82091.00840908573,90858.61887913695
2020-04-08,94712.77800035103,97805.61841496445,97805.61841496445,93743.3859830919,95042.45914213502,95158.35215613278,84846.68261222598,92787.75163130544
2020-04-09,94978.98659575121,98025.53971259885,98025.53971259885,93802.65115708987,95124.4959609859,96558.25794974041,86137.823592949,92921.9084046307
2020-04-13,96333.00651948186,99143.50096750443,99143.50096750443,94103.43746664596,95540.95044213571,97263.12891249685,85351.3596682741,93925.79355090286
2020-04-14,100453.92183099403,102536.41466082954,102536.41466082954,95008.89792944264,96796.07197310445,100646.68252257387,87868.6337093274,98010.73141242203
2020-04-15,100196.43829393073,102326.15755394164,102326.15755394164,94954.12168172373,96719.8784682895,99501.99415335071,86001.58830385082,96886.56047728047
2020-04-16,102459.63615128807,104175.20005062861,104175.20005062861,95436.54633031513,97390.78748587951,101816.87605949286,86416.47239693417,98653.77331013644
2020-04-17,102784.2632076359,104439.25008872908,104439.25008872908,95504.55934850415,97485.54800461655,103391.8406180805,88751.0327530473,99597.51556197395
2020-04-20,102181.58575732644,103949.34489124914,103949.34489124914,95378.60074148505,97310.00796170328,102288.47616407943,87187.43149975888,98417.83951193339
2020-04-21,99316.67424569103,101617.76490960224,101617.76490960224,94777.10168583541,96472.14357738495,98786.87719323486,84540.13646510466,94786.26754185403
2020-04-22,101754.9801729912,103613.60458409741,103613.60458409741,95300.47898133416,97199.49719350362,101510.53709932434,86416.47239693417,97598.99965142534
2020-04-23,101801.1444244461,103651.21056260019,103651.21056260019,95310.20400431214,97213.0394735312,101629.76612069795,86410.27355988338,97390.82194018435
2020-04-24,103163.99425134152,104761.30444353944,104761.30444353944,95597.20286386511,97612.70575768825,103146.0780521479,87614.72357257477,98926.71757729742
2020-04-27,102815.15476866285,104477.9119323283,104477.9119323283,95524.49387600196,97511.34228427139,104906.44467570262,88877.98782142361,99722.42501232859
2020-04-28,100577.02063358059,102658.44800925977,102658.44800925977,95056.77041845628,96859.47113594493,103712.66380078258,88469.2871069445,97844.1878316242
2020-04-29,103909.45133006106,105379.56391620587,105379.56391620587,95765.19046721482,97845.02893913427,105465.88783596268,90785.32309132243,101313.83988239101
2020-04-30,105706.62953258713,106837.64768308355,106837.64768308355,96137.74443786038,98364.7286850735,104183.7539688116,89940.00370796604,101272.20575194783
2020-05-01,102652.21543130855,104367.97160639022,104367.97160639022,95512.90987028113,97491.87241385833,100996.96331628306,87559.01133135046,98417.83951193339
2020-05-04,103851.71975835305,105343.61413311577,105343.61413311577,95763.94875532898,97841.72053938362,102086.47897361139,87800.49287710853,99565.13581352655
2020-05-05,104626.02598608124,105971.95782671633,105971.95782671633,95924.54912252682,98065.74775867988,103613.1562619635,88611.71092746248,100693.93041015336
2020-05-06,104924.85424932258,106214.09579046814,106214.09579046814,95986.17415147099,98151.76330117545,103609.66083964688,88011.06783547637,101313.83988239101
2020-05-07,105917.75939271125,107018.17999160614,107018.17999160614,96190.48126888713,98436.99982793597,105330.43343766725,89073.06311075678,102618.43244181141
2020-05-08,106996.42236113777,107890.0756840167,107890.0756840167,96410.8218602154,98744.85964045709,106650.52256526492,90546.89201234243,104024.7949670845
2020-05-11,108474.15755606207,109082.13768760928,109082.13768760928,96710.3230654233,99163.67201478001,107819.45290873434,90565.4524537862,104954.65917544093
2020-05-12,106359.34534093847,107380.80537081798,107380.80537081798,96286.22744545073,98569.96008965762,106132.04777962597,88760.3284322157,102757.21287662195
2020-05-13,105685.65302268368,106836.67548002604,106836.67548002604,96149.04594784298,98378.22210061323,104602.99304441863,87190.56441158503,101471.12908119308
2020-05-14,106541.18380155956,107528.55417176346,107528.55417176346,96324.11525430989,98622.78817948634,105632.50945336715,88233.98893979067,102623.05610329671
2020-05-15,107053.66234817753,107942.33652480744,107942.33652480744,96428.33226912392,98768.4725949065,107017.97106215944,88639.59796496766,103289.23042648795
2020-05-18,108046.40901858354,108743.12665439556,108743.12665439556,96629.46696554923,99049.74873595551,109850.92102304414,91339.52900999057,105213.72539912083
2020-05-19,108035.597834696,108734.42193612167,108734.42193612167,96627.29217253393,99046.7050913326,109450.19036605835,90401.34558562933,104950.03551395565
2020-05-20,109792.05878642033,110148.67997748572,110148.67997748572,96980.65174263512,99541.23128534066,111269.20549841544,91937.09071830555,107045.70478789679
2020-05-21,108821.55846839503,109369.75785776362,109369.75785776362,96787.83032109133,99271.01880172954,110645.13585575197,91302.38751584104,105879.89972231208
2020-05-22,109008.06573209955,109519.71530779223,109519.71530779223,96825.14218910108,99323.26815699445,111072.03497494571,91475.7797575353,106245.37369138026
2020-05-26,108134.91296692843,108817.91445208844,108817.91445208844,96650.69451940761,99078.94746539046,111210.37426538252,92602.77264757741,105958.54432171311
2020-05-27,107973.11162056348,108687.65579956716,108687.65579956716,96618.16582713534,99033.41981600899,111864.6164727278,93980.63551322506,106536.81966350757
2020-05-28,108532.0289573814,109137.74871038707,109137.74871038707,96730.66159417556,99190.85122694292,111799.66158438247,93807.24327153081,106398.03922869706
2020-05-29,109606.5215219437,110002.14017623483,110196.4104929547,96946.06624673364,99492.42582480996,112711.58304972661,94225.21905391628,107957.06729128689
2020-06-01,109801.86173078678,110176.18502668159,110392.80199904901,96984.92875906243,99546.87896380798,114020.17798643927,94606.07395341422,108280.90007088672
2020-06-02,109999.88476798647,110374.88314019401,110591.89077215592,97024.27069196502,99602.01192378084,114285.9954549908,95389.42557752499,109007.21728851268
2020-06-03,110320.90289769814,110696.9956462893,110914.63658240685,97087.95950362708,99691.2773100628,114522.29438423864,96658.86289934706,109497.59364891036
2020-06-04,108971.77918303307,109343.27266137977,109558.25204795881,96820.90200854366,99316.88339913246,114125.42816422347,96404.96306822544,108729.64230084127
2020-06-05,110539.90875018187,110916.748107175,111134.8210977582,97134.2900750436,99755.78648288785,115545.54345467784,98875.81024159181,110885.45446921709
2020-06-08,111015.95693167794,111394.41917485438,111613.43131268109,97228.38144848519,99887.71769525154,117305.88429200504,100070.97488074581,111745.92846016826
2020-06-09,111825.78454192444,112207.00755195308,112427.61731665336,97387.91265791073,100111.48514407293,116918.93608550473,99324.73383389157,112555.51393868052
2020-06-10,114117.71284874566,114506.74922499817,114731.88050293039,97836.87463418543,100741.60131676268,118111.96975379108,98770.5279152234,113906.36429002938
2020-06-11,108779.65813919304,109150.49666159271,109365.0970320222,96807.48933612244,99294.44161976848,111409.20350832788,93076.51219934224,108262.39836592038
2020-06-12,109706.59295591255,110080.59147296262,110297.02049921284,96993.03717108864,99554.2804730506,112291.862583574,94191.17955469986,109122.87235687158
2020-06-15,110641.34103395065,111018.52618168155,111236.79927774442,97178.92366691303,99814.77550107327,114172.39186131173,95070.49721474861,110450.59028274362
2020-06-16,112238.69132818263,112621.32197034695,112842.74631702699,97494.49696481068,100257.31823753295,116603.83337528487,96900.36505636717,112347.33622743953
2020-06-17,113256.53323744521,113642.63378378212,113866.06612767876,97693.36421385343,100536.5285571044,116564.51050780552,96497.87863738535,112703.54875548682
2020-06-18,113189.1618076972,113575.03267946179,113798.332113088,97680.29278707795,100518.16258023132,116828.00316041562,96535.0510484279,113008.87983012034
2020-06-19,113475.58559717488,113862.4329104607,114086.29740057241,97754.73717836825,100616.52873928093,116743.39962894231,95983.34939809446,112990.378125154
2020-06-22,115079.03190916231,115471.34549869182,115698.37326563676,98239.56892470374,101240.31036801508,118063.61995122887,96599.11085076797,114146.92880874294
2020-06-23,116023.58670446875,116419.12035655965,116648.01153999653,98522.58991872244,101604.89275560014,119674.66437295212,97043.82974561684,115118.42714754255
2020-06-24,113588.24222171328,113975.47359040887,114199.56032936538,97796.73273260253,100669.18550292288,118060.39681390012,94568.35534392828,112745.18994495514
2020-06-25,115108.5007490832,115500.91480023615,115728.00070327078,98256.1524829119,101260.32759396362,119578.75697292085,95582.16148861955,113818.4653086326
2020-06-26,112002.26079694545,112384.0854285895,112605.04334541997,97325.49772009005,100061.44075865051,115910.70169069462,93311.97525659218,111130.64264941592
2020-06-29,112499.77415533786,112883.29484966362,113105.2342602111,97477.23973161167,100256.45034827695,117986.82064091571,94683.42801975342,112342.7055069291
2020-06-30,114596.36002275652,114987.0281453649,115213.10369782973,98114.86493132565,101076.20631582315,119824.13525026925,95896.27712171558,114544.78252625851
2020-07-01,116574.41768788108,116971.82916668587,117201.8070287822,98709.29967022555,101841.67656786388,121454.8407514381,96568.00845638858,115881.75483412635
2020-07-02,117422.16765395453,117822.46917994424,118054.11948208921,98961.25517038973,102244.03469080782,122319.52439596367,97099.7996276163,116668.20788716179
2020-07-06,120177.4555239568,120587.15004584278,120824.23597637322,99776.30343740578,103587.41923103301,126591.63096888823,98598.76396322827,119536.45922968248
2020-07-07,118973.20769206077,119378.79683713068,119613.5070290788,99306.843142663,103006.1927913775,126069.9089391456,97581.83521234186,118712.98158963883
2020-07-08,121534.71150480316,121949.033020477,122188.7965438703,100287.77359788805,104248.001357664,127741.9200882813,98328.18962113718,120276.64037273913
2020-07-09,122554.16043266407,122971.95733096491,123213.73202189905,100673.71941236482,104737.64301206186,127732.3198896211,97768.38774483216,121289.77990100707
2020-07-10,122988.0050220049,123407.28093108052,123649.91151006555,100837.22607222087,104945.25594464832,128958.97263270887,98766.69422048877,122117.87414351084
2020-07-13,120472.29398534568,120882.99363503991,121120.66122250984,99890.91898064893,103743.25090267796,126175.80304610275,97911.44020884155,119605.84944708775
2020-07-14,121115.02989196664,121527.92067958116,121766.85625562549,100135.42220879477,104053.17169638084,128023.3537795283,99180.32102658926,120452.4383355327
2020-07-15,120979.91731313246,121392.34749119967,121631.01651732132,100084.17164088204,103988.17391311046,129299.14515704884,100091.51400334293,120697.62651573155
2020-07-16,119804.20310620428,120212.62518085656,120448.97475949473,99637.93308840702,103422.30229138276,128121.40993668532,99761.8471730572,119874.16299373824
2020-07-17,120247.71463474794,120657.648675541,120894.87321315536,99807.16052454246,103636.68637547025,128225.22134563047,100051.09531853315,120012.95754659911
2020-07-20,124640.0206675447,125064.9284295922,125310.81810292954,101479.7550359222,105756.38813105981,130583.46215168617,100859.65451608725,123417.83598242079
2020-07-21,123451.95013293182,123872.80766785872,124116.35351716515,101035.96522261371,105191.92341109547,129722.25522621202,101074.23836491683,122131.7521869919
2020-07-22,123822.01033195975,124244.12943159237,124488.40533518606,101174.9168458012,105368.4874682533,129848.9647253906,101649.5296046255,122561.9856529549
2020-07-23,119689.22187867181,120097.25197315749,120333.37471697705,99625.63159242678,103399.2343095411,126996.16609207034,100436.70111392534,119360.66126688891
2020-07-24,119697.57956971688,120105.63815623727,120341.77738809904,99628.82324465479,103403.27721952769,125334.3936515696,99789.84757250347,118227.2359497516
2020-07-27,121195.8778419602,121609.04424667837,121848.13931945503,100200.97484531,104250.96566254202,126435.03750767418,100517.55909480696,120336.78326717381
2020-07-28,119759.77723473783,120168.04785805433,120404.30979339007,99656.2437461131,103431.74601142586,124558.84687765862,99880.01153818445,118805.51129154605
2020-07-29,121334.6851194388,121748.32472922638,121987.69364082249,100257.50317196078,104333.7766551042,126091.87364272802,101108.39122607432,120174.86334786129
2020-07-30,121181.6208127847,121594.73861415441,121833.80556068216,100199.47765047938,104246.49215134051,125357.77839529757,100747.69414082624,120804.03426111986
2020-07-31,120630.12354852656,121041.3612517779,121279.34020520817,99990.26628723682,103931.86853876011,125827.50530011031,101543.81444175479,122959.84642949568
2020-08-03,121438.57648292276,121852.57026664676,122092.14413499186,100297.71303292124,104393.79300137132,128957.23428660454,102249.7501657403,124620.65151696335
2020-08-04,120507.0071741956,120917.82516391664,121155.56123352113,99944.72275759156,103862.71729015972,129131.42711092274,102644.71347408695,125083.27179039893
2020-08-05,121419.38730795191,121833.3156742494,122072.85168621466,100291.88828433413,104384.20785823373,131017.50821381656,103282.25072507844,125393.21946749257
2020-08-06,122249.44251701116,122666.20060765697,122907.37415147688,100606.44427226728,104857.44301385545,132138.3166138343,103972.61464061224,127054.03867301058
2020-08-07,121227.49630548885,121640.77050006865,121879.9279497097,100117.08498732215,104276.13853169902,130914.46214716404,104047.27893725857,125587.52619427766
2020-08-10,120226.35576234761,120636.21698904275,120873.39938990092,99646.87082139954,103705.05174535158,131399.2763895446,104358.24104726646,125050.88498292632
2020-08-11,118623.52137697596,119027.91841353399,119261.93874476699,98891.35035788624,102788.17250885763,129879.79233399943,103496.803657015,122682.27144182425
2020-08-12,121782.84761471179,122198.01504615635,122438.26809214984,100389.22534465053,104603.64663898684,132177.69063442192,104939.77749936543,125767.94075953135
2020-08-13,122547.31714716743,122965.09071616275,123206.85190667197,100747.61441672193,105039.10249915229,132681.97552750795,104750.10236067997,126054.7771882237
2020-08-14,121771.5196130396,122186.64842642381,122426.8791245501,100384.89320187006,104598.12254595324,132212.30995112826,104753.1940499821,125906.73531239224
2020-08-17,122875.20757257733,123294.09894615991,123536.50699848095,100902.33622953048,105311.27830304923,134250.44889161317,105085.95256956997,127368.6170706147
2020-08-18,124273.39912640685,124697.05704640741,124942.22344923734,101555.31224680229,106225.95709287998,134809.48541899386,105313.01653754913,128594.5579716089
2020-08-19,123622.4573187959,124043.89612630584,124287.77835197038,101252.78796879116,105801.25348019064,134775.5531471597,104874.48102130453,127729.46031917243
2020-08-20,125177.8533790538,125604.59465567056,125851.54536469316,101977.29768126573,106817.32844248365,135045.00486241607,105201.02524539511,129501.28975448853
2020-08-21,126203.58478088393,126633.82285758207,126882.79712820212,102452.52702603751,107485.4249132501,135304.3959016997,105574.21275542378,130398.77421439758
2020-08-24,126497.55219520244,126928.79243023996,127178.34663939894,102588.24700238854,107676.52830418662,134956.2944330554,106644.03000463857,131212.9904134203
2020-08-25,126972.5883490688,127405.44802020676,127655.93938008243,102807.34365890236,107985.17163785231,135996.93308627183,107017.17629214321,132244.62458762943
2020-08-26,129128.42821246237,129568.63731347675,129823.38171147722,103800.05792342444,109384.63638354908,138095.93451346317,108090.10584192214,135066.6110791965
2020-08-27,128884.15772560515,129323.53408906583,129577.7965905623,103688.38694321408,109226.69469562227,138030.19717191797,108326.43457217667,134645.62493620408
2020-08-28,129159.60768628289,129599.92308060799,129854.72898943453,103814.41489971675,109404.87647143868,139149.7150240324,109026.18691755793,135330.30802338684
2020-08-31,130106.76932858294,130550.31367241856,130806.98814052145,104247.37576650138,110017.26264838091,140817.89811346732,108631.24422047331,136417.4684895705
2020-09-01,131858.1558116441,132307.67077155484,132567.80037267116,105045.44548189492,111147.66811679181,142024.48134854418,109654.40787811902,138749.07862073992
2020-09-02,132833.35712098813,133286.19661986863,133548.25009688057,105487.27843604966,111775.11786338867,143154.28012711645,111240.3826563238,140062.9185031309
2020-09-03,125532.10504306585,125960.05399183283,126207.703568085,102189.78544693592,107085.6167337611,136381.33884378313,107412.18082301387,132961.69448228477
2020-09-04,124056.39799763137,124479.31614349286,124724.05444677349,101506.58769979935,106124.73973899567,134905.8736419178,106535.1716243107,131189.8509289183
2020-09-08,119456.45087825147,119863.68743784905,120099.35097133668,98661.22707492519,102411.7840589931,130592.11552824943,103624.30492383469,124884.34846115371
2020-09-09,123774.79518623745,124196.75332567615,124440.93608329068,101339.9587805202,105887.48699112162,134072.61308774544,105670.62193349506,128552.92384116574
2020-09-10,120741.83213299516,121153.45065971215,121391.64999169491,99474.90794678744,103451.55811036334,132246.47557904499,103835.78677773113,125990.00357327856
2020-09-11,120359.6039971579,120769.91947770304,121007.36475050838,99238.39578193032,103144.09926883805,132195.89891519592,103888.68558169052,125115.6585978715
2020-09-14,121508.74815904583,121922.98116360519,122162.69346654316,99950.01643933557,104068.63396066304,134777.0545763555,105257.01573865661,127294.59613269896
2020-09-15,123100.9456034411,123520.6065359582,123763.45992397779,100933.68160572981,105348.88250123571,136369.65251737964,105788.79660425337,129098.8123754876
2020-09-16,121391.10448540526,121804.93643330706,122044.41664895618,99880.73698800187,103975.12726600813,135316.30424032465,105368.96580828661,127040.1465114792
2020-09-17,120419.05370529715,120829.57185463441,121067.13440974795,99280.03526859319,103193.46956593618,133496.17621075033,104442.22163434322,125055.51570343682
2020-09-18,118878.15481374357,119283.41991597731,119517.94258772866,98325.88692198633,101953.77069167882,133339.6904993597,103239.79152532923,123459.47011286394
2020-09-21,119678.8388302318,120086.83352807803,120322.9357882329,98823.28261767155,102598.45552860729,131757.06639075934,102090.78580745598,123755.55386452688
2020-09-22,121873.37994240844,122288.85600577194,122529.28765382574,100184.29061384921,104364.70578197805,133710.23474273508,103130.51061413008,126054.7771882237
2020-09-23,118726.88461199714,119131.6340220596,119365.85826815042,98241.64800606648,101835.07609953817,130191.52377179352,100738.80038126712,122205.77312490763
2020-09-24,119194.54603386583,119600.8897389797,119836.03658692539,98532.28651675068,102211.6627541507,130163.89998934887,101007.33420841882,122774.80114373151
2020-09-25,121949.81229319848,122365.54892053612,122606.13135423377,100242.93508265109,104429.82190393051,132985.94296332577,102640.33358090895,125629.16032472078
2020-09-28,123537.5600388703,123958.70942478819,124202.4241652075,101223.16778975938,105706.29000294574,135825.4299083465,104345.10136773244,128238.34544356163
2020-09-29,123366.89450748867,123787.46208101108,124030.84013268839,101118.14059424073,105569.1915077333,136061.65202084347,103776.8488740016,127660.07010176715
2020-09-30,124079.96990024399,124502.96840459971,124747.75321049971,101557.11675809507,106142.06545543605,136259.94124955506,104563.70441265478,128534.41507717423
2020-10-01,125243.15805668535,125670.1219621518,125917.2015041589,102272.16229671803,107076.22463584239,137179.08732847215,105234.97199393246,130574.57217719115
2020-10-02,122712.88836130725,123131.22637576467,123373.31420495339,100720.32820396435,105045.31353327904,134775.99973629508,104235.8513734263,126901.36607666862
2020-10-05,125206.45323353546,125633.29200933507,125880.299140114,102257.50093515453,107049.28823210656,137818.81951467815,106084.24873959557,129607.69749987684
2020-10-06,122105.21741918424,122521.4838349794,122762.37285171081,100355.20404100862,104559.99005517374,136968.73356549314,104576.17422617336,127294.59613269896
2020-10-07,123610.81974907048,124032.21888317796,124276.07815025985,101284.57907500322,105770.38374178682,140339.20391513195,106396.48874784831,129496.67315202841
2020-10-08,124704.21794929134,125129.34456498778,125375.36088664041,101957.4631379665,106648.7406225102,141568.1277436556,107339.42306810383,130185.9728416713
2020-10-09,126783.80088015231,127216.01695976581,127466.13587996429,103234.45805487195,108318.43079866022,143811.82293302118,108297.96011370409,132175.23437022415
2020-10-12,131069.49350003063,131516.31984727873,131774.8935763956,105855.39746105997,111755.94634634873,144525.00206369738,110040.25070302439,136255.548570258
2020-10-13,129964.31342279319,130407.37212309481,130663.765554369,105185.01988319971,110871.26447820516,144115.6055853779,109322.10280629546,136250.91784974755
2020-10-14,128431.79594346906,128869.6301695693,129123.00025232062,104253.46111111915,109643.86656651794,142854.9600923172,108635.20158278004,135112.87593015007
2020-10-15,127299.41841391579,127733.39227478743,127984.52840459697,103563.08744707685,108736.27993708446,142317.33838826264,108500.93982201969,134206.14414727048
2020-10-16,126623.45582345901,127055.1252739976,127304.92786567335,103150.06250599086,108194.20943781179,142345.28503158796,108435.33417502855,133470.57960667397
2020-10-19,124239.57074618772,124663.11334254468,124908.21300878937,101691.53140265614,106281.89092059576,140340.9823953608,106786.78360534874,131291.62795379615
2020-10-20,124799.94283215473,125225.39578160443,125471.60094918353,102036.02121692814,106731.9410422566,140336.73990211048,107214.52912592894,131573.83366197805
2020-10-21,124132.82366330318,124556.00235034873,124800.89142608488,101626.36684382036,106196.30659330441,139935.4666511446,107011.57002887534,131472.0566371002
2020-10-22,123799.41629369253,124221.45836844844,124465.68969855232,101421.35922225195,105928.52357460833,142022.76013696293,107598.56846540807,131467.42591658974
2020-10-23,123987.51110515553,124410.19441011154,124654.79681341887,101537.09368287238,106079.6206984568,141131.65799218105,107963.88247334732,131726.49214026963
2020-10-26,122625.71822813737,123043.75907266497,123285.67493272647,100699.50096862944,104985.78993420194,138839.56552119832,105968.71231037511,129751.10865519784
2020-10-27,123174.92589467634,123594.83903190125,123837.83836814477,101038.23387768962,105365.79396724435,139421.90328262319,105603.43952495987,130764.24818346578
2020-10-28,118990.9406555139,119396.59025366933,119631.33542918506,98460.55610354498,102387.96286145604,135238.53551039475,101994.00562666841,125666.17785270386
2020-10-29,120364.32677796554,120774.65835884685,121012.11294874814,99152.58927841339,103371.20445783407,137083.65624263897,103030.62843840937,127863.62415152283
2020-10-30,116245.99136932517,116642.28321664037,116871.61315971555,97048.22859562587,100428.43606063628,132830.0805105236,101956.55496358866,124620.65151696335
2020-11-02,116718.16429016473,117116.06581259084,117346.32725780028,97292.74212816033,100767.8364800876,134132.54577680625,103099.31546907162,124898.22650463476
2020-11-03,118458.87198166849,118862.70771531838,119096.40322643495,98192.77845789336,102018.216191084,137016.1030728906,104919.6506020086,127058.65527547071
2020-11-04,124925.67362477278,125351.55520051304,125598.00840963902,101517.79409821531,106651.96253959475,142172.1379937634,107264.5011306823,132730.38434556697
2020-11-05,128167.35595958807,128604.28868871213,128857.13708460156,103151.79812728778,108954.5714979821,146397.90073799022,109356.45147444209,136190.7890733632
2020-11-06,127523.2937142329,127958.03078384225,128209.6085745579,102830.26967062971,108544.02389162307,148693.80096772834,109331.48093051191,136292.5519801907
2020-11-09,123700.8061556735,124122.51206061147,124366.54885276122,100918.3496088109,106170.78580221966,148186.484032059,110705.3142944358,133507.58301660666
2020-11-10,120999.02285417041,121411.51816454949,121650.22488205807,99551.12357567062,104479.32534958301,145763.19977748644,110542.9284666571,131115.8441090529
2020-11-11,123851.75129603635,124273.97178498545,124518.30636151502,101006.97458297902,106276.07579734542,149028.5671019739,111364.1223678259,134048.85494846842
2020-11-12,123495.42257022831,123916.42830615805,124160.05991783316,100826.71754007602,106053.04593006424,147658.96623049752,110283.77276372186,133419.68403520988
2020-11-13,123733.71292489461,124155.53101163093,124399.6327222129,100947.39424082017,106202.31079168849,150244.81539009407,111810.59321994598,134590.11276227987
2020-11-16,123369.50168095969,123790.07814254425,124033.4613376501,100763.08266454737,105974.28808127032,152427.3264327539,113206.26421597385,135640.26981853083
2020-11-17,122291.8788793394,122708.7816389259,122950.03890114716,100217.13300009856,105299.07895674744,153418.61470940514,112597.42814733714,135210.0222345175
2020-11-18,121211.41998430484,121624.6393734248,121863.76510772003,99667.91494942344,104620.47867221094,152989.8286224716,111242.32011495312,134210.7607497306
2020-11-19,122178.62507036628,122595.14173869365,122836.17557394547,100161.22799657221,105229.41315575752,154573.33901601657,111710.69043296327,135260.9178059816
2020-11-20,121446.96780757283,121860.99019799128,122100.58062073095,99789.17544167329,104769.76191570498,154480.58919128787,110945.70344330712,134335.67725911044
2020-11-23,121288.38180401867,121701.86356211452,121941.14112658925,99708.34893498888,104669.97054939762,157972.81699340674,111610.78764598053,134340.3079796209
2020-11-24,121542.98036121954,121957.33006608387,122197.10990226657,99838.17457059275,104830.23517433926,161490.4971050403,113409.21300739645,136227.7924832959
2020-11-25,121943.23652200095,122358.95073201068,122599.52019303537,100042.11201463833,105082.04550142366,163531.17913882888,113234.40889425423,137065.13404877027
2020-11-27,122996.7940495435,123416.09992111442,123658.74783908176,100578.24877387092,105744.27403318718,166228.87259992925,113549.70967491608,138328.0924777475
2020-11-30,122880.53148740031,123299.44101063281,123541.85956596628,100519.27724817782,105671.36492414253,166200.9973476154,113047.03191128335,138610.28406787905
2020-12-01,122608.09444148796,123026.07520512257,123267.95629700036,100381.04014163547,105500.47390818376,165482.25984842697,114283.48090825175,140386.7442237056
2020-12-02,122946.5758055292,123365.71047910475,123608.25932658455,100552.93366261826,105712.92005737101,164314.37258337063,114523.90097401608,140567.17290700963
2020-12-03,122267.80068540348,122684.62136050822,122925.83112129931,100208.58657064744,105287.20757917227,166468.9494464197,114492.67491206463,140766.09623625487
2020-12-04,124068.90405655847,124491.86483657137,124736.62781178918,101124.22428287049,106418.5158950547,169719.78676992666,115479.33602468322,141339.74085753885
2020-12-07,123737.35308033953,124159.18357665578,124403.29246853181,100956.60083691709,106211.08024521146,173665.5713235669,115242.017953852,142140.07901308054
2020-12-08,124469.86539041792,124894.19307956744,125139.74707079178,101327.31657350995,106669.71056795157,177601.01472967252,115579.25942292795,142621.20805050762
2020-12-09,122985.6101473613,123404.87789211849,123647.50374649795,100577.83129008998,105741.88930349801,173022.9551277817,114542.65722244901,139392.11345942915
2020-12-10,122727.34162796791,123145.72891476308,123387.84525733786,100446.81912132903,105579.91613731004,173761.61051616506,114505.16533684522,139951.88003723213
2020-12-11,123320.71211343516,123741.12224749636,123984.40919060585,100748.0593704081,105952.26047965398,172949.212835189,114370.92418734689,139641.93236013848
2020-12-14,123108.43699802429,123528.1234693025,123770.99163633585,100640.48917748556,105819.22970447072,171809.78112615956,113858.8476882357,140655.07188840644
2020-12-15,123750.96310546997,124172.83999944637,124416.97574116259,100966.30179335103,106269.2779833847,174084.1338099406,115398.14826360936,142158.58777707204
2020-12-16,125397.69091774357,125825.1816380469,126072.56604228474,101799.67949962117,107450.23720286459,175073.24515064966,115579.25942292795,142940.4171686222
2020-12-17,125841.11286352022,126270.11524456952,126518.37443105478,102022.96794547232,107767.55100325552,177278.098868249,116225.57707153747,143874.90503846394
2020-12-18,128339.28339225336,128776.80223569485,129029.98980980362,103279.25730110507,109554.20922463838,178097.84072133544,115761.50420165728,143440.04085199043
2020-12-21,128055.55855427103,128492.11015713202,128744.73799924336,103137.63128160054,109351.94421795016,182073.09240464415,115347.58883788862,142912.6610816601
2020-12-22,128794.99862536162,129234.0710383452,129488.1576468829,103507.0457460106,109879.27727150073,183185.08571861358,115153.19372020192,143301.26041717993
2020-12-23,127236.08711652615,127669.84507595858,127920.85626586578,102593.74616700012,108768.58897221688,182237.5035347761,115256.67256114406,142579.57392006446
2020-12-24,127862.16072046541,128298.0530147006,128550.29932181281,102957.56610491438,109215.55294814709,182457.11718533907,115705.06026063146,143208.73071527266
2020-12-28,128567.77965793302,129006.0774633513,129259.71581460074,103367.05014013851,109718.89894115197,180838.0552038757,116699.06928815812,144652.10370950363
2020-12-29,128178.15155078015,128615.12108293474,128867.99077635279,103141.28817547353,109441.21324230396,178996.91957315372,116476.41613024999,144781.63682134356
2020-12-30,127616.21621700042,128051.2700668259,128303.03117493626,102815.40990258066,109040.52446980767,180341.9502506627,116642.6150415013,144786.26754185403
2020-12-31,128085.86193971195,128522.51684922857,128775.20447381993,103088.10243000276,109375.64912286926,179419.02431412676,117235.24035256388,145142.4800699013
2021-01-04,128019.47078723111,128455.89936401875,128708.45601222942,103049.59291258884,109309.00994520079,178429.1085550867,115639.22788975819,143093.07564691376
2021-01-05,128072.55773475596,128509.16728917779,128761.82866725064,103080.3899205661,109352.13082942336,181584.58095537563,116435.63674835491,144272.75169695436
2021-01-06,127064.25583984288,127497.42801276123,127748.10021414558,102495.51759620207,108533.1349422733,180113.74209545893,117131.79242851473,142274.24284543094
2021-01-07,132388.55541490956,132839.87854933125,133101.0545221066,105590.75865146994,112859.48248301778,188794.15075778728,118872.05280852661,145716.13880923565
2021-01-08,135437.25616403727,135898.97256223994,136166.16300795338,107343.18906862417,115331.90322806028,191179.38159381307,119549.34918394346,147589.7452694296
2021-01-11,132219.60174765915,132670.34890556659,132931.19156676333,105505.27050988792,112725.3254982439,190312.68105230777,118743.4797560822,145457.07258555575
2021-01-12,132815.3570823344,133268.13521764884,133530.15318420777,105847.8779333381,113208.51063164392,193214.06809629878,118768.57396758447,145225.76244883798
2021-01-13,133509.3551582395,133964.499188294,134227.8862733693,106246.48284516607,113771.25222934647,196079.65100599767,119088.41953152044,146206.51516963335
2021-01-14,132448.97451345547,132900.5036213984,133161.7987888941,105638.32659549656,112911.63996696552,196910.91204055844,118671.39186718762,145424.6857780832
2021-01-15,132257.96758469407,132708.845534797,132969.76388406797,105528.53412621506,112756.7371887638,193982.12283432536,117805.92497521239,144272.75169695436
2021-01-19,134430.59409684406,134888.8787038466,135154.0832079216,106777.88278243519,114518.81750909089,203048.3929427245,118730.93780314657,146377.68241191644
2021-01-20,137104.34796890686,137571.7476159099,137842.22689820352,108308.45960363986,116685.62402943747,207960.85377364745,120374.01608276163,149782.56084773812
2021-01-21,136913.91372726762,137380.66416876667,137650.767762632,108200.0402757859,116531.44293062722,208649.27444612773,120483.77105298713,150980.74566177023
2021-01-22,137275.35403142188,137743.33665171816,138014.15329455317,108405.89788973813,116824.09532943292,212138.53294728318,120057.35495880684,150545.8955933471
2021-01-25,138609.6187793031,139082.15001444207,139355.59889306495,109165.26689812285,117904.28951753402,216950.5406976823,120530.82656416549,151790.33114028248
2021-01-26,138840.9977954732,139314.3178201151,139588.22316296512,109296.59739888336,118091.52156084486,217394.11853404445,120342.67665886908,152012.39395402969
2021-01-27,134357.06678085367,134815.1007273772,135080.16017685726,105986.86129326564,114463.416247869,210183.2590310993,117401.43926381519,147774.79055519376
2021-01-28,136243.8301524403,136708.296225639,136977.07787948506,107372.74168316851,115992.54338757081,209420.69254472907,118411.12315610361,148649.14964865116
2021-01-29,133111.49758884506,133565.28529074328,133827.8874829147,105074.14984790553,113455.65673886177,203821.83669040064,116040.59099496024,145521.83208245054
2021-02-01,137579.93788448803,138048.9588554093,138320.37638088007,108358.52736638929,117078.80840687055,211021.18343361854,117972.12388646368,149158.03477304036
2021-02-02,141130.4672777063,141611.59228624307,141890.01429155908,110962.38894481414,119953.13602079637,213075.80980635597,119640.27576631897,151591.40781103726
2021-02-03,142939.47128174428,143426.76332907623,143708.75413517738,112286.76506926576,121415.81939664044,213622.45434659132,119734.3558717827,150990.00710279113
2021-02-04,142624.0756243575,143110.29246276204,143391.6610567137,112056.06437362927,121160.96109577734,214645.1798174651,121095.22475189966,152775.7145815883
2021-02-05,142967.24989331013,143454.63664014242,143736.6822478529,112307.12235672736,121438.2960146331,212969.33378431454,121571.83957471546,153293.8470289481
2021-02-08,143482.10608386507,143971.24801647585,144254.30933182046,112683.71642153208,121854.326361362,214970.4667363025,122449.8175027333,154320.8646006971
2021-02-09,143613.56466353475,144103.15474891852,144386.47540558095,112779.8486811844,121960.53311062018,217934.49089844714,122368.29996146727,154288.49191127485
2021-02-10,142238.77400009343,142723.6773145592,143004.28578595936,111774.56318805976,120849.8749899193,217603.2022472881,122314.96832100557,153936.8959856877
2021-02-11,143700.33419251206,144190.22008213412,144473.71191761232,112844.00825815517,122031.18771264485,217154.67904323613,122512.52726741144,154783.48487413267
2021-02-12,145083.28163037056,145577.88209800457,145864.10221041914,113855.22254264315,123148.4077196702,219746.938300437,123117.71514267167,155648.59664461948
2021-02-16,145252.5904119754,145747.76806673678,146034.32219129914,113978.9402508935,123285.12105706154,209984.85669945288,123011.10338990335,155227.61050162706
2021-02-17,144939.26498071267,145433.37448411246,145719.3104806648,113750.00473590418,123032.1316157114,212127.60006934407,123039.30990196974,154482.7845200096
2021-02-18,144047.6246759344,144538.6945064873,144822.87147618696,113098.41856800953,122312.11560157333,207505.8881443106,122515.6601792376,153807.36287384777
2021-02-19,143754.16574383347,144244.2351495034,144527.83318379716,112883.87546395154,122075.07066663566,208467.21754751206,122299.28315061278,153136.55783014605
2021-02-22,139962.78339115882,140439.92767228276,140716.046072321,110111.66720840952,119012.23214749055,202759.83855533393,121358.6057635478,149167.28209601095
2021-02-23,138600.62705836367,139073.12764000948,139346.5587797768,109113.81891815779,117910.37332279717,200958.31999227015,121505.99689821117,148723.1705865669
2021-02-24,139370.31629423436,139845.4408078158,140120.39038952306,109678.0367008088,118533.27887586133,203445.14434719252,122844.90447865204,149949.1114875611
2021-02-25,134899.72110072616,135359.60499906604,135625.7349962942,106402.12999652006,114916.22206914007,196132.28547757363,119884.8593070102,144721.4939269089
2021-02-26,135613.07539236563,136075.39117232733,136342.92847398954,106926.04561375408,115494.31217544619,196450.80429633617,119267.12947881433,145327.53947371582
2021-03-01,138285.15748667184,138756.58260741044,139029.39138921024,108887.81762306303,117659.16710543649,201787.8585131509,122158.19906212574,149699.2925868518
2021-03-02,136019.735308499,136483.43742451834,136751.7769843429,107226.81748432903,115825.50496062367,198603.75010155365,121204.97972212515,147298.29223827712
2021-03-03,132172.27466682563,132622.86048294336,132883.60977733557,104402.6368378532,112708.79468410824,192989.1210709983,119599.53760694797,143023.68542950854
2021-03-04,130088.86354383721,130532.34684542587,130788.9859890197,102870.26953110778,111018.69473009436,189078.3400541475,118119.50471549605,140682.82797536853
2021-03-05,131744.59268422777,132193.72049838817,132453.6260623122,103938.6940050507,112362.89896652561,190447.85871558063,120292.50884712658,142801.62261576133
2021-03-08,127787.18440179716,128222.82109578773,128474.91948971436,101364.7431927259,109152.04195967646,187409.6279738912,119693.58679551865,138758.32594371052
2021-03-09,132403.7308269203,132855.10569553074,133116.31160633953,104383.7337803259,112903.34147550243,196079.23942815897,121402.52836290002,144231.1175665112
2021-03-10,131951.3739860201,132401.20673411514,132661.52023592682,104089.72608638958,112536.39078819702,196438.15874975343,122158.19906212574,143819.39286453972
2021-03-11,135153.14320481924,135613.8910393052,135880.52098733615,106171.95706027497,115134.09118731284,203003.39719601683,123396.7813247126,147131.7557165045
2021-03-12,133572.27046651102,134027.62897986465,134291.14018417968,105148.13257636968,113852.95686209497,201732.46621034728,123562.95962470189,145938.18750493252
2021-03-15,135061.11868175882,135521.55279731294,135788.0011994825,106114.36277987769,115060.21016105126,203570.08216579203,124299.83285297069,147497.21556752236
2021-03-16,136037.01476622076,136500.77578928837,136769.14943800506,106746.47230099006,115851.1043163878,201411.8106539506,124143.0532884599,148306.8010460346
2021-03-17,135439.2350600802,135900.95820449715,136168.15255417422,106359.76485516458,115366.81574282133,201038.82078664366,124566.36738770701,148917.46319530165
2021-03-18,131896.2003992477,132345.84505618905,132606.04971161936,104065.97722847188,112495.82504923799,195181.8301916841,122753.98820190752,144356.03407589105
2021-03-19,132007.3779883646,132457.40165856614,132717.82564500204,104138.29393892047,112586.0322783421,196210.25353135334,122526.8520945113,144864.91920028024
2021-03-22,133786.7345183216,134242.82415671682,134506.75845543895,105295.52520406654,114029.70668009364,197632.10828658124,123505.22747980019,147395.43854264452
2021-03-23,132813.63080435613,133266.4030546514,133528.41761561137,104664.13052130162,113240.69387057851,194890.75302235552,122533.15914068763,146752.40370395523
2021-03-24,131735.2544239568,132184.35040324385,132444.23754466002,103963.52990336837,112366.0118297126,190220.05626846987,121910.21466320219,144277.38241746483
2021-03-25,131249.75733461793,131697.19821564195,131956.12756902128,103647.65831713889,111972.06323724057,190610.54433387748,122596.0750179859,144027.56351675553
2021-03-26,133125.8333533585,133579.6699270203,133842.30040076957,104869.0539028982,113494.64833181324,192954.94172437553,124571.66448204465,146188.00640564182
2021-03-29,133979.69590948155,134436.44336863482,134700.7583413426,105423.5747885145,114187.150254429,192072.79108302714,124508.7589103774,146146.37227519866
2021-03-30,132374.60668043327,132825.88226250766,133087.03071723753,104382.35392979329,112885.79042295343,192248.77591279548,124178.4325197072,145410.80773460213
2021-03-31,133890.933599878,134347.378461245,134611.51832378196,105368.08893026221,114115.9102284219,195398.01213613313,124681.79045498639,147636.01012038323
2021-04-01,137291.66207998127,137759.7002957145,138030.5491110469,107574.44103073173,116873.22887400402,196734.73480761165,126028.21084043142,150152.6655373168
2021-04-05,140214.29510617282,140692.2968107742,140968.9113928021,109462.36348349061,119240.04836809843,198288.59907415716,127837.13763984355,153150.43587362708
2021-04-06,139569.72918069962,140045.5335087006,140320.8764918953,109047.51949635199,118718.59297449907,199524.87169436904,127761.63858708562,153044.04224628911
2021-04-07,140479.45906323966,140958.3647328995,141235.50243004278,109633.49835073917,119454.73215909442,197573.86587251117,127909.47286388233,153414.13281781744
2021-04-08,142425.30153761973,142910.84073932376,143191.81719201143,110885.43701959206,121028.78092039429,198787.91768130029,128516.63942029589,155014.79501085044
2021-04-09,143607.2719683738,144096.8406014583,144380.14884389978,111644.08255319844,121984.27520462412,199592.00985945883,129450.9788442915,155953.91360120266
2021-04-12,144735.9385588118,145229.35490623774,145514.8897806851,112367.46817975458,122896.31346564098,198265.43337272172,129498.15802304195,155750.37366949732
2021-04-13,146327.26335593042,146826.10465639003,147114.77889436157,113385.98445403298,124181.72228210984,200727.76182025412,129881.99124990094,157568.46795576703
2021-04-14,144970.49873204879,145464.71471379558,145750.71232825267,112519.25498184546,123086.36220010155,198535.27923602329,129438.40597446285,155676.35273158157
2021-04-15,148190.31318121808,148695.50576698402,148987.85542726773,114579.51952491567,125687.00747298269,200382.29671875868,130828.88293246318,158035.70483166273
2021-04-16,148444.78614900762,148950.8462533977,149243.69793762677,114741.72808316744,125892.32791723464,200058.01660477518,131266.17146735595,158220.76423547725
2021-04-19,146937.65055850224,147438.5727175724,147728.45112663638,113781.32467594939,124676.40341004785,197168.31367082964,130621.24507893238,156772.76052073584
2021-04-20,146873.34822798756,147374.05117528923,147663.80272879786,113740.27501862336,124624.49976506164,196059.31702070803,129664.91343836764,155630.08788062795
2021-04-21,147908.3578166297,148412.5891940909,148704.38261319202,114401.06063406255,125459.95806156141,198641.9619344917,130891.82972665447,156962.43652701046
2021-04-22,146233.8290783045,146732.35185386657,147020.84176481474,113333.29762958319,124108.74137957396,197333.83134124253,129696.35591857026,155070.321302825
2021-04-23,148721.3726766487,149228.37568655048,149521.7730203275,114922.66869811871,126117.11815600822,200459.54867658403,131102.59018638043,157022.57942144515
2021-04-26,148785.49012159274,149292.71171297337,149586.23553756377,114963.51506682862,126168.84271909253,202535.70389683734,131376.31805155968,158044.96627268367
2021-04-27,148511.9910860391,149018.28029741452,149311.26456345746,114789.29419532845,125948.21132505871,201332.87459353084,131347.96726065918,157360.28318550088
2021-04-28,147494.89761691744,147997.71947561236,148288.69722096043,114141.18876690045,125127.64947926979,200695.40415868245,131310.22803991125,156828.27269466006
2021-04-29,149869.74179889364,150380.65969063775,150676.32252555017,115656.3032271849,127044.2490208799,201408.72621920737,132147.02466642475,157392.66999297348
2021-04-30,148481.01358627877,148987.19719288914,149280.12034656014,114772.78088850308,125924.35150829378,200211.30039411676,131278.7443371846,156361.02170071402
2021-05-03,148421.93676605276,148927.91897507562,149220.72558207123,114735.13391909485,125876.689111121,197672.56051607334,131561.90185473533,155528.3108557501
2021-05-04,146813.9209885232,147314.4213436302,147604.05565915685,113710.3470155635,124579.33810556245,194786.22539499306,130750.24066224809,152729.463848685
2021-05-05,146378.86102435048,146877.8782253731,147166.6542551589,113432.55049903113,124228.14347161318,193768.08750442482,130791.13340608422,152215.94800378536
2021-05-06,147074.21732068152,147575.60504672586,147865.7528745236,113876.78435462389,124789.53905689347,192854.20454109885,131835.57819175956,153363.2513644037
2021-05-07,148709.9628265006,149216.9269393141,149510.30176375332,114920.92574895675,126109.85339826002,194347.50944774257,132795.06335541245,154607.70102938943
2021-05-10,146181.0029540638,146679.34564115905,146967.7313367969,113309.73886572708,124069.66222460946,188917.01573963993,131480.08545017007,150703.18479214914
2021-05-11,144499.43341166194,144992.043494196,145277.11179159157,112235.16552356038,122711.94456943749,190365.24723726427,130306.69660933403,150495.00002188297
2021-05-12,140121.11593504463,140598.79998442688,140875.2307427052,109431.57240560601,119174.83988146551,185857.54948511528,127538.29495190001,146599.74522566365
2021-05-13,142260.38599750516,142745.3629889921,143026.01409651316,110808.93915388065,120905.71834207795,185510.2043391273,129070.34036304471,147733.1564247506
2021-05-14,145122.27831768923,145617.01172813756,145903.30877316702,112646.70015893338,123219.57322728452,191350.91016887967,131052.26779017282,150994.6378233016
2021-05-17,143977.45517672336,144468.28579386213,144752.3243332635,111914.09880956447,122294.86657457624,191355.1976179962,130718.75695952144,150078.64459940104
2021-05-18,142317.8894754567,142803.062500882,143083.82705119075,110850.61792558091,120953.86849687663,192834.28826593043,129592.55760306687,149065.5050711331
2021-05-19,142538.4585360932,143024.38349902167,143305.5831876911,110992.25212948569,121132.19867043477,192262.14445862194,129252.78094876319,149236.67231341623
2021-05-20,145190.44741640417,145685.41322074193,145971.84474968212,112694.71336949142,123276.17117443508,195572.87810160505,130643.27851802553,152123.4183018781
2021-05-21,146051.12488585268,146549.02480826448,146837.15428061545,113245.45874928069,123971.35794388586,196592.93314131862,130536.31637380297,151281.46013394362
2021-05-24,149111.46297249946,149619.79583130314,149913.96273471677,115201.73519043406,126442.54618966283,198416.85200150596,131867.0412832242,153825.87163783927
2021-05-25,149390.61159549645,149899.89609419912,150194.6137016591,115379.53381940283,126667.73025824787,198318.72620634426,131574.485030195,154038.67301056554
2021-05-26,149617.74100017076,150127.79980111212,150422.96548917113,115524.1522904591,126850.93470730522,200591.62159786097,131835.57819175956,154575.31422191687
2021-05-27,148913.34308925035,149421.0005415854,149714.7765943468,115075.76562888914,126282.8035492717,201294.26892506581,131904.80111523418,153997.0388801224
2021-05-28,150650.83655234048,151164.41725833854,151461.62103598134,116309.59789631004,127684.49928104137,201682.20513234913,132140.73823151045,154482.7845200096
2021-06-01,149802.56533412053,150313.25421594354,150608.78452521216,115701.98259718303,127000.55404000274,201515.6060386111,132024.3670461784,153969.28279316027
2021-06-02,151557.9863227465,152074.65957459554,152373.65297614504,116959.90195070261,128416.30746805712,202297.51506322628,132231.94306592317,154269.98314728335
2021-06-03,151596.98532601702,152113.79152857576,152412.86186730902,116987.82492257036,128447.74256683135,199888.81653983486,131741.17861173462,152664.69023373988
2021-06-04,154373.41933440577,154899.69062173148,155204.23830592498,118975.69235671224,130685.65576097686,203927.51504453836,132946.10268345234,155255.36658858915
2021-06-07,154668.1378176103,155195.4138237291,155500.54292816925,119186.43045296728,130923.00221149436,206743.56166998728,132817.0864888746,155717.98686202473
2021-06-08,154867.67912264456,155395.6353809721,155701.15814024355,119329.09259047499,131083.6844514917,208300.63584984915,132845.4372797751,155792.00779994047
2021-06-09,155113.55554415006,155642.35001479049,155948.35783875175,119504.86568311809,131281.66599414256,207799.57854349166,132647.20846735378,155829.01120987316
2021-06-10,156339.89517448054,156872.8703346382,157181.2974798535,120381.4557807473,132269.04766234435,210276.73212877003,133263.83559303186,157452.81288740816
2021-06-11,157927.50712713372,158465.8945829424,158777.45376698708,121515.64129586436,133546.8178183074,210358.7062952914,133484.03601076035,157864.53758937964
2021-06-14,159267.80797508144,159810.76462327893,160124.96795112197,122472.45339293698,134625.0145884136,212228.33460995505,133782.91992122788,159377.31491906618
2021-06-15,158855.6090262451,159397.1604553811,159710.55059766513,122178.37219624723,134293.5595609576,209463.27150793554,133537.50162442512,158336.41930383613
2021-06-16,158058.30058709384,158597.13392822945,158908.95114144465,121609.43005394122,133652.3515160639,208591.1156291594,132791.95105484832,157758.14396204168
2021-06-17,161519.76218261075,162070.39592214237,162389.0419023654,124080.35426332906,136436.7974136474,211651.6581422869,132747.88417666202,159761.28353407557
2021-06-18,159740.30761724236,160284.8750543698,160600.01052890247,122812.07694978765,135006.87417545222,209598.51585777476,130957.07467656035,158507.58654611924
2021-06-21,161326.79039085214,161876.76627416926,162195.03155988836,123943.72631064874,136282.42185415834,211136.39939559973,132831.83384684575,159307.9105836106
2021-06-22,163327.11999706447,163883.91516339983,164206.1266968073,125369.56232538116,137889.93629223484,212351.29186969556,133542.0257964372,160792.931826335
2021-06-23,163044.85506766435,163600.6879703639,163922.3426518797,125168.5416677747,137663.23648084607,213252.9672738057,133381.03122884448,160871.56936671087
2021-06-24,164918.4961599534,165480.71645443246,165806.06745269842,126503.05973562931,139168.16977221286,215856.08479060789,134170.09217253316,161866.21424903764
2021-06-25,164705.72557837504,165267.22052098747,165592.15176572223,126351.63626126153,138997.364173994,217161.8101401026,134646.67607845596,161667.2768017421
2021-06-28,166738.3346308014,167306.75889963633,167635.70007290968,127798.32796631308,140629.1820780845,219928.82167389579,134918.08517665864,163633.41296384326
2021-06-29,166977.36630572425,167546.6054525856,167876.01818724148,127968.30691117633,140820.96742226323,219358.02904444782,134990.72956962758,164225.5663491188
2021-06-30,166321.05139222482,166888.05310924942,167216.17106668348,127501.63995300628,140294.41458175355,219102.3166037991,135104.3491514807,163966.5001254389
2021-07-01,167450.7754589601,168021.6284953471,168351.9751709749,128305.14922362297,141200.951531816,218750.68021737263,135852.32154434416,164031.27374038403
2021-07-02,169699.5659144484,170278.08525668675,170612.86834324859,129903.80836149023,143004.88044677998,219748.75761759604,136890.72723024932,165914.14164159892
2021-07-06,170627.61707282506,171209.3002154115,171545.91416011142,130562.92614771763,143748.86173920162,220237.39339204234,136641.37218240183,166631.19741820393
2021-07-07,171354.99652649666,171939.15936359984,172277.20828155553,131079.3205675705,144331.8181578347,218906.6631606134,137124.29405139398,166982.7933437911
2021-07-08,169649.81323915417,170228.16297055804,170562.84790510568,129869.1169728405,142965.48581841157,218249.5914424071,136006.98845449853,165974.27041798327
2021-07-09,169975.21049972775,170554.66953632128,170889.99641416836,130100.22570561012,143226.3483359071,220201.16461035592,137458.83544514608,167010.54943075316
2021-07-12,170628.52154733,171210.20777334206,171546.82350238814,130564.16635562741,143750.04198142543,220952.64392390326,137951.2178834027,167662.84571046339
2021-07-13,170525.38991857145,171106.72456064334,171443.13683174414,130490.94897107573,143667.38715859273,219330.1173972044,137480.94102365625,167662.84571046339
2021-07-14,170517.25379577465,171098.5607011556,171434.95692132376,130485.17255065055,143660.86627260316,216696.6121304896,137686.07460885236,167963.54606458647
2021-07-15,168679.9705804197,169255.01404092074,169587.7856711118,129180.74818008435,142188.32922842322,215253.8265907829,137215.81836036794,166783.85589649552
2021-07-16,168008.58196688705,168581.33661010684,168912.78372569996,128703.70442764096,141649.94246209206,213680.5966244432,136139.52917488068,165433.01260417182
2021-07-19,166885.43996067139,167454.36572329755,167783.59710577747,127905.44471130558,140749.1192324564,211853.98299462223,134129.04484423195,164077.53859133765
2021-07-20,168479.93737891875,169054.29891029678,169386.67591524383,129039.26537190049,142028.41519272584,215285.25552801706,136051.1583889949,165983.53185900417
2021-07-21,170654.42808337286,171236.2026268306,171572.86946425785,130584.45294606558,143772.24691762865,217419.38345175222,137152.7066760805,167264.9849339226
2021-07-22,172060.96936258813,172647.53891734307,172986.98057760674,131583.01798501538,144899.52211341806,217821.49252639065,137439.90400098605,168370.65416409782
2021-07-23,173668.92110105348,174260.97229141,174603.58611680643,132723.89925277358,146187.70512567167,219315.10773788334,138853.88810331357,170336.79032619903
2021-07-26,173030.13361874153,173620.00713167086,173961.3607579393,132270.9668563815,145676.18219208188,219081.98479122284,139194.75715450398,170470.94004049906
2021-07-27,171889.26378194557,172475.2479786942,172814.350898408,131461.81721667224,144762.44168865713,217473.38813703376,138560.35281533864,168592.7028597947
2021-07-28,171906.50795301265,172492.5509365145,172831.68787550693,131474.0533208089,144776.25727880493,220319.0136709449,138503.54817722758,169240.3684189944
2021-07-29,173111.52763700893,173701.67862863216,174043.19282891575,132329.10396257963,145741.68360692274,220405.52130116255,139077.97374393168,169541.08289116778
2021-07-30,172603.0197138774,173191.43716147164,173531.94817797496,131968.46132625593,145334.4201083761,219254.71475049522,138402.5529933581,168657.47647473981
2021-08-02,173959.1057916739,174552.14624476328,174895.3325461462,132930.42568833395,146420.6639323294,219700.29619012782,138112.17122847144,168671.35451822085
2021-08-03,174566.1547484505,175161.26467980453,175505.64856659286,133360.80452579854,146906.73401640067,221369.41476983044,139235.7735659122,169693.74136945937
2021-08-04,175796.87727824476,176396.18284076956,176742.9946953904,134233.12943555455,147892.01880812788,222517.0302503433,138550.90255170516,169938.9295496582
2021-08-05,177562.50628528174,178167.83101778076,178518.12610304813,135483.95853468412,149305.05409184657,225155.30762675,139428.3033643866,171016.8426928713
2021-08-06,176950.5377162175,177553.7761991016,177902.8639935587,135050.73136035854,148815.53196150987,223584.761035394,139658.72696807407,170267.3859907434
2021-08-09,176254.1406839175,176855.00509382802,177202.7190371106,134557.61214330234,148258.38052271013,225325.20896899182,139545.10738622097,170581.97850639783
2021-08-10,175105.3331763646,175702.28120994233,176047.72878724354,133743.90866934462,147339.10190490895,225598.97460301485,139718.68512927333,169707.61941294043
2021-08-11,174548.1506337259,175143.19918761824,175487.54755591208,133349.06779887856,146893.10061386792,225396.79411359143,140065.8612266401,169416.16638178797
2021-08-12,175590.61218883054,176189.21457722987,176535.6195123461,134087.9662257715,147727.67713775067,228679.75917999438,140485.6301888208,170026.828531055
2021-08-13,177015.6479615138,177619.1084104122,177968.32465427794,135097.60085830608,148868.20608637406,228754.8383148684,140741.29228284463,170623.61263684102
2021-08-16,177648.17250280103,178253.78927826165,178604.25336573334,135545.4825603032,149374.24934823703,228015.4743358395,141072.68015350855,170697.63357475674
2021-08-17,175801.02895857007,176400.34867450394,176747.16871955435,134237.88255896943,147896.7217273847,226371.0176174784,140147.92496634953,169194.1176860911
2021-08-18,172731.54907515997,173320.40468958838,173661.1692686512,132063.3373858762,145440.1927208736,225284.18591686714,138614.00393036156,167565.68528804567
2021-08-19,175245.5844251564,175843.01058641684,176188.73485120223,133846.66831760318,147453.9360919745,223454.35291788075,138828.63930734617,168375.27076655792
2021-08-20,178791.58821208176,179401.10298280523,179753.8227993255,136359.42038136156,150292.30245357542,225997.7757656766,139933.29989499593,170119.35823296226
2021-08-23,181861.83749388973,182481.81898905916,182840.59578943523,138531.92978415493,152747.48203873026,229447.77343933613,141164.23537937552,172663.7697368579
2021-08-24,181296.32504397185,181914.37866213822,182272.0398202765,138132.2608044163,152295.63168583022,230822.38861447925,141388.31071436263,173191.1495071883
2021-08-25,182116.76711505235,182737.61768561366,183096.89741082027,138712.22876649676,152951.27303946772,231022.69803213794,141684.9892197947,173390.07283643354
2021-08-26,181144.63557978164,181762.1720764776,182119.53398183495,138025.25554051378,152174.5822310198,230389.09901713463,140848.59451289044,172289.04844481914
2021-08-27,183152.95779882182,183777.34082599008,184138.66474685216,139445.02044871773,153779.56363241028,232276.6520999424,142107.93231632558,173963.73157576786
2021-08-30,184714.8882722506,185344.5960448608,185709.0013401629,140548.33852590286,155027.1377492475,233026.77526551334,142732.85547496437,175915.989694388
2021-08-31,183929.4506526957,184556.48080587544,184919.3365908464,139993.85905038644,154400.0367454064,233553.9932891075,142521.37362106796,175772.57853906704
2021-09-01,184627.27264901568,185256.68173298487,185620.91418029752,140486.63820553996,154957.3004410699,234025.95682229876,142597.14062023206,176064.01745216912
2021-09-02,184437.679406845,185066.44215234442,185430.30057035145,140352.7901762338,154805.92374882798,235209.77964765186,143035.84102657277,175980.7491912828
2021-09-03,185542.50492833526,186175.03411207238,186541.07212845495,141132.82692125827,155688.09234616742,235474.0986924412,143001.13166134089,176522.0211231446
2021-09-07,184518.0338271283,185147.07050724927,185511.08744835388,140409.83357697132,154870.3214240086,235889.9092106327,142489.83839018625,176771.82590580353
2021-09-08,184169.39114125702,184797.23927068122,185160.56840994113,140163.6895921791,154591.94662892466,233626.25804340353,142316.24003587183,176156.54715407637
2021-09-09,183666.15837779362,184292.2909466285,184654.62730893632,139808.3554493381,154190.10188487996,233092.10306222196,141707.0947983049,175550.5157253198
2021-09-10,183106.3013159396,183730.52528743996,184091.75716445234,139412.96050894028,153742.98148599305,230957.42123994575,140589.79950704044,174218.1670789373
2021-09-13,182740.89452987132,183363.87280052155,183724.38380349378,139154.83767166222,153451.11207104626,230791.7964335105,140949.60000239094,174097.88129006792
2021-09-14,183489.84711906422,184115.37862876922,184477.36716445137,139683.97311263953,154049.39772668548,229938.00571121322,140188.95168338876,173602.88832721012
2021-09-15,184746.7369681994,185376.55331555186,185741.02144192063,140571.7047985595,155053.2392475117,231170.24068674012,141359.8980896761,174893.58872509917
2021-09-16,184627.47263021412,185256.88239593516,185621.11523777051,140487.5106907463,154958.0178306929,232014.30141739972,141135.81244905796,175013.8745139685
2021-09-17,181047.91484752056,181665.12161553334,182022.29271035385,137960.42055777225,152099.98590770134,231992.00530287504,139761.00005018842,172941.330606479
2021-09-20,178223.07400175466,178830.65066223466,179182.24891464808,135963.29702751574,149842.3723682097,225608.8316457186,137430.59801618665,169180.23964261007
2021-09-21,178738.56752826937,179347.90154725692,179700.51676464005,136328.16096048942,150254.67290130415,226462.64373103762,137300.77798239037,169388.41029482585
2021-09-22,180793.02863123463,181409.3664718262,181766.03472744525,137781.99618971875,151897.63523814187,228540.43361074448,138640.12870496453,170970.5778419177
2021-09-23,183143.7921292719,183768.1439099423,184129.44974878326,139444.14419602155,153776.51176798454,232223.26524558463,140324.61500996607,172548.11466849904
2021-09-24,182726.228187637,183349.15645955794,183709.638528789,139149.17203529275,153442.97726897214,230830.8207675783,140555.739396562,172710.0204697612
2021-09-27,179701.93056857723,180314.5487689321,180669.06450768886,137012.41950700327,151027.01234500718,230260.1256551426,140153.63428592746,171331.4210904754
2021-09-28,172663.41885049792,173252.0422035617,173592.67237540445,132033.46689489842,145399.67829451198,223265.18318707834,137329.28335775595,166483.15554237246
2021-09-29,172418.29391536996,173006.08161799778,173346.22820768208,131859.558260504,145203.31036018074,222478.7626680756,137560.42835561393,166210.2112752115
2021-09-30,171608.19884933566,172193.2248733332,172531.7733085075,131284.76161861827,144554.3037330758,221788.25151884885,135879.09557370056,165599.54912594447
2021-10-01,174038.3467844212,174631.657376369,174975.00000428106,133009.64191400938,146501.66117866783,222768.31836858726,137493.91581309418,166626.56669769346
2021-10-04,168995.19507708846,169571.31316301652,169904.70666769135,129433.70235359257,142463.16568184298,216457.42022641576,135720.81138706274,163129.15855996453
2021-10-05,172801.72176044984,173390.81659915394,173731.71961480053,132138.60636393918,145515.8161683387,219597.89013699244,137132.97139270193,165331.23557929398
2021-10-06,174507.03978682988,175101.9481905694,175446.21545543705,133348.4716101452,146881.93188341986,220985.8058766178,137702.92431554894,166390.63995851553
2021-10-07,176711.94728146624,177314.3723905469,177662.98949409954,134911.67477824987,148647.42394208405,225300.570635496,138893.43080948773,167917.2812136328
2021-10-08,176202.80240768258,176803.49180131874,177151.10446451564,134551.0338945268,148239.99411422393,225048.86196976315,138640.12870496453,167079.93964815844
2021-10-11,175276.32668110743,175873.85764516806,176219.64255823666,133894.6495178694,147498.5019031618,224315.48428747678,137636.4117730292,165798.48657324002
2021-10-12,174791.2749154216,175387.15229936302,175731.98030292877,133550.87157246325,147110.19741846167,225159.06044011365,137297.6141536712,165220.21123144554
2021-10-13,175991.38602370047,176591.3546820375,176938.55026326253,134401.61459178713,148071.06701997897,227211.91600182425,137791.5630478409,166543.29843680715
2021-10-14,180815.57077000852,181431.9854585474,181788.698185269,137819.7319329452,151932.2705607448,229789.7511763256,140109.29946133497,169610.47310857306
2021-10-15,181494.25691839913,182112.98530209708,182471.03693998404,138299.6803038329,152474.77482650062,230546.30817150782,141176.35480143985,170679.12481076524
2021-10-18,183392.05605718726,184017.25418937017,184379.04980297052,139641.38980874745,153991.49453143543,233154.22224258375,141594.30997256332,172395.4420721571
2021-10-19,184581.0941081268,185210.3457657705,185574.4871121168,140481.38994789112,154941.29403352007,236143.99109137297,142686.68624805263,173700.0346315775
2021-10-20,182275.45007074834,182896.84160414984,183256.43437888846,138853.31722463557,153100.13123343306,234710.79252863966,143247.12707348008,173473.35521537016
2021-10-21,184573.03004499953,185202.25421160948,185566.37964918232,140477.17758180381,154935.98460412546,237052.69205257023,143620.75772564206,174532.7454765414
2021-10-22,184316.33123198358,184944.68029188566,185308.29931436852,140295.91366770776,154730.9968651154,235641.64186149027,143471.9341082687,173066.2471158588
2021-10-25,185051.91269945772,185682.7694151952,186047.83959185614,140815.38543055629,155318.43786631027,239253.58796770443,144241.32160236486,174838.07655117495
2021-10-26,190041.32700793355,190689.19303461612,191064.10632144255,144337.9264583951,159302.25113738782,238620.75011537052,144371.15194179214,175388.59580600727
2021-10-27,192944.66623429407,193602.42997574378,193983.07096648213,146383.8064334996,161617.46764694058,237321.53721188975,143731.57417586126,175795.70390551863
2021-10-28,195756.29404558448,196423.6428502796,196809.83061676752,148362.90785673805,163857.90766310494,240988.70582142,145118.40294048507,177747.96202413877
2021-10-29,198364.39453291855,199040.6345599942,199431.9675837873,150196.8426268905,165934.71381178653,244040.01278271276,145412.87604088162,178622.30699954584
2021-11-01,195551.7627109307,196218.4142520085,196604.19851934098,148220.96551582412,163696.47518735265,246798.2874509353,145663.01431668564,179232.96914881293
2021-11-02,196985.81457561406,197657.354913767,198045.96827678377,149229.43491248123,164838.46550499764,246983.75742860118,146251.9399062167,179982.4117328905
2021-11-03,196760.55272300928,197431.3251255573,197819.4940922794,149071.10712044314,164659.14447196684,248479.0904424568,147144.86099919482,181893.03572106748
2021-11-04,203804.73075332792,204499.517320077,204901.5830322066,154022.5950948328,170267.016759087,250736.71768616524,147838.26507587574,184224.64585223683
2021-11-05,203432.39620858137,204125.91345719897,204527.24462821498,153761.52719877227,169971.09999598243,249883.95277290948,148351.20724799152,184400.44381503042
2021-11-08,205204.15286184053,205903.71017006657,206308.53666034175,155003.98487495954,171379.34757385685,252080.02185648255,148477.88406433063,184150.62491432112
2021-11-09,205409.53027459333,206109.78773078433,206515.0193893567,155147.91753714005,171542.51933023531,249907.97154346883,147987.08869324907,182883.04988288376
2021-11-10,201267.73993883308,201953.8777017425,202350.93844163851,152245.47631383437,168252.03918055983,245878.6549409505,146796.54097678626,180195.22722366708
2021-11-11,202289.882637467,202979.50496628263,203378.58218798702,152962.82733386927,169064.90276428606,247762.61053194525,146844.02932446692,180694.85090703535
2021-11-12,204035.9065533977,204731.48121686978,205134.00299232206,154187.75907974356,170453.09450123244,251719.3263292307,147952.2453548141,182596.22757224177
2021-11-15,204204.7280000971,204900.87818933302,205303.73301551942,154306.12341796057,170587.26155281605,251032.23262748923,148002.89753121397,182554.57932374824
2021-11-16,206904.8643640848,207610.2195333384,208018.40118508972,156199.1339375192,172733.04787321654,252085.51705873478,148588.69020891885,183854.5552807085
2021-11-17,204683.56375134535,205381.346329812,205785.14580255593,154643.29291261116,170968.91195757125,250220.3730353346,148227.7354828956,183951.70158507588
2021-11-18,208298.9664679388,209009.07424234957,209420.00617694808,157177.57387416356,173841.7479170958,250049.19447369347,148731.15525196082,185857.6948527424
2021-11-19,209059.56985925604,209772.27059123438,210184.70304323037,157710.06415506435,174445.62033383476,250329.4440565054,148465.19783256092,186893.95974746198
2021-11-22,205896.76335433574,206598.68182691938,207004.87469828821,155496.39893703826,171934.99092612235,246049.84750216702,148047.24266143746,184724.26953560516
2021-11-23,205496.57054159237,206197.12472498915,206602.52809648888,155215.99115455875,171617.08106063062,244386.27674998724,148243.5546264915,183882.31136767063
2021-11-24,207855.70443715432,208564.30109598208,208974.3585638132,156869.22556677015,173491.33526310584,247144.33356196395,148639.34238531868,184474.46475294614
2021-11-26,202513.6072869124,203203.9923108849,203603.51089629147,153128.65761632076,169249.5605998161,241763.43415758637,145324.20639169664,180977.05661521727
2021-11-29,209536.83767862283,210251.16545462716,210664.53945996662,158055.73227569586,174833.36537569537,244429.88340937192,147106.84352640968,184904.69821890918
2021-11-30,206327.9189122054,207031.30722844126,207438.3506829431,155809.99705056945,172286.28514247667,238672.75882800526,144244.50604234604,182189.1194727304
2021-12-01,201993.50974374622,202682.12171375152,203080.61425139025,152773.19006336955,168843.24104051187,231869.1922863018,142642.3411178291,179089.55799349188
2021-12-02,204092.1587637725,204787.92519551204,205190.55794525295,154245.83994497306,170512.04779098526,233670.18957557352,144827.12458570075,180380.27250943123
2021-12-03,198053.54607669596,198728.72639661527,199119.44617897156,150011.61157570005,165712.6594061401,228842.70427346168,143566.93141489202,177243.70762026004
2021-12-06,197840.06257353484,198514.51511118104,198904.81373355535,149861.58902785846,165542.73437609983,230720.2472652745,145267.21625222743,178663.9552480394
2021-12-07,206104.19961643912,206806.82525576928,207213.42735713063,155669.54833693398,172121.02966567414,238671.81573218777,148272.08061311912,184044.2171689328
2021-12-08,206400.49856044634,207104.13430648638,207511.32094602546,155877.181581251,172356.42463015366,240528.44114662174,148664.69423759612,184867.68069092612
2021-12-09,201213.80890570272,201899.76281342283,202296.71715824565,152242.9547739285,168236.14237839752,236128.53674990934,147660.98761129178,182147.48534228723
2021-12-10,203171.22964297858,203863.85655396368,204264.67249591308,153617.03968039431,169793.06014504016,237372.04319087978,149050.94928774177,184127.49954786946
2021-12-13,198007.20463425218,198682.2269725016,199072.85533251945,149994.48056344062,165687.56036096325,234979.4805671848,147730.6433712687,181467.4329756149
2021-12-14,195373.79858025425,196039.84342742997,196425.27660735307,148143.66954040868,163591.29281593012,233567.8462258043,146714.24020756365,179589.19579491054
2021-12-15,201033.03166759966,201718.36929131034,202114.966999029,152124.9641993909,168099.16315668356,238503.37162395025,149006.6247687803,183683.3739203751
2021-12-16,194296.26957521844,194958.64104015613,195341.9484722364,147395.2571763956,162740.34142140023,233342.08945935997,147692.62589848356,178960.02488165195
2021-12-17,192263.37939408878,192918.8205744138,193298.1175233452,145964.44401250838,161120.52928379964,232952.6435341983,146120.72861223447,178067.17114225336
2021-12-20,189659.094773901,190305.65774044063,190679.81696000462,144130.06567106466,159044.36017588404,228108.08158274592,144566.97954218884,176114.91302363324
2021-12-21,195240.0133438746,195905.6021065192,196290.7713550991,148064.99157694733,163496.5149744978,234380.25645112555,147134.33894993662,180056.43267080619
2021-12-22,200148.38410171398,200830.70589138186,201225.55836751423,151070.6465130093,167406.6972388284,236488.983369416,148605.50899872242,182249.2623671651
2021-12-23,203031.7615719194,203723.91302513707,204124.4538246543,152837.97257048063,169700.95500811294,238081.92152598556,149530.11990704734,183623.24514399073
2021-12-27,207389.35201866773,208096.3588449408,208505.49629331732,155501.7680397034,173165.82292802614,239831.90706102602,151646.3090949358,186658.03300828408
2021-12-28,205503.36976773347,206203.9471302339,206609.36391523827,154353.41966966703,171667.7488199826,238168.4174620312,151522.38388207555,185792.92123779727
2021-12-29,205043.21434825615,205742.22300426537,206146.7319952468,154072.75417084547,171302.07465706495,237492.0901659703,151716.23280131887,185765.16515083518
2021-12-30,203063.17303087216,203755.43156825638,204156.03433625968,152864.5456959017,169728.41270582032,237801.90935694397,151296.78331369942,185210.02929354267
2021-12-31,201692.9678490155,202380.55524775377,202778.45487672705,152026.9230934053,168638.90838362928,235751.47721274194,150915.47496643715,184053.47860995372
2022-01-03,207254.03355247993,207960.57906731934,208369.44955959887,155430.8086962534,173062.19439874624,238122.93868529864,151789.27911389712,185825.30804526986
2022-01-04,203188.959370416,203881.64672345467,204282.49764258775,152955.15570117973,169833.0485553136,234375.67764777792,151738.46204740118,183415.06037372458
2022-01-05,194794.39850983562,195458.46813600342,195842.75827620877,147823.59846982348,163158.22097703873,226672.22362127758,148824.7303815052,177780.34883161137
2022-01-06,193971.06637253988,194632.32919384673,195014.9950654648,147316.22289775356,162502.18518394258,226242.68911031383,148684.93449689404,177655.43232223153
2022-01-07,190676.8639837512,191326.89660662535,191703.06367998465,145284.5626640273,159876.8032039433,225261.30953910045,148097.11160988075,175730.9302905735
2022-01-10,191545.3201632001,192198.3134223905,192576.19378498974,145821.91180629857,160569.51938947858,225059.42008645117,147912.80570494998,175846.58535893238
2022-01-11,193331.81832527294,193990.90189904996,194372.3066629381,146926.34892984232,161994.18882018616,229278.84174697366,149260.02992961358,178488.1572852458
2022-01-12,196581.73158773914,197251.89437478816,197639.7105634033,148931.99964016187,164584.71413326004,229286.49564118267,149663.56752295812,179195.9657388802
2022-01-13,188476.01153957078,189118.54128109393,189490.36651556662,143945.18018634524,158128.79752820023,222795.63598674786,147601.44167533284,174713.17415984542
2022-01-14,190168.41079900603,190816.7100644587,191191.87406202554,144994.79765961776,159479.5559452431,221990.45931460266,147661.80175614136,175800.3346260291
2022-01-18,185412.8178932205,186044.90496352117,186410.6871334867,142050.33606546297,155685.60875601857,216567.0169693793,145046.7684993548,171423.93667433236
2022-01-19,182736.0506093925,183359.01236673188,183719.5138136239,140385.0060596844,153547.45318683248,214307.1022366245,143540.65205582394,169541.08289116778
2022-01-20,180242.73819468115,180857.20005132616,181212.7826946758,138829.54060425356,151554.4176030918,213278.00538961458,141951.9462854023,167339.00587183834
2022-01-21,175484.57641082682,176082.81731480986,176429.01306267877,135853.42021572063,147748.40696063748,207010.1544293921,139165.34488360974,162698.92509400152
2022-01-24,175167.38619026367,175764.5457675104,176110.1157629179,135654.01404472848,147494.3543778691,207065.65545479118,139756.35221060424,163443.73695756865
2022-01-25,169731.2467045611,175588.7812217429,175934.005647155,135543.8550840957,147354.04219940837,202619.42007388658,138050.0488847607,159654.87578868726
2022-01-26,172589.67487348057,177813.96968792143,178163.56904779302,137261.56518434186,149221.4195618199,201700.1687937742,137703.71784913648,159405.0710060283
2022-01-27,167509.75558297755,173627.01880386303,173968.38621575298,134029.49386449854,145707.7318822109,198109.8693868204,137023.76262091982,157799.77809248483
2022-01-28,172569.88242677122,177822.95227937732,178172.56929988734,137268.49919838368,149228.95774934668,202994.5438028838,140426.78503577033,162749.80654741527
2022-01-31,179993.59105459758,183942.7028013012,184304.35183970496,141992.57423394613,154364.65019155698,211766.7798189602,142956.01360879187,167954.28462356553
2022-02-01,180528.88081408336,184380.33013931822,184742.83959514304,142330.39591066306,154731.90689659858,214839.74790543542,143921.9604030862,169096.9572636734
2022-02-02,184194.26990068777,187375.20008734905,188456.8387150774,144642.2532822281,157245.2006824161,214191.51880249733,145320.01199987676,170470.94004049906
2022-02-03,178104.3906786492,181142.67707785615,182226.0293258341,140757.0841412913,152275.68398528776,206292.8503769793,141904.2827419945,163559.39202592755
2022-02-04,180603.43211448565,183684.34971203998,184782.90283264653,142097.4001778603,154308.271999632,210309.63779869166,142571.55173844143,165622.68861044644
2022-02-07,178174.95898556986,181214.44921095044,182298.23070344978,140783.76423281519,152334.4113856395,208940.37520899743,142114.01263861978,164290.33996406393
2022-02-08,179330.99592608082,181033.23476173947,182115.93247274632,140686.97341456174,152189.4948347233,210056.35032069558,143283.28953268396,166136.19033729576
2022-02-09,184098.80071325987,185665.26308880222,186775.66337317156,143161.82049988798,155893.8919793938,216631.01824031546,145380.38238631625,169656.73795952668
2022-02-10,179008.24013785867,180531.387882448,181611.08421932487,140440.22579667793,152225.8175359994,212779.20229433937,142768.54387514194,165816.9812191812
2022-02-11,171719.4491109754,173180.57789149455,174216.3115539944,136508.7502084874,146974.85727966906,205647.77950821473,139953.33404167372,160556.99096910673
2022-02-14,173949.63825378087,175429.74329796396,176478.92844764772,137727.6395782325,148591.94357990142,204814.703444035,139495.76402495903,160755.91429835197
2022-02-15,180284.01455468652,175254.31355466598,176302.44951920008,137632.94988866826,148466.06170482107,211845.9688124017,141745.41113438923,164752.9602374995
2022-02-16,180505.38798726394,175294.25662875228,176342.63147911825,137654.51624498196,148494.72775773116,211818.39016315388,141904.2827419945,164711.32610705635
2022-02-17,171569.17593961436,175118.96237212355,176166.2888476391,137559.8768287379,148368.92824048048,204076.79152186375,138873.0256600937,159812.17910553966
2022-02-18,167613.2939670916,175118.96237212355,176166.2888476391,137559.8768287379,148368.92824048048,200259.7376455551,137973.80782657024,157989.45409875945
2022-02-22,165094.62400016686,175118.96237212355,176166.2888476391,137559.8768287379,148368.92824048048,196711.46173652448,136493.13598599588,156402.65583115717
2022-02-23,160180.93086439685,175118.96237212355,176166.2888476391,137559.8768287379,148368.92824048048,192711.6473387683,134071.90012029762,152396.3766870894
2022-02-24,170784.60282078525,178544.18902437825,179612.0006061836,140250.46926951216,151270.93953892487,200554.16772666195,136089.57778138932,157517.57238430294
2022-02-25,174540.95707557732,179722.29620681654,180797.15364377343,141175.89891295016,152269.08672780183,204203.47049476765,139092.2367372455,159960.20686332078
2022-02-28,179201.20638668578,181161.87357786184,182245.34063352496,142306.71926023855,153488.763619259,206322.0970740745,138736.37299293972,160436.70518023742
2022-03-01,175842.86495769938,180143.3479144634,181220.72351732882,141506.644483035,152625.82131411487,203569.56409333786,136623.39916192548,157980.19265773852
2022-03-02,178643.25538848806,181004.01128193858,182086.53421733185,142182.71488236333,153355.0153412973,204024.3471356988,139136.74675756507,160631.0119070225
2022-03-03,175107.9556066942,179929.40573884553,181005.5018269073,141338.58810051755,152444.5595542695,199959.01572166203,138444.0743806857,158336.41930383613
2022-03-04,171610.58340473296,178851.30491852667,179920.9532552022,140491.71569993263,151531.14240583996,196471.415467866,137319.23536752406,156041.81258259944
2022-03-07,163619.6277153734,176352.87010599984,177407.5761606343,138529.13905820093,149414.35225135286,190321.2837370559,133271.1732023089,150286.81525161685
2022-03-08,163993.74136044964,176473.83850565256,177529.26803081206,138624.16245218972,149516.8423047675,190865.08736378409,132260.77822148098,149588.26823900337
2022-03-09,172703.6223745002,179285.6521566966,180357.8981752904,140832.90520776325,151899.1415838761,198316.23271816684,135806.78096092382,154973.1608804073
2022-03-10,170491.70762080094,178596.78777676128,179664.9139336715,140291.7867704906,151315.50364787198,196878.38240807888,135193.52377658506,153252.21289850492
2022-03-11,166331.81944247868,177289.49369801706,178349.80137723987,139264.87791941565,150207.90331304222,190826.62491679878,133474.5548302338,150074.01387889058
2022-03-14,161323.94089635427,175688.1568252777,176738.8874576729,138006.99185161648,148851.17624966783,186188.95760934797,132499.0753272579,147191.89861093916
2022-03-15,168176.0599045567,177926.8254671601,178990.94480918898,139765.5163338671,150747.88042483223,191885.87884779042,135412.77607626084,151808.839904274
2022-03-16,174781.62716713792,180023.39191206533,181100.0500992066,141412.4163498207,152524.18901073246,201475.01256454454,138415.46594901002,157438.9348439271
2022-03-17,177415.89551118403,180837.37321580088,181918.89954605143,142051.81693994536,153213.83182272216,206300.0531247224,140147.17265528603,159344.92811159362
2022-03-18,183305.1117218989,182638.21026049246,183730.5067797017,143466.41487212133,154739.5847088595,211400.36845520142,141682.16547689875,162606.39539209427
2022-03-21,184138.06674517065,182887.18762928838,183980.97319678005,143661.99218551317,154950.52991355918,209918.14531072363,141640.73684025026,161954.09911238408
2022-03-22,189567.30674052602,184504.89512117128,185608.35564255106,144932.73774221345,156321.1269267326,213944.63918513863,143298.11933570314,165136.9288525089
2022-03-23,187830.32018892994,183997.71506933705,185098.14232071032,144534.33642395955,155891.42040211483,211820.77785319343,141452.67968563293,162763.68459089633
2022-03-24,194617.57334187487,185992.34363167384,187104.7000726326,146101.16194437965,157581.36247362444,215637.445251759,143584.98688041646,166381.37851749462
2022-03-25,193814.26871081544,185762.03270689654,186873.01173717488,145920.24754187564,157386.2323483176,214304.42937547213,144286.19231976973,166242.59808268407
2022-03-28,198997.02472800537,187252.26244980615,191739.34161591242,147090.85646454364,158648.82428463653,216875.40035491931,145312.49919487257,168814.76567354184
2022-03-29,200330.2325854139,188375.70807795264,193023.92563000045,147623.499724242,159355.04662762635,221004.91038170306,147110.16193959396,171720.0204259953
2022-03-30,198259.3399862008,186428.3941119299,191028.5612064714,146734.2730368248,158155.18040967497,218974.42883534543,146201.7720944742,169823.27448129933
2022-03-31,195963.64195660726,184269.689775212,188816.59030215835,145744.21972552818,156821.28907653003,215480.3024730094,143951.56848096958,167718.3578843876
2022-04-01,195084.10970678827,183442.64281281002,187969.13574980633,145363.05428591897,156308.6198974066,217132.0218086708,144359.52719001618,167399.14876627302
2022-04-04,200810.11771805852,188826.95650157472,193486.30872095522,147849.2196127417,159650.33104420936,222875.34950290096,145596.1926052357,170845.6613325379
2022-04-05,195094.8871462019,183452.7771183245,187979.5201218355,145397.26113026848,156340.7432048312,217634.78793285525,143757.11152949682,167052.18356119635
2022-04-06,187800.31522826987,176593.50214803207,180950.9908318829,142229.47350017805,152082.9749656509,213970.03243077802,142319.62028284217,163425.24231162746
2022-04-07,188574.81959245657,177321.78866839505,181697.2480036712,142571.26642240246,152539.8149155122,213724.9547543404,143036.76853336339,163813.84164714732
2022-04-08,184077.3801708566,173092.72985561515,177363.83611053517,140589.92399583233,149889.96815275514,210959.6634919415,142654.31626105937,161523.86564642107
2022-04-11,178504.3208636704,172919.63712575953,177186.47227442462,140508.0020787924,149780.7918228738,207542.88415575458,140216.01427041338,157702.63178811746
2022-04-12,177131.5235627989,172919.63712575953,177186.47227442462,140508.0020787924,149780.7918228738,206754.03367971675,139696.48680008407,157036.4574649262
2022-04-13,181094.59616533094,176615.55496346037,180973.58780602887,142257.94934438713,152112.5850589458,209820.24328388268,141296.4978477205,160228.53452802158
2022-04-14,177609.3971660621,176438.9394084969,180792.61421822282,142175.05546697945,152001.789827149,205389.99119648384,139537.12052219044,156564.5757504697
2022-04-18,177313.47948283795,175968.53290310726,180310.60031505744,141954.17963551584,151706.6121533848,204062.28348734236,139594.49197000693,156684.86153933906
2022-04-19,179477.18918390071,175792.56437020414,180130.2897147424,141871.46276508123,151596.1126227107,208160.53885475046,141847.91094038574,160186.90039757843
2022-04-20,177385.89106069645,175792.56437020414,180130.2897147424,141871.46276508123,151596.1126227107,204327.6009561483,141742.72136469642,157850.65954589858
2022-04-21,173650.12433490576,175792.56437020414,180130.2897147424,141871.46276508123,151596.1126227107,199135.2225018959,139623.17254109963,154584.56154488743
2022-04-22,170048.3271612916,175792.56437020414,180130.2897147424,141871.46276508123,151596.1126227107,194393.95848978302,135792.01299169066,150536.63415232615
2022-04-25,173656.9218629963,175792.56437020414,180130.2897147424,141871.46276508123,151596.1126227107,197286.78557327195,136579.28075558413,152470.3835069548
2022-04-26,165292.0674872784,175792.56437020414,180130.2897147424,141871.46276508123,151596.1126227107,188837.8040890222,132623.8662131227,146715.40029402255
2022-04-27,164706.28067765967,175552.92658747584,179884.73880999227,141678.06571844706,151389.45907948897,187799.95551518927,132996.75485985217,146539.60233122896
2022-04-28,166703.06699184186,176191.41167702238,180538.97867827452,142193.34811353686,151940.06176219962,193066.50216341103,136356.18445554268,151744.0804073792
2022-04-29,163718.5219298908,175245.08618253478,179569.30236632584,141429.6264929107,151123.9904638825,186289.3211581063,131317.06067326895,144915.800653694
2022-05-02,164278.1268007066,175424.78729880118,179753.43765242907,141574.65230965422,151278.95714724335,188523.3940308013,132107.4922658816,147335.30976626018
2022-05-03,164135.28665973,175379.02764381265,179706.54886654747,141537.7224815235,151239.4959457069,188278.05170322693,132713.09236638207,147492.59896506224
2022-05-04,167510.9009030303,176461.08371305614,180815.30493901685,142410.98397519012,152172.61558205105,193240.845994279,136754.5898446457,152479.6449479757
2022-05-05,159963.26229574205,174075.81001277154,178371.17401561563,140485.97497286505,150115.655881851,183296.62396201244,131893.9492857837,144800.1455853351
2022-05-06,157161.86578774333,173161.2462073737,177434.04312035203,139747.8862753787,149326.9745281177,178865.0611588828,131106.69182752128,143065.3195599517
2022-05-09,147336.1101444532,169913.43526368242,174106.09163206382,137126.77604232257,146526.19899269607,168629.30401116694,126909.01251134521,137467.61142777116
2022-05-10,150175.10953971074,170895.646901047,175112.5395864101,137919.4591813224,147373.21699104377,169874.1890303016,127202.23863038988,139137.67795625975
2022-05-11,144326.57237218996,168898.99869669732,173066.62358992614,136308.08612698872,145651.39157061753,162931.32771767298,125181.50019688909,135011.0989052723
2022-05-12,144760.62645518614,169051.38498037323,173222.77004313614,136431.06780740217,145782.80309137813,165310.53561731326,125050.78357319518,134691.8897871577
2022-05-13,148549.81800542187,170378.88976232082,174583.03133647703,137502.41599506457,146927.58737251247,172335.9394726527,128040.48835087541,139683.56649058167
2022-05-16,144592.09821227673,169017.1003369272,173187.63941756717,136403.39876159528,145753.23745708808,169508.32754126913,127520.96088054609,138064.39553355714
2022-05-17,148288.12914279432,170313.21355131856,174515.7345485976,137449.41272864575,146870.95097087967,173949.37704596648,130144.0943633042,141640.45532971225
2022-05-18,140702.57655552495,167699.54546102328,171837.5735466817,135340.08053657576,144617.03355637297,167403.04069553854,124897.78617526394,134687.27318469758
2022-05-19,140822.45373368473,167742.40895815464,171881.4947112891,135374.6730522435,144653.99723320315,167814.2355737777,124132.86101939385,133965.57256953177
2022-05-20,143449.50259811978,168681.1814904196,172843.4316897896,136132.2991374722,145463.55517462236,168435.4156078201,124187.02741596711,133549.2171470498
2022-05-23,146032.1437157823,169592.25391772564,173776.9850563367,136867.5701565276,146249.22571075766,170861.3370546561,126510.5968166112,135769.8029303708
2022-05-24,144232.85127507173,168965.3794788943,173134.64233447015,136361.6580098696,145708.63556481016,165816.3341967081,125544.84582930598,132883.04282385856
2022-05-25,145841.98096262946,169530.89670860727,173714.1138427892,136818.05249325218,146196.3138346664,168944.25958900838,126654.03058896784,134742.7853586218
2022-05-26,148161.09115882262,170339.63674737726,174542.80974360538,137470.7372794833,146893.7372236425,172451.18534013836,129184.73286722341,138476.12023552862
2022-05-27,152161.4202527976,171719.3807801892,175956.5993043471,138584.24458212554,148083.57043722595,178185.96234202568,132356.11561392757,142995.9293425464
2022-05-31,151719.96853667084,171569.92276012403,175803.4533703823,138463.6261247716,147954.68412782293,177451.81402144599,131613.4712322948,142616.57732999718
2022-06-01,149449.36729934893,170799.62162706218,175014.14486485405,137841.96303618417,147290.40883415844,175136.82606635513,130548.88924363161,141561.80367128606
2022-06-02,152517.50542269117,171851.55682097323,176092.03682188413,138690.91580747403,148197.55349468064,181164.71652267268,133035.00936215048,145438.56382156425
2022-06-03,150099.85785107443,171034.3198135714,175254.63428761714,138031.37363581714,147492.8026773899,176622.66247664575,130851.69959951287,141654.3333731933
2022-06-06,149793.12253874872,170929.46508634344,175147.19224385836,137946.751777191,147402.38037144754,177163.08575074645,131250.1255998779,142126.20096959948
2022-06-07,153103.63199568866,172062.75532233206,176308.4466989081,138861.36124371254,148379.68219797616,180025.2714271588,132509.10270622777,143352.14187059368
2022-06-08,151786.34922423604,171618.6339773835,175853.36654906961,138502.93797889032,147996.6906325014,180975.61379000827,131068.45793648495,142320.50769638456
2022-06-09,148852.82679500832,170623.5897300863,174833.76933694194,137699.89842266229,147138.60633116437,175278.34972613957,127951.25189198503,138508.5070430012
2022-06-10,144514.85208532988,169131.85961035607,173305.23040467323,136496.01397570028,145852.20102702946,167835.18717494924,124241.21442380238,133623.23808496556
2022-06-13,139219.41866054584,167272.6185227043,171400.1120797423,134995.53382921,144248.8697238756,159352.72389213246,119524.00763729702,127410.25120105785
2022-06-14,139550.47658156313,167391.94869775607,171522.3867566082,135091.8379393825,144351.77504709706,159672.45227547534,119163.84644486132,127641.56133777564
2022-06-15,141936.6082473571,168250.60408719842,172402.22968181662,135784.80636240842,145092.24333475382,164221.92460158753,120862.66788259371,130829.00768036058
2022-06-16,137215.24896868752,166571.6047918979,170681.800660391,134429.78837937137,143644.34497127234,158410.8701840911,116862.59904097859,125550.52278434497
2022-06-17,138428.53950772953,167013.46476085772,171134.56363422456,134786.38662548174,144025.38642122148,161306.32326879635,117114.53049657786,127077.16403946222
2022-06-21,142497.52086285665,168486.22755222383,172643.66721457388,135974.96369792876,145295.43509925486,164791.26327807538,120062.70358129953,130033.30024532937
2022-06-22,141584.11725575716,168162.23048814668,172311.67544217996,135713.485417679,145016.0336604555,164430.83623392027,119845.05896006084,129843.63835710508
2022-06-23,143234.21379205486,168750.18608537657,172914.13899032745,136187.98853968966,145523.06183456592,169473.5250827511,121019.85967234483,131777.38771173373
2022-06-24,147844.83898301976,170379.77688986438,174583.94035411385,137503.13194162754,146928.3523939881,175127.24551496786,124867.50823136512,136292.5519801907
2022-06-27,146518.85940864473,169921.35012516315,174114.20179472447,137133.16364455063,146533.02443629043,173815.80605386058,124390.60485088112,135293.30461345415
2022-06-28,142338.1759864315,168466.81920453865,172623.77996107182,135959.30040360338,145278.69815664273,167991.56514666858,121848.95799249606,131171.35628297713
2022-06-29,142712.66517197344,168599.78915756257,172760.03098083116,136066.6123471255,145393.36585061642,168110.185232607,121749.68384900478,131291.62795379615
2022-06-30,141796.12595227564,168274.95116436243,172427.1775291785,135804.45540424183,145113.2392299159,165613.2441248304,120760.5699962065,129663.20967380106
2022-07-01,142510.8447279215,168529.40649505716,172687.91160858457,136009.8107905937,145332.67080318887,168756.74826180714,122037.79837506993,130519.06000326693
2022-07-05,144647.55803735717,169287.45201764902,173464.66209339962,136621.58312304656,145986.37737392852,173180.36935109567,122268.26320128144,132753.50971201863
2022-07-06,145198.64101529727,169480.93907222134,173662.92348927283,136777.7347302356,146153.23247056513,173255.22928296943,122681.20983573546,133604.72932097403
2022-07-07,147438.66297414782,170265.32869695977,174466.66812352155,137410.76778165088,146829.65708680497,177383.8679734909,124518.62139925118,136463.73334052414
2022-07-08,147744.02023920882,170371.1186316828,174575.06845125346,137496.14438923806,146920.88587635063,176906.7185368478,124416.17312140971,136634.90058280725
2022-07-11,145175.80533689426,169482.6569969876,173664.68380426095,136779.12116259342,146154.71393661734,171540.92934217278,122994.91324359122,133715.7677868728
2022-07-12,141980.51580127137,168363.5734986416,172517.98664164633,135875.9770880109,145189.66340301107,170115.6346672584,121906.54585856367,132420.42255042298
2022-07-13,141583.24124879617,168222.24446570213,172373.1702795909,135761.91904064055,145067.78719015128,168594.6891628832,121266.30853224832,132147.47828326203
2022-07-14,141346.91382681785,168138.00667949946,172286.85390501627,135693.93585835135,144995.1440668769,167725.628414185,120971.8354318518,132619.35999771854
2022-07-15,144859.5044219279,169391.5182666005,173571.29620298397,136705.56864891975,146076.11972937343,172023.57376512352,123283.02776965637,135024.97694875332
2022-07-18,143143.8223736128,168789.64822392724,172954.5748669834,136219.83602618653,145557.09232283768,171206.14734860073,122265.08906693126,133882.30430864546
2022-07-19,147185.31386043673,170219.31926746105,174419.52339988147,137373.63637573874,146789.98049023797,176488.34576309388,125568.5796975153,137999.62191861199
2022-07-20,146570.21798785537,170005.91237657864,174200.85064077194,137201.40868293442,146605.94736471542,179704.35293143356,126368.86347337074,140187.8208944604
2022-07-21,148314.65988618587,170612.9226694981,174822.83906397485,137691.2896883027,147129.4075068337,182010.73994423723,127655.67608907074,142200.22190751522
2022-07-22,145390.1873527478,169603.67758223682,173788.69060261722,136876.78949979247,146259.0769984842,176633.0083090773,126471.28083431916,139706.6918570333
2022-07-25,145244.8070329641,169552.7999322406,173736.5575339254,136835.72924987305,146215.20225334674,175851.2346299011,126624.94809826584,138910.9844220021
2022-07-26,141643.4660095005,168291.58281918985,172444.2195742345,135817.877799023,145127.58166941185,171613.7604711795,125126.82882439648,136181.52763234227
2022-07-27,147354.8944313053,170327.36750381393,174530.23775339886,137460.83552091013,146883.15674411147,178921.1259735657,128375.92633452511,141936.52496332483
2022-07-28,149446.2367838564,171052.58163158488,175273.34672054215,138046.11163593453,147508.55090104305,180861.21083207734,129986.06781744152,143324.38578363156
2022-07-29,150864.84631553965,171539.69357487033,175772.47827244745,138439.2299920597,147928.61575008102,183557.3970499475,131881.10846954887,145938.18750493252
2022-08-01,150800.3113614032,171517.67988541027,175749.92138971278,138421.46408520383,147909.63207031856,183933.65292292778,131490.56627690425,145850.28852353574
2022-08-02,150000.3561799786,171244.7233069558,175470.22953964677,138201.17746958148,147674.24579925105,184695.7752926014,130623.07948125164,145415.42433706226
2022-08-03,149768.7944683741,171165.4160528091,175388.96535923562,138137.17341915998,147605.85455941397,188284.1724601774,132668.58234606247,149375.4668662771
2022-08-04,149938.80528521945,171223.70584335347,175448.69346489117,138184.21555588758,147656.12122276105,188903.02433033034,132578.9336619318,150074.01387889058
2022-08-05,149260.0307173597,170991.16638156422,175210.41603391862,137996.54713138487,147455.58897291918,189103.9808203045,132354.8377156827,148848.07297789637
2022-08-08,148441.0730561546,170709.70886403546,174922.0134819877,137769.3999260347,147212.87184959455,188634.42098122882,132201.21167426003,148366.9439404693
2022-08-09,148469.0866353625,170719.37368897715,174931.91678889393,137777.1998170981,147221.20638806373,185598.1255403534,131676.23252512797,146687.63008901008
2022-08-10,153536.24668626173,172467.33835261635,176723.01291631252,139187.87554494018,148728.57758410322,192330.88394624306,134441.94441286914,150781.82233252501
2022-08-11,152543.92524183326,172132.93580858284,176380.3589061506,138917.9996361134,148440.2028971064,190904.8165489054,134441.94441286914,149925.9720030591
2022-08-12,154446.28209916275,172776.93052083752,178456.51079592985,139437.72851183618,148995.55684667276,194214.6249045917,136717.9327151535,152845.1189170439
2022-08-15,154583.774896405,172809.79796977338,178615.37823205025,139472.2822388311,149031.796621872,194875.56791915567,137281.32095104898,154080.30714100867
2022-08-16,153334.95864466266,171413.74146701567,177172.42092752864,138936.54924344792,148245.70573688138,194326.23764855243,137550.22578091695,153719.46389245096
2022-08-17,151976.5180724632,169895.13551375145,175602.79709881975,138351.29869960187,147407.82638122977,190878.96490635813,136573.88060493642,151966.12910307603
2022-08-18,152223.13513179362,170170.82967523346,175887.75326165312,138458.04570956738,147560.43078678282,190559.53358100782,136970.80198317443,152331.60307214424
2022-08-19,150543.39704606493,168293.04399280052,173946.88298782086,137731.5969966861,146521.63369289614,186162.6716452108,135130.1956740465,149361.5747047457
2022-08-22,148472.44717652837,165977.9211488929,171553.98312174642,136830.7162367633,145235.72677921806,181731.7542210301,132316.45954581228,145429.30238054332
2022-08-23,148487.89882628273,165995.19460772866,171571.83688594023,136837.48701271426,145245.36956136985,181988.39202523907,131996.3357298391,145309.0307097243
2022-08-24,149763.63040482588,167421.3398580917,173045.89377565426,137396.47076941803,146041.474731669,183906.87613746704,132418.88721239177,145730.0168527167
2022-08-25,151753.03888572834,167253.9185182336,172872.8478818786,137331.14245820048,145948.30472763532,188907.02242565574,134288.30806581548,148306.8010460346
2022-08-26,146187.48166513746,167253.9185182336,172872.8478818786,137331.14245820048,145948.30472763532,181537.63351919656,129742.78278625719,142227.97799447732
2022-08-29,144584.43143817186,167253.9185182336,172872.8478818786,137331.14245820048,145948.30472763532,179464.627383698,128884.90083870316,140826.23913068953
2022-08-30,142361.94855324583,167253.9185182336,172872.8478818786,137331.14245820048,145948.30472763532,177609.21120733427,127470.03045210906,139257.94962707878
2022-08-31,141340.45579666857,167253.9185182336,172872.8478818786,137331.14245820048,145948.30472763532,176295.37331766487,126500.08507298396,138448.36414856653
2022-09-01,140524.44122264572,167253.9185182336,172872.8478818786,137331.14245820048,145948.30472763532,175336.6382170695,126897.01675685296,138508.5070430012
2022-09-02,138815.98962150016,167253.9185182336,172872.8478818786,137331.14245820048,145948.30472763532,172918.0526571175,125558.9748494167,136551.63232192094
2022-09-06,139931.50380700728,167253.9185182336,172872.8478818786,137331.14245820048,145948.30472763532,172134.88373315064,125085.22499202087,135570.86548307523
2022-09-07,142667.3809354094,168184.7641094579,173834.9654198046,138095.45392921142,146760.5747013733,175702.05030507623,127332.36783311638,138309.58371375597
2022-09-08,144176.96645302698,168718.64077247417,174386.77777775086,138533.81670548205,147226.44357064215,177018.98981695517,128164.66089887981,139026.63949036098
2022-09-09,147430.6136153589,169860.88479442903,175567.395719625,139471.706100785,148223.18301965788,181160.85448709474,130155.72942071123,142066.0580751648
2022-09-12,148908.33534262644,170371.64802179066,176095.31814135122,139891.0905801481,148668.88275459423,183744.1866299489,131554.5848567203,143754.61924959457
2022-09-13,142550.39386588114,168189.3397616248,173839.6947919354,138099.21096847928,146764.56748481718,174574.97845697176,125834.30008740205,135871.57995524863
2022-09-14,143347.96754546964,168471.64706420747,174131.4862656879,138331.01172227593,147010.9131165919,176168.92663056147,126314.42913039128,136949.47898041137
2022-09-15,141305.16713828364,167751.39838168694,173387.04068238803,137739.62005085286,146382.4131978607,175671.34544005015,124880.34904759996,134668.76442070605
2022-09-16,140763.98557990132,167558.65816198604,173187.82531585873,137581.36226649914,146214.2251603702,172690.9579288892,123927.65529478072,133845.30089871274
2022-09-19,141129.54521830828,167689.20152981693,173322.7543146466,137688.55060626054,146328.139282067,173272.190695644,124888.6966087157,134645.62493620408
2022-09-20,139471.70920305204,167098.25256040943,172711.95229458393,137203.3261175178,145812.46825307305,170887.25915388542,123455.16272436775,133572.3566315518
2022-09-21,137247.6896972808,166298.8866348074,171885.7315083517,136546.97177450662,145114.92942867812,167516.01157980505,121301.64654097163,131180.6036059477
2022-09-22,134723.67192679088,165381.40377005812,170937.42562041077,135793.63235431176,144314.31997262992,164730.00564362278,120282.72880330085,129566.06336943367
2022-09-23,132072.7079457728,164405.1384896042,169928.3625095703,134992.02706162384,143462.41608954594,162343.94329916002,118267.41113170977,127456.51605201147
2022-09-26,130822.15629521145,163077.57875007496,168556.20313095022,134217.49581146505,142547.31438372927,160730.29521168428,117097.41284347509,126929.12216363076
2022-09-27,131552.4769881868,163805.88920569987,169308.98132425937,134649.62657081726,143054.9957774239,161481.123871795,116798.52893300752,126980.01773509485
2022-09-28,133680.12836056904,165925.3282794566,171499.62338417923,135905.5996697377,144531.057001132,165672.0919657677,119096.66403632611,129505.920474999
2022-09-29,130333.779353872,162602.50647021233,168065.17070135346,133943.52524399105,142222.89937938433,160913.14738651802,116608.8847112151,125772.57148004182
2022-09-30,128577.73768786236,160849.8570632829,166253.64068161676,132902.7108289483,141000.40390554938,158988.09813454587,114805.6672313809,123639.89879616798
2022-10-03,129333.73804130542,161606.45801755576,167035.65979862201,133353.386178207,141529.30745262446,161656.97672707736,117836.69758939954,126540.52282811092
2022-10-04,132774.8080560867,165046.23572939532,170590.99754134577,135399.6398585266,143931.61145784098,168302.7967917221,121488.04448899683,130519.06000326693
2022-10-05,132140.54150268785,164415.4937468149,169939.06565375027,135026.60674631636,143492.96743033634,168670.28841335507,121205.1961403763,130449.66978586167
2022-10-06,130690.83056655474,162972.45477243845,168447.54749193328,134172.25161349075,142488.63877459735,167769.82292574507,119954.84484717934,129422.65221411268
2022-10-07,125650.5592597591,157944.24960133882,163250.41874682938,131187.93256940992,138982.82423170828,161158.91321767555,116608.8847112151,124491.1184051234
2022-10-10,123107.70591923229,155387.13205195824,160607.39431399998,129656.75865725921,137188.42975395074,158263.96545337894,115718.50910909571,123246.66874013767
2022-10-11,122163.5786768764,154433.7865346399,159622.02096039284,129083.28404394051,136517.21316649189,156238.7283063272,114985.6859938127,121553.47684519742
2022-10-12,121807.36736202946,154073.5412782117,159249.67319140534,128866.20909077344,136263.26020455407,156252.76882054564,114606.38724459683,121511.84271475427
2022-10-13,123920.51279490223,156211.86710942953,161459.83651323937,130155.55257459772,137771.37538219252,158549.5426474622,117630.96627760505,124361.58529328345
2022-10-14,122160.09298548252,154436.54543508482,159624.8725466586,129089.17871268284,136522.7506198421,154117.3268086079,114950.30676256535,120623.60557781582
2022-10-17,125287.78134134578,157599.8002956355,162894.3975967397,130995.33147402962,138752.72078600983,159911.43919513086,117904.18916686496,124606.77347348229
2022-10-18,125694.3920243667,158008.98153745238,163317.32536548443,131240.51971083594,139040.0048121624,161333.51018418022,119289.50300373074,125592.15691478812
2022-10-19,124645.25860551096,156953.89864733798,162226.79675137822,130608.7533360988,138299.62511980164,159015.02456556578,118444.18362037436,125134.15324381267
2022-10-20,124283.46440955292,156589.44027837066,161850.0943294801,130390.11220633518,138043.52679370795,158274.93710017236,117450.99904332828,124495.73500758353
2022-10-21,126910.18897468178,159237.04802810994,164586.6489993288,131979.46236688233,139904.83004368845,161572.1411583923,120305.21569015832,127414.88192156832
2022-10-24,129139.60082467974,161474.88229311688,166899.66376099625,133316.5932371962,141472.75916765846,161967.79372314172,121777.33385699682,128816.62078535609
2022-10-25,130512.32175466958,162848.03165505323,168318.94435464792,134133.8918639005,142432.14995548766,166495.01953771288,123721.94459424824,131481.30396007077
2022-10-26,126056.64019627076,158400.33530447623,163721.8267417995,131492.85233699004,139329.9444553894,165516.47019790544,122789.81057528815,128576.04920761738
2022-10-27,124339.48325258074,156674.1383490289,161937.6378490252,130459.80516040759,138119.09923676465,163301.68127092093,122134.11480246218,126235.1917534774
2022-10-28,128303.87203933058,160670.40522096277,166068.16011820541,132858.73558630882,140928.54610222363,166016.37860809927,125039.7668536486,130098.07386027453
2022-10-31,127430.0178136491,159794.96780625245,165163.3122057374,132336.8646767621,140316.19838427604,164482.67525877277,124136.5607409254,128585.3106486383
2022-11-01,124894.85839510421,157251.73207815256,162534.6359567941,130818.45795454163,138535.2913689066,163231.53686966407,123593.3509305418,127271.45664819698
2022-11-02,123937.0623385142,156286.98402807713,161537.47700002597,130239.86751077721,137857.51127191194,158880.19782907414,120491.62394381453,122908.95085803159
2022-11-03,121907.7801974108,154239.81344267892,159421.53130300948,129215.45300694495,136417.48115904976,157370.9613233807,119250.97024939522,120507.95050945692
2022-11-04,124058.53140108913,156416.74727827025,161671.5996729656,130296.29144144477,137952.90642266674,158246.5493073855,120967.36278799472,122446.33058459601
2022-11-07,126756.56928398884,159138.16146823717,164484.4403253922,131639.80185289212,139866.95152295378,158524.31451056115,122124.46873183957,123792.55727445957
2022-11-08,127638.7327708399,160024.1802439417,165400.22508182624,132074.16542471692,140487.9544048372,159072.17163402546,122783.37986153972,124694.67245487908
2022-11-09,125320.54217772449,157699.07693863995,162997.00945873,130936.87310980861,138860.13714564918,154223.1775579271,120253.81120269497,121817.17378938779
2022-11-10,131769.7024788626,164191.39884434312,169707.44223751393,134131.57579051977,143419.01966936362,167454.75190459358,126862.24555783505,130805.88231390894
2022-11-11,131661.74624722707,164083.78391099957,169596.21195862698,134079.47422752896,143344.05807669563,171989.98682459383,128090.07904728151,133216.1299854542
2022-11-14,130842.45376944922,163266.94765466626,168506.94517089427,133683.89887043118,142850.0226423203,169644.77504335926,127000.42345837808,132050.33197889465
2022-11-15,131584.1828551609,164159.83364720945,169462.18942669148,134043.20390830314,143285.49497962708,174050.7351359287,128083.62772227108,133877.68770618533
2022-11-16,131291.521624676,163794.71971125662,169085.2823258367,133901.8545373101,143114.12002053668,170509.37347659728,127106.54054085807,132050.33197889465
2022-11-17,131240.8256579815,163731.473192727,169019.9929473967,133877.3407229391,143084.4031658193,169236.95996159277,126717.57510975754,131758.87894774217
2022-11-18,131948.94930693635,164614.9035404462,169931.95805849822,134219.82039249034,143499.5637079459,170216.3986588142,127292.94879451429,131763.50966825266
2022-11-21,131831.4909064303,164468.36653980406,169780.6879188476,134163.17268047977,143430.87072808002,168128.45891386166,126830.09198909294,130408.0356554185
2022-11-22,134036.997282193,167219.87931206176,172621.07443888,135227.34031897425,144721.24417691585,169458.74412315647,128536.84876270079,132286.27283612292
2022-11-23,135932.84480092584,169585.0725027831,175062.66327100628,136134.1805828869,145822.0092251786,172223.06983913443,129346.81983170289,133613.99076199497
2022-11-25,135597.98027574536,169167.30720945384,174631.404176128,135975.1797162603,145628.83399287207,171841.03441348387,129317.90223109697,132735.01506607744
2022-11-28,134251.7732546495,167487.82631864605,172897.6761226005,135335.14158878865,144851.3532657543,168952.33498721026,127254.38512328574,130787.37354991742
2022-11-29,133566.24104079403,166632.5802568136,172014.80564864428,135007.49474225714,144453.59975361577,168314.81280263065,127035.81299525642,129797.37350615146
2022-11-30,139514.20507615592,174053.0525764948,179674.95891473355,137857.96873188764,147912.86312515073,175158.77037396998,131037.52043220168,135714.27663839623
2022-12-01,140510.7819054832,175296.34704372654,180958.41174139743,138324.8557577307,148481.0378753768,177224.78532897084,130941.09064286835,135880.82727821922
2022-12-02,139880.46407546278,174509.98451993507,180146.6497408877,138030.65909508304,148122.85520841446,177764.1154108977,130790.01009230445,135339.55534635743
2022-12-05,137434.78621189264,171458.8421825596,176996.95563328217,136886.45018880125,146730.18625994495,175075.34423697324,128437.21392212427,133068.10222767305
2022-12-06,135921.78565942956,169571.2755038664,175048.42062960006,136171.9695730264,145861.53488054225,171249.84183064956,126585.80731170092,130310.87523300078
2022-12-07,135006.11360166658,168428.91500569598,173869.1619349881,135737.03274454607,145333.1196839265,170133.76071339546,126370.4402349148,129778.86474215995
2022-12-08,136016.43198881028,169689.352960817,175170.311983485,136218.63747781978,145917.9812017203,172908.68226972825,127360.44037197968,131314.76743829815
2022-12-09,135969.77197859844,169631.14156072203,175110.22035759504,136196.4821817896,145891.06300930202,171570.50717039866,126409.02451740534,130477.42587282378
2022-12-12,138059.5618197977,172238.2904234886,177801.58001988137,137188.94377392935,147096.85546575868,176493.06654996172,128231.49291596077,132115.09147578946
2022-12-13,140605.25071136237,175414.20302855302,181080.07446961786,138388.29262442785,148555.42069093898,177625.68761394173,129202.21121741143,133535.33910356875
2022-12-14,140838.985563101,175705.80247117908,181381.09256207774,138497.36351522157,148688.21946561444,175995.9123626254,128376.14275277626,132545.33905980282
2022-12-15,136905.05599507675,170797.9692540397,176314.7365367369,136663.22229195794,146454.83298886492,168948.0104534071,125235.84178918945,128094.93428824062
2022-12-16,135566.8363979322,169128.45319455635,174591.29517816997,136029.86740094234,145685.00227238378,166030.71011268278,123757.29290860255,126873.60998970654
2022-12-19,133829.71315174893,166961.27886607312,172354.12120927242,135203.4508253581,144681.13650404534,162766.14915072834,122707.87050315079,124791.81875924645
2022-12-20,133556.215894262,166794.31758720707,172181.76708806318,135139.34826883307,144603.33364776557,163566.60351344157,122875.76984351827,124694.67245487908
2022-12-21,134917.44264518927,168327.51817799703,173764.48999398385,135728.310060416,145318.12561233807,166524.6392384483,124713.09896198593,126503.51941817821
2022-12-22,132951.51172391506,168159.19065981903,173590.72550398987,135663.95865803256,145239.98021263324,163889.66138442574,122933.92451929126,123408.5886594502
2022-12-23,132821.9881117444,167827.20794047922,173248.0197566628,135536.97526449242,145085.78720488513,163073.59672896596,123641.04539084263,123686.14952907128
2022-12-27,132062.25849432714,167659.38073253873,173074.77173690614,135472.7145776158,145007.76674608246,160643.66591500936,123153.46537663526,121937.44546020681
2022-12-28,130976.51020295286,167659.38073253873,173074.77173690614,135472.7145776158,145007.76674608246,159829.90875540065,121622.9245876176,120327.53594420322
2022-12-29,133977.53576324292,171333.2505406745,176867.30738660274,136880.17214847912,146716.4863331992,165155.44234130424,123812.18069934631,123260.54678361873
2022-12-30,133457.9171444248,171161.9172901338,176690.44007921615,136815.2746261249,146637.58895945805,165067.3967399616,123486.04870049603,123186.525845703
2023-01-03,133335.86600689584,171161.9172901338,176690.44007921615,136815.2746261249,146637.58895945805,165477.85401197348,122966.20175560546,122353.8150007391
2023-01-04,133008.33992241093,170570.31341478816,176079.7274233734,136591.06924693641,146365.0348037313,169048.14661623773,123915.51526145438,122936.7069449937
2023-01-05,130892.15715130948,170399.74310137337,175903.64769595003,136526.30879382842,146286.3264244472,167225.39290582872,122501.21168456566,121012.20491333566
2023-01-06,134304.05695948476,174671.06747264057,180312.93566624663,138148.85674563507,148258.2086911833,172198.3749483204,125310.41333515674,124352.32385226253
2023-01-09,133910.7655739531,174159.5667205871,179784.91346123719,137957.05163645654,148024.74052066874,174206.0038139808,125239.37662062488,125157.29272831466
2023-01-10,134369.75916908903,174756.517423645,180401.14564710428,138181.24492667103,148297.5811674091,176178.67757856913,126117.66371757294,126216.68298948588
2023-01-11,135855.77295346325,176689.17396338013,182396.22691245918,138905.77759866233,149330.8393527748,178699.3915636987,127712.80020174303,128400.25124482381
2023-01-12,137633.63939838915,179001.40366655783,184783.14153860338,139767.6221086452,150579.9508231816,179529.93795483478,128177.74905025883,129094.18165497718
2023-01-13,138060.3821497023,179556.41007213917,185356.07462793496,139973.08609477206,150878.37868322257,182350.79453814667,128675.03696887483,129982.41879191562
2023-01-17,138468.95569971838,180087.78626239026,185904.61424696672,140169.4823889804,151163.78188457427,182150.30545851326,128439.30596521871,130246.11573610599
2023-01-18,137115.18169356236,178327.11606280485,184087.0744733746,139519.74957977762,150219.12921199098,178415.22631993835,126411.50817447805,128552.92384116574
2023-01-19,136738.38907922417,177837.07302425304,183581.2030651179,139337.97209076336,149955.2697133838,176438.39113110048,125491.24624243811,127289.9654121885
2023-01-20,139356.6462080865,181242.28488433998,187096.4031262498,140602.93821443035,151790.59996282938,180629.04108314464,127829.04771950298,130773.49550643636
2023-01-23,141143.12398885595,183565.71418385315,189494.87909522394,141457.51659841402,153034.38539382163,185342.8672479707,129362.79355976384,133678.75025888978
2023-01-24,140742.87770571758,183045.16813996984,188957.5194358359,141267.3294419201,152756.99765498674,184274.86200336524,129223.96640446737,133405.80599172882
2023-01-25,139963.43529349452,182031.4531319599,187911.06147535058,140896.40374940578,152216.2565604704,183973.55888996465,129272.39256456967,133109.73635811624
2023-01-26,142445.15703655727,185259.09193784947,191242.95288004132,142080.87895621365,153941.41975560584,187843.46128866728,130693.15777209983,135705.02931542564
2023-01-27,143603.42581597695,186765.49501085942,192798.01270947544,142628.63209018848,154741.52626619043,191891.9279795052,130993.45355401537,137055.88672579968
2023-01-30,141182.35676298512,183616.73893092482,189547.55193949773,141488.5485731082,153073.97226517164,186482.029263155,129349.89090974297,134284.78168764635
2023-01-31,142971.2022297193,185943.24755837687,191949.20669857477,142338.5140041657,154313.6945398576,190806.43947650003,131251.76419520803,136297.18270070117
2023-02-01,145458.2289476338,189177.78582539404,195288.22041669974,143512.44314466,156029.49589177253,194328.45973471127,132646.68288017245,139211.6988941755
2023-02-02,153510.01925943387,199649.6571944939,206098.33279422598,147278.88521974446,161550.16249969578,201950.39640023574,134577.59743381545,144207.99220005958
2023-02-03,152007.43339307254,197695.447595853,204081.00230706166,146595.39762665262,160539.41976737985,196690.0984209778,133147.15523876963,141645.07193217237
2023-02-06,151877.90420587515,197526.98655373085,203907.09998030565,146536.1718555286,160451.97875887042,195310.5733083075,132333.47414260503,140446.8871181403
2023-02-07,155257.46517686988,201922.32304435226,208444.4056562389,148082.13133326912,162734.1142367841,198296.11254847667,134064.21211956633,143356.77259110415
2023-02-08,152744.07915772227,198653.5028100703,205070.00266473638,146945.5593820471,161050.2155324186,195025.38220230342,132598.2464144391,140807.73036669803
2023-02-09,151173.91200845657,196611.39940469476,202961.93940454605,145906.82244319518,159634.66023013095,194325.7470065987,131448.71510938447,139563.2807017123
2023-02-10,150205.78932045717,195352.29355796412,201662.16449148493,145281.9760213553,158780.11531769845,191221.1269664488,131755.4931332035,138647.30159586208
2023-02-13,153746.48131099777,199957.19130700323,206415.80024574167,147572.0913640911,161908.72758751098,194100.45453384393,133302.15192911623,140867.8732611327
2023-02-14,153433.28840795002,199549.86378511976,205995.31606189153,147371.064035841,161633.03115817238,196820.74077764308,133240.81281336202,141908.76887636274
2023-02-15,152781.4950475856,198702.1645822522,205120.23621013,146952.418273294,161059.08043025385,199972.03871615411,133673.52564808764,142995.9293425464
2023-02-16,149503.48721192102,194438.9044782634,200719.27298260856,144843.98378945462,158170.53899704083,194835.1770133695,131832.96056148375,140312.72328578986
2023-02-17,149736.2657596459,194741.6479570259,201031.79506310727,144994.79590568412,158376.39871837018,193591.7446762743,131503.61320575923,139322.72324202393
2023-02-21,147643.15486767315,192019.42256699334,198221.64190652425,143639.41364919784,156525.81022545017,187574.33493997346,128865.52625240984,136024.23843354022
2023-02-22,146619.12579457654,190687.60686931293,196846.80861736057,142973.19507731096,155618.3259989541,188816.15802122798,128687.9499245267,136126.01545841806
2023-02-23,147841.3493276453,192277.1872144227,198487.73234131388,143770.19591862228,156702.68954588994,189096.0810845105,129372.49115854152,137314.95294947957
2023-02-24,145936.3470947632,189799.6092388321,195930.12870045478,142531.36345534318,155014.85381564515,185719.42397553683,127990.48542922901,135015.72962578273
2023-02-27,146535.0382411794,190578.24559575535,196733.91497922866,142922.37893027323,155546.43161382683,187277.7921234136,128426.41362082884,135982.60430309706
2023-02-28,147228.79784021975,191480.5245922143,197665.33754963803,143374.8719676576,156162.00768580067,187561.03748974222,127951.75686790438,135806.80634030345
2023-03-01,146704.26579697436,190798.33692051264,196961.11524459536,143033.28881497637,155696.9478902601,186008.06514201712,127460.93057992983,134715.02927165967
2023-03-02,148049.89589559968,192548.41544435875,198767.7212317636,143910.62131265458,156890.70838917216,185942.98953971895,128452.22922650159,135829.93170675513
2023-03-03,152818.51676791732,198750.31371159654,205169.94055434386,147010.33569681543,161114.8266396117,190917.82165190074,130512.31455918745,138638.04015484115
2023-03-06,153388.49318825567,199491.60471969147,205935.17523108004,147377.00362111957,161617.13519140976,190123.43522272795,130602.74647127467,138795.3293536432
2023-03-07,151145.12528776604,196573.96042224046,202923.2911445201,145935.61335746737,159641.3065395468,186695.52393183936,128600.76428620674,137092.89013573236
2023-03-08,151188.8580528559,196630.8376970951,202982.00555298012,145963.85033586604,159679.9176436202,186797.1683789225,128810.6487672971,137777.57322291515
2023-03-09,149697.0027419286,194690.58387622196,200979.08161462334,145000.69492158561,158362.84001723863,182317.7366343793,126434.13934016961,135390.45091782152
2023-03-10,147709.74213835684,192106.02359687822,198311.0401460622,143713.46554320527,156605.52688656558,179374.08139644263,124609.74378861584,133489.07425261513
2023-03-13,148342.24516732842,192928.63448259013,199160.22132907042,144124.98945320843,157166.077341153,182077.49096174657,124432.1468494707,134479.08841443143
2023-03-14,153298.71022039093,192735.70584810752,198961.06110774138,144028.61022816383,157034.7022687687,184534.58738836012,126489.00651965135,137569.388452649
2023-03-15,153850.30285601335,192735.70584810752,198961.06110774138,144028.61022816383,157034.7022687687,184415.65513778842,125697.91536665426,138291.07494976447
2023-03-16,156904.7238605668,196369.39087294106,202712.11400731123,145844.4520396352,159509.47253993098,187308.85462958575,127903.31009654007,141936.52496332483
2023-03-17,155136.64445635182,194156.60423989344,200427.85445831442,144745.4467041418,158007.0005660958,185640.83473978593,126407.75692479147,141265.71991962314
2023-03-20,156135.16985655064,195406.27869062853,201717.89334168273,145368.45492233368,158857.110726087,186516.75007898075,127623.24426829144,141547.925627805
2023-03-21,158097.85173805067,197862.61420472062,204253.56839042302,146590.43320944827,160526.31691807642,190681.35608110504,129299.00170383,143569.57396383042
2023-03-22,156604.82211033872,195994.05785195212,202324.65774540004,145664.686393539,159259.12366147235,187359.45966983723,127094.92609471308,141617.31584521028
2023-03-23,158685.08948123505,198597.55395088907,205012.2466597374,146958.6213514704,161027.49107241744,189250.05135333605,127438.50552685841,143296.62969666946
2023-03-24,160039.3012328038,200292.3769633871,206761.8123848458,147797.28856966423,162176.1858270063,188916.90892195806,128274.74564929752,143824.0235850502
2023-03-27,159087.27696537995,199100.89960763577,205531.85036020182,147209.34996071106,161369.76337819803,188484.5650265231,128514.60921098749,142838.64014374436
2023-03-28,158479.82915240104,198340.66655609445,204747.06181280603,146833.46663480878,160854.7128449366,187565.23602514024,128226.13398783709,142079.93611864586
2023-03-29,160536.02159417036,200914.03240113173,207403.54726729952,148107.4359209349,162599.23989648026,190977.8368924662,130089.89704983795,144670.61247349513
2023-03-30,162364.3447111325,203202.21524205004,209765.63831853637,149235.41607632558,164147.1763213498,192460.74791712052,130851.60684883384,146039.96452981036
2023-03-31,164453.64196196396,205817.01241579783,212464.89333192958,150519.5952159436,165912.7959142157,196994.14012265645,132695.92318512427,148468.72096534714
2023-04-03,164785.23372795442,206232.0061234691,212893.29131904867,150722.5491271196,166192.4326850679,197099.5861627471,133201.54835922504,148107.8777167894
2023-04-04,164455.836942544,205819.75947776562,212467.7291238843,150521.07307318234,165914.73870591933,196794.8682032217,132462.5418653378,147608.2540334211
2023-04-05,163019.88050236335,204022.6313573342,210612.55384012352,149642.18530416372,164703.77508823987,194685.5913386375,132115.7058537942,146151.00299570913
2023-04-06,164314.5778901482,205642.9709567336,212285.230340997,150436.926791061,165797.19104949743,195480.48904373677,132631.08015482768,147136.37231896463
2023-04-10,163828.36388721058,205034.46443607842,211657.06908510625,150139.2465826162,165387.09773461166,196259.3902802115,132767.2072348003,147053.1040580783
2023-04-11,162830.60835231713,203785.75348712548,210368.02482458748,149527.77901742462,164545.13895078492,196503.11763619923,132802.86471808483,146109.35474721564
2023-04-12,163809.75101412617,205011.17005423928,211633.02229570533,150129.05790103527,165372.2220361322,194593.48337866986,132261.57175506855,144818.65434932662
2023-04-13,167226.2985840567,209287.04747008995,216047.01037373554,152222.96120644917,168255.35344975046,199282.58977189474,134018.3520615848,147654.51888437473
2023-04-14,166928.96526374252,208914.92889035738,215662.87237939914,152041.96756782592,168005.28318770393,198718.02257868455,133690.98338701364,147376.94389670333
2023-04-17,167859.37734714634,210079.35816682194,216864.91267292362,152608.66502410945,168868.4990036658,200967.12300520358,134170.7311216556,147501.8462880328
2023-04-18,167967.24928560425,210214.36204896183,217004.27717482543,152674.24725864263,168970.57582134282,200445.4392611492,134258.21562327477,147511.0936110034
2023-04-19,166772.67643201337,208719.33030076887,215460.9559635256,151813.69398443648,167840.22118749467,199344.4866649146,134235.5432350592,147441.70339359815
2023-04-20,166184.85306839712,207983.65763895158,214701.52110541752,151397.77318699186,167283.76164812536,196501.79340170315,133502.98806618236,146317.53951748175
2023-04-21,167486.30660219525,209612.45268981624,216382.9261684859,152319.35620044498,168516.03375749534,197897.3170685192,133606.7142422687,146470.19799577337
2023-04-24,166270.03954403207,208090.27021197978,214811.57726010753,151459.585821903,167364.95120467016,197118.57664946333,133746.08759600858,146164.88103919016
2023-04-25,163468.08539622958,204583.5687200168,211191.60945622332,149475.67780153407,164712.01294542587,192927.23614620158,131623.00394097634,143407.6540445179
2023-04-26,164462.2892823563,205827.834709712,212476.06518548564,150182.30566125302,165654.30029099574,192561.44247210264,131065.54144290995,144277.38241746483
2023-04-27,171796.11655900374,215006.26579609787,221950.95921311734,155387.78656925348,172602.6659353183,197217.10051997693,133674.7829350705,148200.40741869665
2023-04-28,173662.4050390457,217341.96304600794,224362.0993867745,156699.86578980525,174366.3814529774,198483.4230073462,134815.7090382342,149222.79426993514
2023-05-01,174584.91184830753,218496.49871423846,225553.92650893168,157346.87451601462,175237.63012248612,199036.5950416816,134679.58195826158,149051.62702765205
2023-05-02,171928.36460865912,215171.77686750473,222121.816285227,155485.87311497686,172729.47836588565,196006.07635203315,133165.9011815715,147751.6651887421
2023-05-03,171054.58010904313,214078.21814140616,220992.9356578892,154871.65094895553,171903.74683357388,195806.31272101143,132251.84323939786,146784.7905114278
2023-05-04,168733.73636670446,211173.63591608504,217994.53554784413,153238.37011284608,169709.87051371107,195322.32142706343,131315.1232146396,146266.658064068
2023-05-05,171489.5003946942,214622.52955198858,221554.82830432942,155183.66467034136,172317.00124706054,199539.1175366187,133746.08759600858,149375.4668662771
2023-05-08,172435.77455409773,215806.81053288502,222777.3615115109,155849.249160764,173211.3835092018,202110.06791308432,133781.73477366206,149745.55743780543
2023-05-09,171716.56235158106,214906.70211905488,221848.1796334588,155343.9923997284,172531.8330513634,204463.67502574562,133195.06611732158,148797.19152448262
2023-05-10,173540.53212648613,217189.43666557528,224204.646410616,156626.55230325647,174255.6466083732,207206.74367340753,133817.3922569466,150416.36248150715
2023-05-11,173506.88439452642,217147.32585803166,224161.1754257452,156602.94762943868,174223.86635651867,207319.4317780591,133584.0212427911,150906.73884190482
2023-05-12,173648.0470496944,217323.99373601074,224343.54966881397,156701.98082289504,174357.19588959625,205101.09675376207,133408.9801001357,150365.46691004306
2023-05-15,174761.86520851735,218717.95937330826,225782.54033805206,157483.24267933064,175409.15744909245,206106.42000880596,133869.26049780528,151179.68310906578
2023-05-16,174463.02725076687,218343.957709819,225396.45843643218,157273.92727955777,175127.02245605367,203996.85212214908,132974.669892604,151350.85035134887
2023-05-17,176247.7399688974,220577.56126693002,227702.20729527134,158524.47247054905,176812.153510244,207696.34025327975,134588.82026598215,153182.82268109967
2023-05-18,179092.82435425246,224138.24111128427,231377.8969500776,160513.52226872827,179496.87545589288,211161.101952145,135885.35109172188,156027.93453911837
2023-05-19,179694.05506006186,224890.69332922273,232154.6533432697,160932.36630519497,180063.68279373163,209731.83544409522,135687.60664395787,155676.35273158157
2023-05-22,180866.98033901938,226358.63270607058,233670.00710076003,161748.86929325285,181169.23274346662,211993.18409729045,135742.7520754768,156199.11589945183
2023-05-23,177994.49531297953,222763.6604134814,229958.91735307124,159752.1478440044,178462.7919280759,209457.56998020108,134219.31186622303,154219.08757581926
2023-05-24,176894.68773973928,221387.22930343685,228538.027575585,158984.9019293437,177425.5658648442,208788.61723642156,133246.93435818024,153428.0108612985
2023-05-25,181794.47228012912,227519.40736622122,234868.2747340161,162407.814605413,182048.24760986332,209314.73965266455,134400.83525078185,157161.35985625567
2023-05-26,188906.51930054504,236420.27603923753,244056.6410939039,167346.35502076498,188747.34130566168,213549.4983277654,136141.41510535497,161176.9004413444
2023-05-30,187978.12677996687,235258.37428592297,242857.20996242174,166707.0933159009,187874.80976781037,215619.03048380927,136193.28334621366,161907.8483794808
2023-05-31,188679.54074655258,236136.20785255675,243763.39751664217,167190.59602898118,188534.2132699746,215422.98469166245,135438.05578912122,160987.22443506977
2023-06-01,188981.18318347077,236513.7193776507,244153.10264825018,167398.35377289858,188817.72655034994,217747.03298961272,136724.84779355925,162846.96696983298
2023-06-02,191015.97342601244,239060.29994355634,246781.93766021336,168799.32756067126,190730.0416340839,221061.29755717542,138702.06554731712,164068.27715031675
2023-06-05,190713.07315544196,238681.21421456308,246390.60747798576,168591.2724291587,190445.55315559136,222388.2290601256,138436.2627123823,164183.93221867565
2023-06-06,190647.00043673482,238598.52288949263,246305.2452265647,168545.87256582544,190383.49081462948,223322.70845457423,138737.70241933962,164156.17613171352
2023-06-07,187252.86530123022,234350.69508227016,241920.21275835138,165883.790748508,187195.30193792938,220231.76249004752,138257.98560159068,161371.20716812948
2023-06-08,189419.38836208603,237062.14189728443,244719.2391923926,167575.29344189813,189232.55694060732,223389.99443045078,139094.26694655386,163374.34674016337
2023-06-09,189514.4887827601,237181.16197023087,244842.10360873071,167649.44186081033,189321.92235416293,222893.1570963886,139343.80749575948,163998.88693291147
2023-06-12,193643.57770718154,242348.79910057873,250176.6552028399,170868.640888066,193201.89199113142,227305.95693628825,140607.9271119819,166769.97785301445
2023-06-13,194025.342795428,242826.58572159937,250669.87431179037,171165.52665376145,193560.16994991104,231477.11634246068,141534.95984359353,168051.44504598322
2023-06-14,196916.8888283798,246445.41324444948,254405.58981268248,173413.65887470118,196273.50390492057,233021.57939140013,141703.4878274524,169272.75522646695
2023-06-15,200740.79423220578,251231.10711286572,259345.86139343097,176381.50495988966,199858.60538976014,237185.77718201934,143460.28874523067,171289.78696003224
2023-06-16,198462.4154155984,248379.67058892403,256402.32358870315,174617.18544398336,197724.92801372177,235655.77244783123,142971.61633413658,170211.8738168192
2023-06-20,198192.55220258405,248041.93139628036,256053.67543422463,174359.02278522408,197472.0317320722,233295.6041402414,142229.87884803244,169735.37549990253
2023-06-21,195791.47871658957,245036.9400468491,252951.6229895489,172246.68898659787,195221.7374325792,229780.09806242114,141501.1161513662,167422.27413272465
2023-06-22,196489.93883391388,245911.0768122272,253853.99433598729,172861.15619113055,195876.81330433514,230526.34954273477,142011.89414097051,169397.6717358468
2023-06-23,195527.8035869517,244706.94536395257,252610.96949215932,172014.72195541783,194974.63071612632,228390.96526961765,140938.28441954512,167718.3578843876
2023-06-26,192538.02743235428,240965.1808849783,248748.34617658806,169384.47958319527,192170.33465351397,225202.90145636137,140362.46759265513,165470.0160141045
2023-06-27,195799.43174690765,245046.89342288984,252961.89785922057,172253.68562990776,195232.22810151163,230124.99596347698,141901.3044146335,168315.12787212324
2023-06-28,195921.52200190924,245199.69181172288,253119.63162963945,172361.0939927201,195346.7363279684,232288.47855759604,141972.88732760868,168643.59843125875
2023-06-29,196483.91971251796,245903.54376176812,253846.21796831256,172855.86089565675,195874.18859311187,233653.3152197167,142532.41095187652,168305.88054915264
2023-06-30,199775.32422803598,250022.8021494447,258098.52823009144,175751.45948671777,198960.55200132204,235948.19092087587,144214.43421106736,170901.18762451241
2023-07-03,198795.14610548603,248796.08968256472,256832.19300169902,174889.15211086554,198042.33412914688,236992.50405156033,144380.35487028147,171303.6650035133
2023-07-05,199713.1456917568,249944.98447133982,258018.19704422963,175696.7581939428,198902.55574077013,236903.2663921949,144165.60613135577,171299.03428300284
2023-07-06,198245.082058026,248107.6735579054,256121.54106492794,174405.23569363117,197527.26602457406,233663.59907098082,143036.70669957736,169994.44172358242
2023-07-07,196982.39645439456,246527.3973447464,254490.22199599928,173294.39360856073,196343.85540291166,232872.55089262512,142675.587083458,169430.044425269
2023-07-10,198858.56247006892,248875.45652747614,256914.12339239058,174944.94237762573,198102.89966101287,234359.32554396638,143036.70669957736,169485.55659919322
2023-07-11,198276.52203037342,248147.0213102676,256162.15974805018,174432.89487049714,197557.4994512315,235795.40986116457,143947.65234118688,170322.91228271794
2023-07-12,202325.38599270646,253214.25530073224,261393.06518504582,177994.8650657298,201352.14326681336,239125.2231146346,145105.80945939443,172474.09373058332
2023-07-13,204618.13033182008,256083.67056256477,264355.1624401485,180011.89677565795,203498.37747514746,243620.24931725988,146257.53586385355,175402.47384948833
2023-07-14,205456.08475814536,257132.38723742412,265437.75261986244,180749.08348267048,204282.26335566636,242898.92063742073,146166.4546970129,175365.47043955568
2023-07-17,207102.55233758164,259192.97424660344,267564.8965034884,182197.5560665677,205822.12052855175,246080.80817194926,146673.93488469493,177003.13604252134
2023-07-18,208865.13459301912,261398.88108833303,269842.0540441946,183748.1800240337,207469.79568867112,247673.66313290258,147763.82750311153,178451.13975726275
2023-07-19,208840.9929791151,261368.6673771051,269810.8644313543,183726.94154578625,207447.23923437943,248504.8035594618,148092.42254777253,178409.50562681956
2023-07-20,206663.2679307545,258643.2010513408,266997.36565695057,181811.0975490908,205412.49156284556,243245.43436338476,147109.9042988188,174296.81873736347
2023-07-21,205833.40315737773,257604.6087384687,265925.22685569373,181081.02767854414,204636.62597239285,242765.22317189988,147109.9042988188,173774.05556949324
2023-07-24,204907.34067980855,256445.6230804451,264728.80600925884,180266.32830244457,203770.61498223993,242691.92195604762,147767.08408250977,174051.63055716464
2023-07-25,207279.6849281326,259414.65921601932,267793.74188816966,182353.38768106909,205989.7174283546,243788.0779227211,148170.4773970202,175231.30660720522
2023-07-26,204180.71908325684,255536.24166222356,263790.0516091602,179627.0861608938,203092.89952811386,243683.49885261236,148193.2631471769,174648.4005449003
2023-07-27,201436.05527218155,252101.24016914665,260244.09971113535,177212.48029072015,200524.9601275053,241255.68234340745,147210.74489822314,174232.04512241835
2023-07-28,204409.41336489565,255822.4571162684,264085.51181043225,179828.27894548618,203309.1192347234,247754.06247890118,148651.9873945644,177405.62753957257
2023-07-31,206176.1178341587,258033.52299080498,266367.9950204899,181382.52940236573,204961.97698484623,250791.7937087145,148935.03155017406,177498.1431234295
2023-08-01,207778.98460148994,260039.54271415644,268438.80909723195,182792.64436431002,206460.79178170976,250012.1795218786,148508.85248550694,177086.418421458
2023-08-02,201378.8219936705,252029.61157975593,260170.15752129504,177162.12956663352,200478.84450641362,243351.21983224066,146442.96508256407,173200.41094820923
2023-08-03,200172.97522492692,250520.4703019273,258612.27104314085,176101.29119561368,199349.66631383705,243160.6813159824,146023.27856543142,172922.8359605378
2023-08-04,198295.32119084467,248170.54883448625,256186.44721031978,174449.4333489239,197590.76591586648,242053.22147130145,145362.8525079732,172113.25048202556
2023-08-07,201525.51489604206,252213.20067239334,260359.67653396694,177291.18199984953,200618.3648787477,242546.41668027782,146631.64057504185,173570.5015197376
2023-08-08,205233.51897478226,256853.84172118452,265150.21009506687,180553.28221737896,204090.49868956383,244125.21101769715,145993.96935084727,172094.74171803403
2023-08-09,197976.18893564973,247771.14845304057,255774.14621321295,174168.6781563768,197302.10575640658,241311.03778623362,145017.984871952,170202.62649384857
2023-08-10,196685.5814936205,246155.9275023152,254106.75369315213,173033.2719572501,196092.2641121317,240436.26763806405,145070.05922543083,170517.20489145268
2023-08-11,195433.92003832114,244589.44823063508,252489.67720633667,171932.1283180035,194918.47407491642,238776.94229518462,144985.44999486266,169430.044425269
2023-08-14,197766.92151241592,247509.24609969597,255503.78442477962,173984.57606469715,197107.1611663427,239994.54505869144,145785.77499324208,171331.4210904754
2023-08-15,196869.6227754717,246386.2588366651,254344.5247199941,173195.18146242123,196265.95700977044,237457.68795081475,144087.5512821081,169513.3268042057
2023-08-16,195162.46313204456,244249.71449909272,252138.9700894362,171693.31530318194,194665.0872293296,234594.7644878919,143030.2038464119,167718.3578843876
2023-08-17,191303.39538000128,239420.0142506823,247153.27072445524,168298.3174860063,191044.4102133284,231375.97887235982,141940.3215336263,165886.37143658646
2023-08-18,190435.869240944,238334.2879876259,246032.4755483892,167535.1151952762,190229.49987062698,230755.5610917537,142008.63756157228,165678.20078437065
2023-08-21,194216.4587917901,243065.77120224203,250916.78547348102,170861.0721614278,193781.7557922818,235138.90744587177,142932.58890951273,168347.5146795958
2023-08-22,193893.68828487475,242661.81747621502,250499.78405895276,170577.11623299247,193478.8299644641,234165.68021790817,142545.4475751005,168106.95721990743
2023-08-23,199408.0570610178,249563.1599659558,257624.0396232481,175428.35781800858,198654.67411153982,236938.99332609057,144133.0815598974,170757.76235114108
2023-08-24,192872.89355522685,241384.27251558396,249180.97444938147,169679.0765763671,192530.7733039606,231804.00882321858,142135.53079616258,167107.69573512056
2023-08-25,193803.1120787493,242548.45954799707,250382.76467438173,170497.43221554524,193404.2062032864,233776.73873059583,143137.55760461272,168403.02685352002
2023-08-28,195675.67017334743,244892.00334555155,252802.00483884494,172144.8069319723,195161.9520170301,234744.82318733988,144045.256972455,169670.61600300774
2023-08-29,201496.3999998596,252176.7627992178,260322.0617190077,177265.56829847454,200622.69037754455,239845.21846655253,146127.39635549605,173376.19479295248
2023-08-30,203143.70361870906,254238.39612839482,262450.2857187237,178714.77638435442,202165.46332531763,240585.65935244906,146729.25551194098,174343.06947026678
2023-08-31,201180.9649680789,251781.9895666043,259914.53732744735,176988.065721903,200328.1565442671,240625.5227401989,146514.55830117033,174865.832638137
2023-09-01,200162.65699503777,250507.55683145707,258598.94046811314,176092.21377842347,199374.37293337384,240267.26731549992,146787.80180169226,174680.78735237286
2023-09-05,201011.87547069366,251570.37068867902,259696.08316859198,176839.30998310412,200170.0215555463,239630.31229277106,146153.41807378893,174902.8501661201
2023-09-06,200967.59939303744,251514.95829454792,259638.88095644175,176800.35829926378,200128.54887900516,238407.02364379272,145170.9101304662,173362.3167494714
2023-09-07,201063.79966719582,251635.354856063,259763.1663218719,176884.99006573285,200218.65927848066,237388.35203385277,144725.18128377863,172122.49780499615
2023-09-08,201067.81372954196,251640.37853513676,259768.35226557017,176888.5214193599,200222.41912728362,237758.75896436354,144943.15568520955,172363.05526468452
2023-09-11,205223.72235168345,256841.5810520141,265137.5534067937,180544.66368145964,204115.12636208898,241031.4582492092,145896.39563647215,174393.96504173087
2023-09-12,202148.54315086285,252992.93295760168,261164.59413946394,177839.28835637448,201238.1674336456,239515.07118383035,145096.06033246173,172460.21568710223
2023-09-13,202582.3622769429,253535.8662450218,261725.06414942132,178220.93881724318,201644.38999188042,239755.26523938996,145265.24787670508,173117.12856927258
2023-09-14,205443.49286959588,257116.62823779954,265421.48460520746,180738.00582431196,204323.17461688298,241744.13483994556,146517.79426930656,174532.7454765414
2023-09-15,200941.71532728156,251482.56387007967,259605.44019341448,176777.5869066925,200111.7903379277,238801.74548728546,144752.49120594742,171544.22246320167
2023-09-18,201595.90604679091,252301.29660128124,260450.6179576834,177353.10830394572,200724.59569723383,236874.68636350945,144837.37868855282,171474.8322457964
2023-09-19,200763.12699813102,251259.05701477645,259374.71407600766,176620.47461258518,199944.65015945828,235470.74992337017,144537.01076722023,171109.35827672822
2023-09-20,197074.96523673894,246643.2490218378,254609.81567742853,173375.83058613943,196489.62351069928,233586.71475207843,143208.22331642834,168643.59843125875
2023-09-21,191075.04991775597,239134.23535106448,246858.26117830002,168097.43157373535,190862.72753377235,227747.75047030044,140841.2362923514,165553.28427499085
2023-09-22,192384.40268099704,240772.91644510176,248549.8716033232,169249.32888643804,192092.9663252534,227229.06561296256,140524.5545571346,165576.4237594928
2023-09-25,193613.79156717556,242311.52115237218,250138.17317846123,170330.8783313334,193247.60603708014,227412.60231447188,141115.46913344998,166362.8697535031
2023-09-26,191893.93895979977,240159.09131729757,247916.2199494944,168817.84559309937,191632.93273101488,224695.51141117845,139042.31626064715,163864.72310056107
2023-09-27,195117.87154729923,244193.9072415477,252081.3602598004,171654.0860533729,194661.31325354925,225769.44773390287,139097.81208362032,164248.70583362077
2023-09-28,199333.6888528122,249470.086670351,257527.96006407763,175362.9327151734,198617.52916335824,227842.09817077924,139904.23801555595,165622.68861044644
2023-09-29,199199.1128749736,249301.6621503998,257354.0954391572,175244.54009281937,198491.3986919549,228442.61468735212,139564.6777795034,165742.96028126546
2023-10-02,202282.97629186898,253161.17871440866,261338.274227198,177957.55531865574,201381.84582786876,228112.15300844488,139509.18195653023,167126.20449911206
2023-10-03,195501.0479740286,244673.46018082433,252576.40273901282,171991.18382307404,195031.02616003947,222859.40732454296,137641.69856173583,164193.19365969655
2023-10-04,200172.7034671776,250520.13019168467,258611.91994735165,176101.05211793352,199414.72820940748,225532.2136071167,138644.0139278542,166427.64336844825
2023-10-05,201203.72803230752,251810.47799542267,259943.9459313283,177008.09142715973,200380.86137939585,225902.17053953506,138591.75407301725,165937.26700805055
2023-10-06,207412.83440711178,259581.29844420098,267965.7635564709,182470.5253473495,206197.40406836412,230891.14664672007,140237.25417591896,168717.6193691745
2023-10-09,210033.50368768955,262861.118309687,271351.5214668066,184776.0475767506,208648.02076803835,231200.13798466363,141135.09105488748,169578.08630110047
2023-10-10,211784.1918138953,265052.1394114928,273613.31245881034,186316.20772653728,210283.8956427247,234014.5256191351,141869.65582181068,170517.20489145268
2023-10-11,217148.010707909,271765.0657215142,280543.06600864045,191035.00371742394,215293.48564438938,236632.8713884028,142450.79035430038,171733.8984694763
2023-10-12,217029.54520750698,271616.8037853467,280390.0152181189,190930.78421646738,215183.00593302376,235120.58487572553,141582.3554405951,171137.11436369034
2023-10-13,213348.08103649912,267009.3779603358,275633.769731142,187692.03236559246,211749.59890711418,234897.194163071,140877.14111078007,168985.93291582496
2023-10-16,214894.26371542623,268944.4564166672,277631.3511408982,189052.279751022,213193.0772186872,237035.5509208688,142359.38971289853,170896.55690400195
2023-10-17,214660.6051169503,268652.0280211033,277329.47732035513,188846.71963060947,212975.03246256744,236986.99012161128,142352.835331578,170336.79032619903
2023-10-18,209767.19232975086,262527.82433450094,271007.4621101241,184541.76133536184,208408.3186075229,231131.86896750887,140455.9911940444,168102.32649939696
2023-10-19,207387.79002050337,259549.95489493062,267933.40761186654,182448.4926588011,206184.69658324687,227440.0062691216,139221.88157531465,166529.4203933261
2023-10-20,202520.2407259093,253458.11988508826,261644.8065853047,178166.2876569864,201632.72851928094,222677.99762534845,137511.10560561402,164045.1517838651
2023-10-23,205614.27204486154,257330.36178128747,265642.12173323485,180888.24804976623,204530.29161272204,223049.63113682676,137272.7569716821,164540.15886477323
2023-10-24,207996.64068282046,257073.03141950618,265376.47961150156,180707.3598017165,204337.9057118622,225928.22902949032,138307.73088246194,166140.82105780623
2023-10-25,197900.3825481318,257073.03141950618,265376.47961150156,180707.3598017165,204337.9057118622,220328.43328707808,136322.7220716627,162074.38490125345
2023-10-26,192396.34837253706,254850.9837666257,263082.6599121176,179145.3897946395,202571.68168877278,216581.51338426454,134690.31012013994,158984.08486303588
2023-10-27,192323.24279199415,254821.93275405018,263052.6705530476,179124.9686257868,202548.59010644804,214956.30936222288,134079.7839280181,159747.40549059448
2023-10-30,194744.88982236775,257261.4035343389,265570.9361377861,180839.77442079852,204487.6357836122,216953.43611683114,135682.82483117058,161547.00513092306
2023-10-31,194435.11289822395,256934.0269490617,265232.98530245974,180609.6477596716,204227.41616646582,218177.64248791433,136534.94593099164,162319.57308145228
2023-11-01,198703.7778215762,261446.64918937566,269891.3650529084,183781.75821531456,207814.3337546814,220070.55942828127,137991.0491472451,165136.9288525089
2023-11-02,209091.52763422427,272380.8847068224,281178.7759214873,191467.88857639307,216505.5557543524,227824.7289789875,140635.5462030809,168134.71330686958
2023-11-03,212555.75203674787,275991.12570800923,284905.6275564246,194005.6776084435,219375.20365644517,231807.07299707094,141918.63848598738,170110.09679194132
2023-11-06,214272.35186537367,277774.24873169744,287149.54370963445,195259.10918013772,220792.54262146662,231040.9357333655,142245.1105706609,170804.0272020947
2023-11-07,216033.40721086672,280001.656762186,289509.55999033246,196680.7702443236,222468.3893694547,234049.86584555826,142649.94667351237,172418.5815566591
2023-11-08,216362.35362120887,280428.00535831705,289950.3859336348,196949.6374708818,222787.02046043187,232954.54297324864,142754.4251606622,172529.60590450754
2023-11-09,215068.87983017915,278751.52944126935,288216.9826006285,195892.5696493258,221534.22138218235,229813.61298408918,141641.10784296654,171201.8879786355
2023-11-10,221920.6899796728,287632.1846068176,297399.19458870764,201495.52861388976,228172.93867454893,230527.79914867214,143851.3977475807,175050.89204195153
2023-11-13,222023.23608818045,287765.0949777059,297536.6181434072,201579.11942395708,228272.11342802588,230671.13410488705,143714.28132703138,174504.9893895793
2023-11-14,224395.3431697509,290839.59128562524,300715.5138813478,203512.65931304265,230566.17106470926,236282.12232941116,146502.43887910602,178261.4637509881
2023-11-15,222329.74003832522,288162.3558224646,297947.36861430586,201830.77467661735,228569.78635650006,236955.27201014032,146812.59714989533,178395.62758333853
2023-11-16,224774.82152125862,291331.43450792757,301224.0584254035,203823.53420467535,230934.23672650184,235630.22322791946,146992.1418533008,178548.3001796805
2023-11-17,226559.08190410183,293644.0206479202,303615.1721194116,205276.1027304065,232658.54335658922,238388.16517925437,147174.99466425955,178589.93431012362
2023-11-20,231290.35475861264,299776.2399882554,309955.6207564441,209124.73700413224,237228.7004331146,243071.75541919062,148307.8823752377,180764.24112444062
2023-11-21,226188.07865320286,293163.1620332409,303117.9851828657,204982.9899441995,232306.1602772179,240583.0206976117,147984.67717559345,179714.09818623998
2023-11-22,226226.2535570251,293212.6406599726,303169.1439353519,205014.04968265514,232343.0397386594,242055.74479028946,148555.99044173336,180449.6627268365
2023-11-24,224773.68938355675,291329.9671402815,301222.5412309467,203832.23962928602,230939.78151631905,243341.14708199355,148647.43230565925,180195.22722366708
2023-11-27,223900.28223989735,290197.9410781556,300052.0754168033,203121.16387160422,230095.6976097768,243396.63803142184,148379.71262335713,180037.93802486503
2023-11-28,224885.51463978097,291474.9042470692,301372.39990856167,203923.6008823565,231048.07295999964,244521.37999864251,148526.64000462517,180509.80562127123
2023-11-29,224330.11804975182,290755.0527788357,300628.1047346096,203471.4525342885,230511.33825077108,244204.43491205855,148422.16151747532,180334.0076584776
2023-11-30,222785.79576291438,288753.4512465913,298558.53562713735,202213.90164050003,229018.6873413259,244371.31321976354,149006.56293499423,179880.63470801263
2023-12-01,221769.5203624905,287436.25313580286,297196.6099518249,201385.75612408022,228036.01113564015,247546.52026812357,149888.05508318552,180394.15055291232
2023-12-04,215399.91698575535,279180.587859631,288660.61038250104,196192.84351553788,221875.31806377892,246135.881727722,149101.23046142535,178719.4674219636
2023-12-05,215781.35802846614,279674.9749328852,289171.78515802854,196504.758889865,222244.89638299306,245986.21549809823,149071.85941305515,179168.2096519181
2023-12-06,210744.3556898803,273146.4985359805,282421.6239235169,192386.6006189229,217365.05584095264,243970.2580275961,148471.12357039,178131.9306391482
2023-12-07,213153.3705173597,276268.8311028159,285649.98027690715,194360.9775719281,219702.21803224078,245562.66567254707,149604.02158699918,180620.82996911966
2023-12-08,216394.64557214014,280469.8590691739,289993.66085405595,197014.38834399864,222844.70675339483,246326.5876882007,150247.1960181515,181425.79884517175
2023-12-11,214190.70303234985,277613.3214136455,287040.12490248034,195212.93328382986,220709.83552852602,246523.3294298725,150831.57682440843,182975.56546674066
2023-12-12,215974.0242633977,279924.69031570235,289429.98002529546,196672.11467215043,222438.32307386392,248259.54383177025,151520.46703470824,184432.83062250298
2023-12-13,218439.53924269736,283120.2529274703,292734.05306669266,198687.79029225715,224826.8565964815,254213.5669181885,153609.9440270263,186778.30467910308
2023-12-14,217834.05826978103,282335.4869149199,291922.63907144696,198193.3519305198,224240.67383774373,256212.58990233002,154102.9551087744,186616.39887784093
2023-12-15,218741.8809922521,283512.1191294465,293139.2257111016,198934.8944866636,225119.7070005985,256224.44245363434,153849.20986211786,187518.49994021008
2023-12-18,222570.52038313978,288474.4320718477,298270.04191091104,202060.93944366876,228826.01613087617,257068.0720165748,154714.64583720008,188323.45469821186
2023-12-19,223567.59066529782,289766.7383614953,299606.2305235604,202873.60570423308,229790.24278901532,260019.85523662236,155655.42628057514,189285.71277306607
2023-12-20,221258.46007269586,286773.8661018003,296511.73050869984,200992.39722635126,227557.76659619572,253323.80438037496,153498.47832205365,186472.97360446956
2023-12-21,223751.78865150275,290005.47801743797,299853.076965626,203025.8354841993,229969.8198717819,256801.588176086,154953.93228355367,188642.66381632644
2023-12-22,223128.1856233017,289197.223945475,299017.37733641587,202517.83428583146,229366.94365910775,255318.96139288912,155265.33753569485,188924.86952450834
2023-12-26,224091.35073947423,290445.58563057595,300308.12913532153,203302.67462377032,230298.25039117425,257596.21770420438,155920.95086347274,190081.42020809726
2023-12-27,224497.87770810132,290972.48666039214,300852.92193070875,203633.78980271696,230691.23044654808,258401.460434596,156202.87170530265,190368.24251873928
2023-12-28,224428.75084928115,290882.89109623234,300760.28400614456,203577.49657412528,230624.41432355746,258351.088956444,156261.88174844923,190275.71281683206
2023-12-29,223839.64784194497,290119.35262231145,299970.8183644885,203022.31708985587,230054.99312400894,256276.7073140705,155809.49546413112,189452.2492948387
2024-01-02,219555.62338799777,284566.81350254425,294229.7339152696,199136.71157047933,225913.44993466986,253479.41937744312,154937.5360246214,186246.29418826225
2024-01-03,219065.03849874396,283930.9647069944,293572.29385884746,198691.7516096063,225438.63180427012,250576.75315787393,153672.23126083318,184275.52730565058
2024-01-04,220793.52183118608,286171.2580163399,295888.65990374115,200259.48411180975,227111.7863881313,249469.66950872555,153177.2002754077,183327.1613923278
2024-01-05,221597.97197925026,287213.90867462766,296966.7154295371,200989.11952098706,227890.1241229738,249730.78512366477,153387.022922712,183544.59348556452
2024-01-08,227322.27540209523,294633.1984173551,304637.93899905385,206181.05649835395,233427.42309974058,253956.49149316867,155576.76339909804,187338.08537495643
2024-01-09,230044.35436365724,298161.29450635903,308285.8372227371,208649.97915529134,236056.63872085154,253911.99296219222,155340.72322651168,187708.1759464847
2024-01-10,236794.6527658179,306910.3799401652,317332.0118188052,214772.4924627743,242572.07069212862,256186.5436383624,156219.24735297295,188980.38169843255
2024-01-11,237674.99406224326,308051.39338201063,318511.7701934933,215570.96106095743,243420.34357340613,256139.70217270617,156150.41604347658,189373.61175446285
2024-01-12,239114.5497622968,309917.2065736852,320440.9400505297,216876.63651489286,244807.15514433075,255481.41644803432,156258.58394652695,189470.75805883022
2024-01-16,240682.8685679786,311949.91007816483,322542.6672473531,218299.09996555888,246317.4719600715,252664.7774090198,155684.9209965174,189452.2492948387
2024-01-17,240230.54655620293,311363.6539323106,321936.50383821287,217888.84439293446,245882.04695446164,250661.3835561059,154819.53654959027,188383.59759264655
2024-01-18,243945.3978082293,316178.48566885386,326914.83087239205,221258.2104373409,249458.52549023266,252081.03405913498,156196.31732398213,191057.54220838216
2024-01-19,247649.7127849029,320979.6613019594,331879.0380883417,224618.02009146422,253021.6355137159,254734.45402311953,158143.47355209233,194846.4033772636
2024-01-22,247952.10021360737,321371.5867088419,332284.27194805397,224892.28516034863,253312.23789305906,256537.42672691046,158477.8500557483,195100.85299848331
2024-01-23,248585.48178864186,322192.51478965115,333133.0759523126,225466.76155988406,253920.8903926254,258123.54620245547,158940.0473007852,195910.4384769956
2024-01-24,250370.759916891,324506.4200330339,335525.55354197207,227086.0068801006,255636.20647554414,256982.49898386706,159113.7796283027,196997.5848251289
2024-01-25,251379.3695298529,325813.68248980725,336877.2061822769,228000.81470184636,256604.88007498308,256428.5219915995,159979.18468649188,197238.15640286764
2024-01-26,252215.32652060068,326897.16927739856,337997.4844933346,228759.02678306313,257407.54598130166,256174.59800001574,159775.9473374011,196063.09695528718
2024-01-29,255907.13961014833,331682.1411707533,342944.9377456838,232107.49723916332,260951.63897768158,260724.597184817,161041.28301808235,198070.86724783154
2024-01-30,256028.807111094,331839.8348454434,343107.9861608279,232217.84953016572,261068.3381612773,258822.1070411238,160916.7291617307,196752.3966449301
2024-01-31,253573.76796191206,328657.849993832,339817.95193410787,229991.13169255917,258713.61748313665,254282.49220400717,158290.9986599588,192898.77597915387
2024-02-01,256923.02602964043,332998.8351219918,344306.3421419041,233028.90511651596,261927.86398858906,257592.26862594706,160362.7293556827,195170.2432158886
2024-02-02,270632.3215772292,350767.5011627051,362678.3716025412,245463.22126459365,275074.34188868117,262517.1128120632,162050.92568784676,198468.7280243723
2024-02-05,272684.30787522194,353427.08780029614,365428.2687499681,247324.37060463056,277036.1678606045,260831.12426618772,161460.88709016694,198209.66180069244
2024-02-06,270454.0558540786,350536.450333713,362439.4750738191,245301.53444762153,274904.8615536371,265994.61976673757,161929.64902215535,197811.80102415165
2024-02-07,278955.06477277545,361554.6378081246,373831.8026924988,253011.94028910156,283032.69877009577,270120.0183915759,163280.21227126525,199847.3274036581
2024-02-08,278917.1974639727,361505.55785637646,373781.05615264166,252977.59468121125,282996.55924789235,272252.52672864613,163352.33107705283,200217.43209323677
2024-02-09,284428.20824322436,368648.39825567894,381166.44309997524,257976.0754628683,288256.15936885803,275056.27632375667,164296.40932235014,202188.18485779813
2024-02-12,282813.17768324236,366555.15148262255,379002.11679124396,256511.24450186713,286716.5793049372,277189.0114464317,164224.28021093152,201397.10814327735
2024-02-13,279668.1541460501,362478.8754457855,374787.4242945273,253658.7115749311,283717.46741330036,270754.53521815804,161962.4209287579,198255.91253359572
2024-02-14,284590.9704849799,368859.3549680609,381384.56318428094,258123.70063908046,288415.0269773265,276287.6918059904,163434.2814548212,200416.35542248198
2024-02-15,283504.784137684,367451.54503383866,379928.9488164243,257138.53080368513,287379.60659234965,279220.1931138054,164561.92359961674,201013.13952826796
2024-02-16,282877.6754444891,366638.7472571821,379088.5511937745,256569.74390115432,286781.67158780975,276848.84363512445,163742.41982193312,199190.4145214878
2024-02-20,278749.633392761,361288.3774759953,373556.50106575486,252825.6142509058,282845.1518462152,272857.6777250522,162840.9347495881,197686.89863282218
2024-02-21,259917.65355642347,336880.1823622659,348319.4867236015,235745.02902561828,264871.09882854036,268987.7590981552,162988.47016308559,196895.80780025106
2024-02-22,274732.41566784354,356081.64749347273,368172.9682550585,249182.0021445149,279071.77687790844,275505.26623794524,166361.5650254915,202660.0665722546
2024-02-23,276296.45377555874,358108.8027703045,370268.95882530755,250600.58300678193,280566.1840627272,275483.80439906206,166476.30792112442,202063.2824664686
2024-02-26,279174.04030005576,361838.45275702735,374125.25503105164,253210.5508541333,283314.7363888697,277484.7547741673,165866.59587385206,201956.87472108033
2024-02-27,280775.48968585895,363914.09692259843,376271.381007661,254663.06370492847,284843.43881097727,278789.9085044839,166174.723935333,202442.63447901784
2024-02-28,279524.5147903229,362292.7039730529,374594.9310722486,253528.43083554378,283649.6947471109,278010.10239220544,165955.10063294094,201364.72133580476
2024-02-29,280463.1106935046,363509.22141502687,375852.7573059182,254379.73629868295,284545.5888465343,276325.87149830285,166551.69361194127,203090.3000382176
2024-03-01,285453.268025643,369976.9818347794,382540.1408553513,258905.80357041597,289307.770449851,278934.36809753184,168115.33608775368,206148.21326896257
2024-03-04,288309.90567833243,373679.4799152802,386368.3631685543,261496.770813827,292031.0726627951,275444.21384836355,167935.0390732847,205412.64872836607
2024-03-05,283105.8847757829,366934.5301718517,379394.37788947654,256776.72951638143,287072.8715823219,271441.4216438405,166256.68461873237,201725.56458436255
2024-03-06,283278.32860660495,367158.03522577824,379625.4724142952,256933.13588334492,287237.3490922542,272929.0420362764,167099.13903666878,202993.15373385022
2024-03-07,295334.1568715973,382783.63652244874,395781.66594648414,267867.7590048234,298735.8232950084,275863.702944004,168757.8303472596,206074.20644909723
2024-03-08,288201.47012093075,373538.93620902486,386223.0470764001,261398.41988122475,291949.37754759815,273108.9908289553,167744.93109809695,203099.5473611882
2024-03-11,283970.8419067506,368055.6041428919,380553.5197167984,257561.24469323005,287918.2009238556,273958.7883115949,167600.70379215272,202345.48817465047
2024-03-12,293544.6918379212,380464.3046162578,393383.5774230181,266244.71616593935,297048.76461583585,277400.42631261755,169403.64301994976,205246.11220659342
2024-03-13,292634.0401234231,379284.005735243,392163.1996093615,265418.75605153723,296181.95956672233,277219.2787719572,169138.09782579014,203668.57538001204
2024-03-14,291608.29807879153,377954.5378736954,390788.5875443163,264488.4091329045,295205.4252265842,273759.2458687091,168803.74193339614,203155.07365316272
2024-03-15,287388.84229695715,372485.68643631,385134.032526327,260661.3673288936,291187.54949727334,273192.5340556703,167644.62639150495,200740.195261107
2024-03-18,290235.9800715419,376175.8716914812,388949.52391256124,263243.71819319803,293901.0317524295,275359.38211411535,168640.9747972702,202387.12230509362
2024-03-19,289790.1238785081,375597.9959159754,388352.02544262237,262839.32711113873,293476.3532593301,278391.06456028315,169578.11735289975,202891.3767089724
2024-03-20,291876.0932696021,378301.62815972103,391147.46383507183,264731.2990796501,295463.42281059583,282282.083991622,171146.6137809165,205296.99366000717
2024-03-21,294262.54567000904,381394.7174856965,394345.58394667704,266895.80881072936,297735.764206285,282636.99542567093,171712.2074218475,206268.49905783194
2024-03-22,295691.55239587533,383246.85811492935,396260.61696758826,268191.9163565526,299095.7860832241,281060.1583264663,171386.6525383336,206504.43991506018
2024-03-25,294413.8930547405,381590.8793618551,394548.40681247815,267033.08072403836,297880.15427523444,279594.5853826271,170913.15001608193,205754.99733098262
2024-03-26,292228.6412960223,378758.5668932268,391619.9186526951,265051.0597560956,295800.4559013268,279331.3986696398,170597.47823270384,205088.8230077914
2024-03-27,288921.94762319804,374472.7496265849,387188.5696192202,262051.89219201336,292652.086895773,281361.5879788918,172031.14609025486,205787.37002040484
2024-03-28,288462.2603360615,373876.94732150383,386572.5358957778,261634.9563226489,292214.1120295392,282031.2675082515,171998.26082171124,205408.03212590594
2024-04-01,288381.30329295015,373772.01861399325,386464.04416650377,261561.52837261563,292136.97153394145,281373.72211671143,171699.02651978945,205842.89631237942
2024-04-02,286368.88302293303,371163.7136440282,383767.17003758904,259736.26537691095,290219.3905716071,275966.0171411046,170607.3407215776,204066.4220385025
2024-04-03,286473.41133099835,371299.1931507152,383907.24996719457,259831.07243861567,290319.0343356781,276549.35605791234,170794.74862144154,204524.42570947795
2024-04-04,282299.72361783806,365889.6618676569,378314.0294140666,256045.5422231036,286340.4666995601,273596.278353703,168710.0328306487,201397.10814327735
2024-04-05,288272.59089850134,373631.1160982702,386318.3570809336,261462.92634911282,292039.10042402043,276538.2027993106,170472.5121511119,203770.3524048899
2024-04-08,287366.4073232617,372456.6083882191,385103.96708669525,260641.01883215757,291175.5863097897,278918.3416348626,170567.8598491895,203830.49529932457
2024-04-09,287272.13716815505,372334.42450955935,384977.6342593908,260555.5159040271,291085.7382329655,280386.03841216315,170765.18176608218,204584.56860391263
2024-04-10,288715.8611054467,374205.64016813715,386912.39003271825,261864.9719446031,292461.76595443545,276950.53191203636,169055.29208064816,202798.8470070651
2024-04-11,292879.29190634866,379601.87743124424,392491.865146226,265641.1991518548,296428.79526502173,279486.86764545675,170331.13950495663,206037.18892111414
2024-04-12,287804.29159728426,373024.15173153515,385690.78227021545,261038.1793923459,291597.27951234375,275748.2587634772,167980.04376389264,202752.5821561115
2024-04-15,282208.65888588835,365771.632549193,378191.9922216814,255962.9466102895,286264.53219015396,271052.0178068621,165875.56177282822,199417.09393769508
2024-04-16,283621.8063610037,367603.2179479058,380085.7720264075,257244.66983293407,287612.8749222981,270849.36501915567,165573.05028024619,199435.6027016866
2024-04-17,281424.2941444066,364755.0146568207,377140.8534459241,255251.52864303265,285516.75750632223,270187.8847429703,164593.11874467522,197002.21554563937
2024-04-18,281654.61007860897,365053.52794690843,377449.50323130016,255460.4249448062,285736.5483552207,269960.7589771681,164254.4447928893,195878.051669523
2024-04-19,272405.3557552248,353065.5369792221,365054.4408936131,247071.36133524968,276910.39934858953,265981.73239236296,162820.77693533825,191825.49355645126
2024-04-22,276910.0290199567,358904.05979651073,371091.2200733248,251157.09508597627,281217.6735878834,268097.98182459985,164320.22563560752,193754.6263086198
2024-04-23,285362.93720063625,369859.9037356783,382419.08718250087,258823.8736104007,289292.3603000351,271961.72631175414,166270.1437728276,196646.00301759213
2024-04-24,282432.317885805,366061.5177634057,378491.7209510929,256165.80507990762,286497.7940506438,272948.7027541427,166191.23355620634,197312.17734078335
2024-04-25,276045.6833517202,357783.778344461,369932.8976762409,250373.13450515963,280403.9047481635,271808.98296917253,165559.8796838191,196359.18070695014
2024-04-26,281623.3124210886,365012.9629432285,377407.5607781655,255432.0380034822,285733.1821806866,275693.7962082926,167128.3761118359,199389.337850733
2024-04-29,280360.9461109009,363376.8055412008,375715.845039718,254287.07313340055,284528.44288842933,277789.21275141527,167720.26972309698,200198.92332924524
2024-04-30,277559.12185386644,359745.35129505093,371961.0789676701,251745.82158022013,281853.80701726355,273128.7444484458,165063.35438189763,196423.94020384492
2024-05-01,276760.024796621,358709.63879654784,370890.19719794975,251021.0414185921,281090.5276277046,272948.007045079,164527.379124481,195003.6925760656
2024-05-02,278595.5197859588,361088.630289709,373349.9711448975,252685.8333771879,282844.0513957231,275242.32332447055,166066.2674746144,197492.59190603707
2024-05-03,282607.52492386784,366288.6042199282,378726.51849074976,256324.71767283263,286675.3853241447,277256.1356190908,168124.72451760113,201461.88175822247
2024-05-06,288384.6845645107,373776.4010919218,386468.5754584663,261564.59518224286,292187.7336860543,282851.8892434531,169860.91417336525,203668.57538001204
2024-05-07,290947.8602372786,377098.54207101127,389903.5250377073,263889.3927291061,294630.5103575566,279808.93554488727,170048.34268449116,203700.96218748466
2024-05-08,290035.2092309818,375915.65190088423,388680.46794358006,263061.6192592175,293761.1839123312,277447.64132322423,170064.75955468544,203580.67639861527
2024-05-09,288993.78331585985,374565.85611978726,387284.83769202733,262117.0470871116,292769.0103027664,277793.66701956396,171044.68078462544,204024.78790805934
2024-05-10,289606.1869548623,375359.5946241313,388105.5288543485,262672.4965214868,293352.5762887727,275882.26334382314,171265.01517555697,204505.91694548642
2024-05-13,291883.9791696806,378311.8491024703,391158.03184624814,264738.4515824426,295522.83635377174,279698.4629323885,171288.01734396478,204977.7845418926
2024-05-14,293417.349819373,380299.2561794012,393212.92450301774,266129.2170936444,296983.1412387756,283877.4941933771,172073.86293077923,206296.2551447941
2024-05-15,300210.5258599715,389103.9154707678,402316.56005569355,272290.6203725462,303450.612078708,286169.95719266677,174204.69642032875,209520.71901536203
2024-05-16,299616.2650247571,388333.69191804435,401520.1823327126,271751.6264414703,302885.60379477276,287026.16591300827,173846.28718516426,209095.1162699095
2024-05-17,298550.52130394644,386952.3777437065,400091.96343056293,270784.99804605875,301872.20208627905,286331.06283328356,174096.1575145621,208993.33924503165
2024-05-20,301618.5706319316,390928.88723802485,404203.5016525502,273567.7154489799,304790.1882658816,284141.66226696846,174296.72570522205,210450.59028274362
2024-05-21,300589.41458838084,389594.9944805045,402824.314437126,272634.2720370414,303811.96105970634,283888.4036026325,174724.2238906581,210862.31498471517
2024-05-22,299078.71057054104,387636.9657046145,400799.7976685064,271264.06513627217,302375.7238525257,284460.61055189895,174221.14420741607,210820.68085427195
2024-05-23,304719.1463462384,394947.5542957318,408358.62896528805,276379.93424891116,307739.7351477694,280518.9521496904,172948.58427939884,209872.31494094917
2024-05-24,310535.19931200455,402485.7609428251,416152.807452488,281655.08796189836,313264.67798855755,283257.3513378353,174092.88032390186,211856.9598670419
2024-05-28,312540.27270689624,405084.54360217304,418839.8359255279,283473.68734985654,315167.2735196884,282325.8205327245,174214.54860357154,212657.28390453325
2024-05-29,311364.7571878493,403560.9538151475,417264.51021514414,282407.49605285935,314052.26265629585,280350.20473174826,172994.6092274765,211158.3987363781
2024-05-30,303874.35581897147,393852.618330477,407226.5127014627,275613.71015968104,306945.80510578334,279126.872976913,171847.01538105123,208896.17882261396
2024-05-31,304912.3665500016,395197.9876794948,408617.566214369,276555.18476353085,307932.0507502986,280225.3722707859,173412.23461840773,208507.57948709407
2024-06-03,309876.9799352902,401632.640500147,415270.71794332395,281058.0837032589,312648.1278144091,281870.6909034995,173553.60726456298,209627.1267607503
2024-06-04,312131.4381578581,404554.6517092929,418291.95070754696,283102.8748586274,314787.68704227085,281958.674291428,173747.6210739024,210200.77138203432
2024-06-05,320353.92466042325,415211.84530331753,429311.0263223686,290560.6611716651,322587.76594932424,283964.40576799674,175812.62219257865,214438.37478087025
2024-06-06,320455.6820444746,415343.7334056718,429447.3928957741,290652.95500830346,322684.1487144055,285482.267184959,175809.36561318042,214364.3538429545
2024-06-07,320837.6392341986,415838.7894588801,429959.259367538,290999.38976387307,323045.92487756594,283938.4726869464,175595.60621483138,214174.67783667988
2024-06-10,324624.7985464476,420747.339925878,435034.48750126956,294434.33914024144,326632.7329068826,285051.2625718246,176138.11524230652,215039.77548911635
2024-06-11,325358.61826203007,421698.44623291,436017.8901412286,295099.91282399284,327327.25008341414,285809.0596115066,176562.3568483443,216515.53529081985
2024-06-12,330436.9354272163,428280.4709214714,442823.4179851207,299705.940968396,332132.93476530776,288115.6412693983,178012.46218735163,219351.399825868
2024-06-13,330770.0213796856,428712.1847926718,443269.79138997203,300008.04956493987,332447.8511653446,287892.25334142864,178370.89203377816,220540.3373169295
2024-06-14,332077.98562917486,430407.44184375013,445022.6136003958,301194.37171636464,333684.39314854675,286859.3902876368,178479.4515508068,221683.00995703743
2024-06-17,331596.4298789847,429783.2957470078,444377.27362660045,300757.6011748001,333229.2395450326,289049.85092457355,179899.91789503777,224398.58870321617
2024-06-18,331916.157251075,430197.69551532756,444805.7450005689,301047.5935534722,333531.46335611766,288403.8378263051,180356.99324146414,224467.97892062142
2024-06-20,328915.50750433607,426308.5428546474,440784.52995295567,298326.00749742106,330695.2472180046,286824.577616711,179867.06354338716,222737.78361574849
2024-06-21,329127.4185970061,426583.20156507543,441068.51513834,298518.2106279464,330895.6542231188,285459.2657658817,179625.8911665593,222140.99950996254
2024-06-24,324721.5500861001,420872.7399357503,435164.145668656,294522.09268145566,326729.1278465066,285497.0629500103,179041.99472495972,219263.50084447121
2024-06-25,335582.14761645277,434949.19848531985,449718.5928388357,304372.6428268414,337008.01423221634,286091.94564695744,179731.4826618579,221770.90893843418
2024-06-26,335089.8054737882,434311.0721074613,449058.7978611618,303926.0890390365,336542.9381612999,287511.63122077205,179955.77441509618,222228.8984913593
2024-06-27,338877.476199494,439220.2854192343,454134.711347621,307361.5022668539,340121.1585640377,288970.2209896031,180239.50904798333,222802.5431126433
2024-06-28,334228.4947768389,433194.7242923413,447904.54267392895,303144.8811738759,335732.1708998266,284965.6213846648,179530.21368828948,221645.99242905434
2024-07-01,336690.6459232791,436385.9270285425,451204.10779322474,305378.0495852589,338058.5463126874,287989.19310671167,179899.6911711556,222945.96838601463
2024-07-02,336020.57462483126,435517.4452685383,450306.13534868316,304770.29564650025,337425.7011154993,289683.48603406776,181110.3967018683,225286.8258401546
2024-07-03,337657.2077922624,437638.6912568746,452499.4116307449,306254.72014895745,338971.5934393832,292135.33835085016,181918.64673049218,227165.06302085903
2024-07-05,343658.67393350514,445417.2125709874,460542.0650531026,311698.04341040115,344638.6851915504,295947.34749656636,182967.63629944166,229533.67656196113
2024-07-08,342460.38752909756,443864.1093595836,458936.2237429027,310611.1989451531,343508.33516086166,295750.9661698185,183178.77806751488,230079.565096283
2024-07-09,342676.58347206714,444144.32167951274,459225.9511194642,310807.2884302389,343712.3163313143,295789.49426529167,183356.90059384136,230278.48842552822
2024-07-10,347272.0046199768,450100.4631464606,465384.34287784155,314975.33041228814,348047.9401005683,299411.0546223577,185171.28937768727,232679.4887741029
2024-07-11,335852.6948725047,435299.85573275713,450081.1572128715,304618.02889376716,337282.6744609772,298532.4845186638,183574.6173544971,227576.78772283054
2024-07-12,337116.6054445526,436938.014657998,451774.9424394479,305764.3944076762,338476.5997348971,300980.90654764656,184732.49622066747,228913.76708972352
2024-07-15,335430.86812884145,434753.1246108571,449515.8609629684,304235.43249614665,336884.55961258145,301575.33082276915,185240.52260679286,229529.04584145066
2024-07-16,333127.6090702937,431767.8624670426,446429.2294776212,302146.3790356322,334708.67193907156,305711.74479569576,186339.0204271004,229616.94482284744
2024-07-17,321986.5093246855,417327.84401249787,431498.87714553426,292041.41368615255,324179.35973810847,300068.3718106292,183726.35746544547,222876.564050559
2024-07-18,320589.69912973646,415517.43341990706,429626.99117127387,290774.5083588464,322856.53994612594,293419.39904788625,182314.4447949504,221821.79039184793
2024-07-19,318868.53980922786,413286.63278811553,427320.4401429538,289213.41872749926,321226.1304321043,289004.4477113528,181103.80109802377,219855.65422974672
2024-07-22,326645.8284529302,423366.8038758622,437742.89953118324,296267.41106685455,328595.71512703144,292623.9152950774,182970.95471262594,223131.01367177884
2024-07-23,326697.256860793,423433.4604156637,437811.81950019905,296314.05657684,328644.37864066544,292630.56400357914,182683.96350034056,222344.5535597182
2024-07-24,311824.918488125,404157.3704903209,417881.179170596,282824.8618516255,314571.7385106106,282778.97880203906,178543.8823558631,214368.98456346497
2024-07-25,306608.335373343,397396.13881955954,410890.3590853514,278093.42664135084,309621.6767213618,282361.2928981727,177613.6136561153,212004.987624823
2024-07-26,309705.36162814155,401410.20541034907,415040.72971497383,280902.4260853693,312563.4411462421,286283.4804517813,179602.8065531034,214179.30855719035
2024-07-29,310667.39672068576,402657.10246786213,416329.96715252387,281774.9908677621,313476.70437894395,286735.07249334065,179708.37743714004,214609.54202315334
2024-07-30,308273.2511879019,399554.04204603145,413121.53736058646,279603.50347398577,311204.3516607477,284958.07313512283,178797.89554892582,211662.6531402568
2024-07-31,318546.97262312955,412869.84843040723,426889.5032070576,288921.75763952325,320959.9342108217,289692.9881152618,181704.14532671066,217926.5355956286
2024-08-01,317939.77002586774,412082.85101450456,426075.7820375967,288371.025544349,320384.45907437097,284716.13854608923,179131.05598812297,212648.03658156263
2024-08-02,311788.2251525012,404109.8121293273,417832.00588953646,282791.58103613136,314553.6826933825,277971.55311368115,175795.9476816092,207600.84770421445
2024-08-05,301125.7215386338,390290.10379967274,403543.027302845,273120.70185750234,304435.32892883715,270913.3126727452,170676.12050291893,201410.98618675838
2024-08-06,308960.197289779,400444.39529794385,414042.12397845805,280226.56284109765,311885.6114270865,275040.98106659856,172249.66669012915,203335.48821841643
2024-08-07,300107.78785121965,388970.75637730036,402178.8793326426,272197.43711037154,303479.9885364814,271273.514694692,171098.3525109103,201133.411199087
2024-08-08,313121.7474107523,405838.1950051994,419619.0787650143,284001.0842736999,315858.7686901856,281261.7274747917,175053.69491395468,207286.26930661037
2024-08-09,317774.2982428127,411868.38245614135,425854.0308569735,287572.8073842061,320273.31865458493,284071.2483429435,175825.58667638557,208368.79905228355
2024-08-12,317464.56575390726,411466.93709097174,425438.95377359353,287332.8484493182,319979.6859956951,283183.8176923529,175918.00757525713,208817.54128223806
2024-08-13,326583.7521968472,423286.346622638,437659.71022349026,294398.7442644948,328625.3598558106,289403.63905960426,178811.04553409087,213998.8798738863
2024-08-14,326754.198628467,423507.2628404532,437888.12800413475,294530.2820138163,328786.68795522134,288954.3741099611,179375.2169979429,214068.28420934192
2024-08-15,333188.7932323327,431847.1634740473,446511.22327690886,299495.64589991356,334876.8639445907,295892.1352913488,182449.71650754946,219476.31633524783
2024-08-16,332265.1455029946,430650.0204126186,445273.4293118036,298784.8783225465,334003.6579086878,296290.77617566264,182858.78822474479,219758.50792537935
2024-08-19,337906.75922909786,437962.13574938837,452833.8391973236,303127.96292132966,339338.05557018745,301061.1509866674,184607.13852509725,222645.25391384124
2024-08-20,336749.99219331925,436462.84593728196,451283.6386062979,302239.58830634126,338245.36499881546,300752.86634903983,184306.9561051228,222178.01703794554
2024-08-21,337988.67533358163,438068.3074997074,452943.616178909,303191.3431494337,339415.6727729695,302639.56313776656,184940.36079808042,223214.28193266512
2024-08-22,335245.5355967226,434512.91446597636,449267.4940991657,301084.73532172525,336824.51845563937,298964.4673030474,183488.83328199413,219675.23966449304
2024-08-23,338991.8897931867,439368.57727929304,454288.03869450965,303965.1544347717,340365.0228128365,303109.3382770624,185438.51438970104,222057.73124907617
2024-08-26,335708.6233762092,435113.1241611186,449888.0848726344,301444.79935187544,337264.19718940475,301160.1706052222,184996.423430759,219901.91908070035
2024-08-27,336546.4849544178,436199.07949119766,451010.91554948065,302088.8776828842,338055.9609544516,299893.43407880503,185250.4366238217,220558.84608092104
2024-08-28,333298.60278194235,431989.48801642255,446658.3806763163,299593.070349414,334987.22580027406,295696.421857481,184175.04402823208,218056.0687074685
2024-08-29,329489.45097476174,427052.4329996113,441553.68007527996,296661.85540533124,331386.0971405095,297167.65593124833,184191.49181531937,217736.85958935393
2024-08-30,333030.5362718233,431642.0460724897,446299.14078654797,299391.3214526177,334736.0967883581,299418.0331026459,185949.7973552247,220332.15254666336
2024-09-03,320055.5039299859,414825.06114797166,428911.10829359596,289405.4789092625,322468.9787626189,292589.2428811991,182123.15167219684,213642.66734583903
2024-09-04,318258.9181844094,412496.5000621127,426503.4771989335,288014.72428519017,320766.325576263,290917.9521858186,181750.37638740847,213087.5173704962
2024-09-05,317921.08156296366,412058.62883219036,426050.7373524157,287752.9891968467,320446.045062834,291494.31777480885,181308.2854284664,213286.45481779176
2024-09-06,309626.1382554768,401307.5237191849,414934.56130307325,281325.59327280446,312581.6628087024,283328.165357323,178256.8499210537,207573.0916172524
2024-09-09,312591.66785583977,405151.15703497326,418908.7113237753,283632.31393002404,315397.73476671224,288826.7104909484,180252.7002556724,210242.4055124775
2024-09-10,312993.2837038351,405671.69274411415,419446.9226538627,283944.2820865739,315778.8950296357,291449.9799033776,181037.8244483164,212185.41630812705
2024-09-11,321856.77659940557,417159.6969722619,431325.0204041303,290828.0167885003,324190.3008558897,295659.58416810527,182895.08465715175,216793.11027849128
2024-09-12,326973.1043408978,423790.98730208504,438181.48678277683,294785.8095993747,329037.72833438154,299300.69846484,184435.63221387728,218921.16635990498
2024-09-13,327908.86603312875,425003.8313133055,439435.5148484878,295508.04857200413,329923.4852128039,302263.0663436758,185398.8789328478,219901.91908070035
2024-09-16,328830.3634474894,426198.18734395027,440670.4271447299,296106.2773379012,330795.5922617293,302255.1802889303,185672.67893744409,218930.41368287557
2024-09-17,326421.7873435079,423076.4234081792,437442.65873117954,294466.6181633967,328516.4901756243,303343.800452688,185748.54899291828,219046.06875123447
2024-09-18,325795.9695290175,422265.2987439389,436603.99103414884,294039.8201787435,327924.0540118282,302188.4681873148,185197.71301558943,218097.70283791173
2024-09-19,334138.97433327074,433078.6965314653,447784.5750052148,299732.2861492741,335822.9367113336,306484.1381937409,188357.95537517496,223612.12859115555
2024-09-20,330970.43423899164,428971.9406025104,443538.36762298766,297583.5499208386,332827.51460423984,305564.0783749326,188032.35926913703,223186.52584570306
2024-09-23,327010.15510111145,423839.00892234297,438231.1390538087,294891.6244814391,329081.4831139795,306562.6837539291,188502.23420927417,223464.10083337442
2024-09-24,330736.55602956895,428668.81023501593,443224.94397997117,297432.0606421551,332608.82365117036,309679.03763143363,189041.61032492315,224541.99985853716
2024-09-25,332958.133462443,431548.2045373196,446202.11271224986,298942.43479028065,334710.31993017124,307415.5022945598,188624.64449437638,224750.18462880334
2024-09-26,332024.8002348964,430338.5080676937,444951.33906793274,298308.9266864382,333827.7851985635,309813.1359119049,189372.48291403672,226438.7458032331
2024-09-27,329234.4914215307,426721.97902847006,441212.00501203764,296413.6810539255,331188.90404428344,310686.3948378793,189097.8378476978,225180.41809476633
2024-09-30,330058.08038775343,427789.43557609705,442315.7087507436,296974.2395585496,331968.1895069949,311508.2080231059,189855.59028438697,225791.0802440334
2024-10-01,326806.7467196533,423575.3706057376,437958.5484773112,294762.6350891905,328892.21136247827,306338.13701119536,188154.7901655012,222645.25391384124
2024-10-02,328633.3977557808,425942.8994201252,440406.4705119294,296008.1660067553,330621.3657320673,306834.37029944983,188234.20535804183,222959.84642949572
2024-10-03,334700.323218461,433806.2627903332,448536.8469378323,300139.3844804806,336362.5763785551,305889.8124804081,187890.07972745315,222793.2957896727
2024-10-04,338277.2269191799,438442.30022181483,453330.3084209082,302564.27207675064,339743.8038613421,313291.51218646736,189597.51667270748,225444.11503895672
2024-10-07,334486.60517013574,433529.2620783432,448250.4402244843,300001.1290553242,336162.79960652505,313499.0496857202,187883.4635123466,223029.23664690094
2024-10-08,345057.45734774903,447230.18066002725,462416.5953676864,307168.6944895374,346155.8142692934,313992.9575195834,189660.3810218507,226360.09414480694
2024-10-09,346752.4004195775,449427.00231995835,464688.01361391507,308309.3596012652,347755.19158770685,316661.8611383468,190974.0398063242,228141.18502114393
2024-10-10,347343.0352688694,450192.52621961065,465479.5320996026,308706.3717616504,348312.36299052095,316400.5880973381,190639.84880402638,227882.11879746403
2024-10-11,349388.31561271235,452843.4212465089,468220.44249882107,310080.5951992972,350241.5696074177,319227.6332447989,191781.42416194352,228238.3313255113
2024-10-14,352395.73732077755,456741.3510700148,472250.73275183496,312098.3948865948,353077.3281393735,320356.58259801276,193349.89997869826,230153.58603419876
2024-10-15,348127.0463100205,451208.685679744,466530.19687632244,309240.3232078722,349054.3329958224,317339.4059523627,191847.62753553304,227077.16403946225
2024-10-16,348793.1596398943,452072.0375027979,467422.8651887157,309687.6490477245,349682.56346591713,318297.69898571266,192681.43552905452,227104.92012642435
2024-10-17,348113.9108828981,451191.66080658184,466512.59389641497,309231.7147255603,349042.01724376035,317484.7023639445,192698.02759497592,227262.2093252264
2024-10-18,350850.14258631796,454738.1003139445,470179.4584185093,311069.23876341834,351622.6416830919,320811.24723144463,193439.2291882677,228751.84717041097
2024-10-21,353418.9834544235,458067.5839725801,473622.0000097017,312791.0681637296,354044.272756214,321475.84722570115,193121.56841810522,229191.3420773949
2024-10-22,352124.67063484766,456390.02058769116,471887.4722821475,311925.06150625896,352824.6583198576,318825.50909420033,193019.00677832268,229441.14686005388
2024-10-23,346499.1276224616,449098.73455933377,464348.5989974574,308157.71320737264,347522.6240657094,314036.05548914836,191255.28047650764,225925.22995833342
2024-10-24,348808.6998009217,452092.17916000827,467443.6907880491,309710.52901898127,349701.47781589784,316239.8097393937,191668.92789387013,227757.2164061346
2024-10-25,352626.44680504233,457040.37444171874,472559.90993946267,312273.20273699524,353301.72987979534,317389.00049326353,191602.74513154262,229145.0772264413
2024-10-28,353260.400320712,457862.04381679115,473409.4804098145,312697.6216798438,353899.18309300026,320136.4244273861,192195.050968044,229182.08063637398
2024-10-29,356181.77538664563,461648.448285646,477324.4582867299,314903.01574077527,356652.0646444303,319643.9994801483,192506.0955230999,231384.15765570343
2024-10-30,354650.0644267603,459663.1923384948,475271.7898047856,313546.597502787,355209.39972376835,317818.12046969845,191923.72431488938,229635.45358683896
2024-10-31,342619.0080135286,444069.6979257716,459148.7933970412,303164.3471685057,343874.8630080952,311355.67390754056,188161.40638060778,223838.82212541322
2024-11-01,344938.21632437914,447075.6319514333,462256.79871098266,305167.3986665468,346064.35993219446,315102.399776451,188955.55830601396,225494.99649237047
2024-11-04,343208.63256415015,444833.9123737738,459938.95796655765,303673.83374500397,344432.1622219,315272.0579784468,188548.56832628205,224838.0836102001
2024-11-05,363691.69285822444,471382.0786594744,487388.60961790936,321363.9096572332,363767.6860486146,323499.7530165724,190828.42124019406,227706.32083467045
2024-11-06,376474.3292086989,487949.69846481236,504518.80940099247,332388.68729338556,375793.8404075147,325708.22213856725,195573.5047585736,233891.55163161605
2024-11-07,383342.34225209284,496851.354257972,513722.73512651725,338307.4054704473,382242.3745590398,330325.76237067557,197085.71183002964,237574.00505510913
2024-11-08,387405.25112662796,502117.3046997627,519167.4993217112,341807.2397294957,386053.07424124633,330478.8876056878,197939.4096913948,237851.5941608309
2024-11-11,389598.92796676425,504960.5369459656,522107.2780575479,343696.4229869366,388109.29512644396,333316.8765664379,198128.04396134854,237712.81372602034
2024-11-12,390758.8460863758,506463.91088887956,523661.70146256225,344695.20399522106,389196.16919573076,329368.6240844807,197512.57106634323,237282.55202395667
2024-11-13,390040.25468403194,505532.5420520451,522698.70651010866,344076.4840405671,388522.9486540746,332003.1049530338,197608.5164910192,236977.2350673735
2024-11-14,386540.29135748197,500996.2273093705,518008.3539589278,341062.82068107056,385243.60944068816,327749.6593193648,196337.8940216313,235330.3080233869
2024-11-15,389645.80278588255,505021.29156342504,522170.09569502715,343737.4181263219,388154.92585562554,324659.39737446734,193823.0727207577,229723.35256823577
2024-11-18,382187.18168345856,495354.1465935656,512174.6873858405,337314.9636060448,381166.019059303,323616.600750894,194617.2246461639,231319.38404075828
2024-11-19,389952.3529299997,505418.6122803533,522580.9080711505,344004.50294299057,388450.6021402354,326604.4667577235,195328.64296584518,232910.79891082068
2024-11-20,388465.6558450792,503491.69897441764,520588.5633479378,342724.35325127305,387057.5661163463,327438.9025079338,195394.78450564868,232776.64919652062
2024-11-21,384545.37810557877,498410.61324698373,515334.94124358025,339348.4121819111,383383.4288916788,330575.12253573124,196443.7328520741,233613.99076199497
2024-11-22,386043.07148021186,500351.7788825824,517342.0222570608,340638.4629985264,384787.9370096237,333739.7120391285,197052.6307544969,233988.71205403376
2024-11-25,387464.8076009928,502194.49605506455,519247.3118327046,341862.9737517192,386120.90673955495,338884.31973308494,197721.0539816166,234358.8026255621
2024-11-26,392090.76205553336,508190.21184782375,525446.6217262995,345846.8591754759,390457.09381708986,339460.49856200936,198753.41026212063,235617.13033402886
2024-11-27,391553.6249344881,507494.0265413802,524726.7963364398,345384.4056689849,389953.9554010651,340190.18249662465,198151.21101985246,233762.01851977615
2024-11-29,395088.732543694,512075.89191206376,529464.2462599172,348428.0913292391,393265.57407565473,343559.5775374677,199382.13619860105,235816.05366327407
2024-12-02,396991.07423339714,514541.52364801447,532013.602457404,350065.63438232103,395046.7032425991,346368.97030595684,199739.49425940283,238383.5905336214
2024-12-03,407441.0386290189,528085.7591514796,546017.7540983495,359059.9729371097,404828.0378072889,345046.19967515994,199832.16249341855,239114.53847175778
2024-12-04,409955.2147569312,531344.3916486296,549387.0386637668,361222.6098220643,407177.76322824653,349524.6464182413,201073.022300458,242070.6887956753
2024-12-05,410927.70570968057,532604.8405832255,550690.2881540192,362059.0016184424,408086.3131819533,351183.7237167797,200742.1084888204,241399.88375197357
2024-12-06,420315.7555311186,544772.7248827255,563271.3523887693,370132.74600560067,416855.8689698181,355217.01869231835,201122.67483065015,243560.31252280952
2024-12-09,413285.52734032547,535660.8214680981,553850.0397481669,364089.9637527118,410297.50860918296,354847.66255206877,200086.97952569983,241663.58069616393
2024-12-10,406021.37100044923,526245.7229590071,544115.2365396713,357843.5697189711,403514.0767162284,352156.4542598716,199464.86980432595,240840.10305612028
2024-12-11,413377.40606359707,535779.9058035691,553973.1677823458,364171.6764977182,410390.60432324896,355763.3269270774,201006.86014939248,245151.72739287192
2024-12-12,411252.6521092996,533026.0047514297,551125.7536238681,362344.61250088667,408406.45239490306,352195.1376163234,199971.16484444216,243569.57396383042
2024-12-13,408899.2187988068,529975.711583697,547971.8828823753,360320.65831902635,406208.0793868093,353280.7794539717,199931.40572001683,245433.94721910413
2024-12-16,409972.6623059274,531367.005478076,549410.420381891,361243.9475259129,407211.1397599012,356340.9348110073,200785.144803906,248968.3446487154
2024-12-17,405515.6013184304,525590.193100298,543437.4471181732,357410.584568876,403046.96514412353,355601.9352616945,199957.91180296705,247871.93685956116
2024-12-18,392050.90978209727,508138.55917645275,525393.2151060177,345827.0277085984,390458.8675796392,341505.63749817037,193998.4539492363,238929.4790679433
2024-12-19,395125.52008509426,512123.5723734947,529513.5457875292,348474.26107435446,393339.17276509566,341608.9427593069,193938.88740201536,237865.4580862616
2024-12-20,404559.59134321415,524351.1052184852,542156.2840293503,356595.4658525387,402172.95879343274,344523.4426016199,196268.28978980944,239942.61859621122
2024-12-23,408764.1360294737,529800.6303325995,547790.8564679109,360212.8778217661,406104.51908980147,346505.1877512186,197443.58517238178,241890.26011237124
2024-12-24,413851.86521279113,536394.8539708711,554608.9974963238,364589.06732452527,410859.0166316701,350856.58504459995,199638.16929534115,245170.25027491376
2024-12-26,413157.5397920925,535494.9363579531,553678.5217443011,363992.0217624035,410210.64116263844,352092.24216033804,199651.44294807827,245003.68551704046
2024-12-27,404661.76940575737,524483.5385637082,542293.2143602167,356686.27470155945,402276.32303793135,346834.5400167825,197549.83622806484,241746.84895705024
2024-12-30,399522.0526302793,517821.93362490565,535405.403991651,352264.2710845439,397470.28628950845,341474.5058211018,195295.47944526438,238531.63240945287
2024-12-31,394865.92166252685,511787.10594753694,529165.6541069694,348257.09237115155,393113.114303507,339099.3470944716,194584.98863237372,236505.36747096732
2025-01-02,400072.91957590356,518535.91420513956,536143.6289222295,352739.6244167959,397989.19501134777,340638.9721021442,194106.84857616888,236042.74719753175
2025-01-03,412798.1264986937,535029.0995278384,553196.8666809942,363690.92323987855,409896.4754680953,346543.3563778973,196533.8659008621,239905.62930432888
2025-01-06,414319.3858660347,537000.8091292368,555235.5288293913,364999.1520049887,411317.3487100332,350325.70447868406,197666.04252330077,242662.82806290046
2025-01-07,397436.07527282275,515118.2910559297,532609.9549233614,350481.38256266643,395551.5859453966,343721.7791430265,195431.616830868,238332.70908020763
2025-01-08,397092.9878404346,514673.61423152906,532150.178387541,350186.0657574874,395230.4002032589,341901.87417415896,195717.12403228835,238374.35732870112
2025-01-10,391776.95337953087,507783.48332226183,525026.0820843824,345610.1279371767,390253.47039925883,337990.38554936775,192729.00632178324,234636.37761323355
2025-01-13,387704.0379464729,502504.56334487436,519567.907952307,342103.1046249646,386437.2900957577,337639.7240771036,193027.8696209888,233882.30430864546
2025-01-14,387259.2077642226,501928.0173855435,518971.7844545741,341719.98303880764,386020.2396839019,335924.3119405345,193293.44573204144,233660.24149489825
2025-01-15,397926.9109258154,515754.464867241,533267.731031974,350908.0728118627,396022.42391667905,341976.30179548677,196809.4384739916,239035.90093138194
2025-01-16,399105.42225660925,517281.93753637857,534847.0714739303,351922.473406688,397125.6533328473,341540.94164663396,196430.95386962531,237361.2178004332
2025-01-17,405341.93681104045,525365.1059231908,543204.7167466558,357290.158105841,402962.7630701458,342008.75336426904,198403.1218641897,241367.49694450098
2025-01-21,411896.9185876163,533861.0407935587,551989.1446477941,362929.86699969147,409092.33957317006,345930.0154861998,200219.18016025875,242783.11385176983
2025-01-22,422347.6035068012,547406.210170141,565994.2618730093,370915.91875341145,418855.5615199688,348857.9900575731,201344.74056759087,245887.30605151877
2025-01-23,425401.93825769215,551364.9441529876,570087.4209876573,373253.33762058156,421704.7848332222,350440.42788877885,202443.6712244007,246410.06921938903
2025-01-24,424527.5584986541,550231.6574806583,568915.6517572786,372584.810847248,420889.47108869307,352153.9182048477,201852.6638974062,245017.57767857183
2025-01-27,410730.50475219294,532349.2477305993,550426.0162380735,362033.1678801677,408022.86120184424,348386.619300691,198997.38577058242,237883.98096830345
2025-01-28,429449.31818329514,556610.767469604,575511.3746090122,376410.6948491679,425514.1357850973,353055.3922818608,200707.25484475444,241399.88375197357
2025-01-29,423225.8461850135,548544.5035855601,567171.2078584317,371657.3726856794,419713.836297466,350229.53004288836,199807.53203531163,240946.5249195589
2025-01-30,426470.2030008761,552749.5258332653,571519.018349127,374140.01215811365,422740.22927281976,354138.10402912804,200879.87416412315,241973.52837325758
2025-01-31,426704.1286577163,553052.7176975242,571832.5055771285,374318.8410948212,422958.34066361113,352639.4359031699,199810.80922597187,241621.9324476704
2025-02-03,427245.05421012343,553753.8132031427,572557.4078998145,374732.3328110444,423462.68116934533,349971.2483953865,198466.17171469107,239688.1830930418
2025-02-04,453265.57638123876,587479.1032487603,607427.8940053512,394619.5768847888,447721.50330195756,355861.2378644557,199797.55618449676,242630.4412554279
2025-02-05,454588.4467935748,589193.6802297835,609200.692184782,395623.1699823774,448950.60586013854,355824.512263135,200607.66122670192,243731.4797650926
2025-02-06,468141.4805092413,606759.8147620982,627363.3128563473,405901.3049577013,461540.7960395354,358974.35497582966,201304.87838685545,245003.68551704046
2025-02-07,467582.19838207803,606034.9272355578,626613.8106166893,405478.7446133578,461022.13990959706,356110.63172898814,199462.23156278813,241913.3854788229
2025-02-10,476914.82013943576,618130.971026805,639120.5948840483,412531.00376222574,469677.4589743555,356385.71724215645,200816.8243136218,244841.77971577828
2025-02-11,473540.5797789272,613757.6062613544,634598.7255366888,409987.6529692997,466551.7357541911,354574.01737867534,200969.5331538848,244258.87365347333
2025-02-12,477611.3337296402,619033.7247338936,640054.0030343466,413058.81622369913,470324.2689044979,359449.1469772911,200322.13341401954,244402.28480879433
2025-02-13,488324.89208940865,632919.6052987707,654411.40084014,421132.7556202911,480247.93420955125,365630.864520136,202437.03439803212,247918.21582856512
2025-02-14,489586.8896543212,634555.284768754,656102.6224175974,422081.1372865638,481415.3639781125,366754.02148652665,202427.03793595525,248959.11144379515
2025-02-18,493930.50914098887,640185.0652194431,661923.5710504317,425344.25252118416,485432.8793142126,370685.30333738815,203021.363676134,249523.49462405822
2025-02-19,478392.36723845336,620046.025003921,641100.6775759999,413684.5284439951,471068.79243811965,369726.42412360077,203499.46250981482,249592.89895951384
2025-02-20,470757.65629824327,610150.6493777216,630869.2886742078,407931.55844398594,463997.34537642077,367890.83317102655,202652.85492258254,248533.48046224195
2025-02-21,455338.7838139219,590166.1946734508,610206.22990883,396288.7700874597,449702.2741246949,360137.2852781903,199186.6589896586,243375.28135509568
2025-02-24,437941.6803707378,567617.7478853113,586892.1146154191,383095.0112447843,433540.72487257887,355125.0425267287,198280.2581313232,240502.3992920645
2025-02-25,428293.2198958524,555112.3444245612,573962.0702175094,375740.34935944865,424556.36282070895,351510.697128452,197294.174134041,237472.24214828163
2025-02-26,435361.553092544,564273.6358709764,583434.447939358,381143.88627423916,431146.99041077547,354142.2887977324,197393.76775209352,238045.88676956564
2025-02-27,424241.94639055606,549861.4746256487,568532.8987524961,372661.01680462726,420788.88525897707,347120.85877876804,194242.9859617725,231435.03910911718
2025-02-28,432918.5562654592,561107.2591152701,580160.551806355,379302.4973116647,428883.87546588224,350724.71977507946,197274.2430436733,235089.75056369847
2025-03-03,419966.09074290877,544319.5231243765,562802.7614412595,369413.63297040656,416814.0339998236,341388.85512934503,193818.02296156422,229945.40126393264
2025-03-04,416333.1867056599,539610.9034603131,557934.2530800299,366629.00556600315,413422.4885814499,339774.01820606354,191523.82460929034,229251.4708537793
2025-03-05,426298.1473448617,552526.5238940686,571288.4440231017,374275.73724684666,422730.2288856231,346738.20185986505,193582.27134664607,232240.0079851693
2025-03-06,396651.34080830903,514101.1939642389,531558.3206763077,351594.297321417,395077.15700132237,335897.87618969695,190145.9823549047,225851.22313846808
2025-03-07,401366.35876044753,520212.3452685999,537876.9858785731,355236.21999042213,399494.6101040001,338383.07244820555,191211.7288798717,227512.0282259357
2025-03-10,378083.4180906424,490035.2442081246,506675.173179221,337279.43524258793,377696.27167197346,322446.2956318202,186118.72725869287,218694.48694369767
2025-03-11,382004.31719037425,489545.2089639165,506168.49800604174,336985.5320284526,377341.00186375063,321562.87370453915,184571.52226433676,218171.7237758274
2025-03-12,395016.9815920368,502494.3382845124,522904.5451031116,345438.2962889545,387322.178967778,323844.07870692783,185550.9694352504,220632.86701883675
2025-03-13,385324.74645234656,492630.87719807954,522381.64055800845,339008.3346217515,379719.4321324535,318761.25670873915,183077.45310345318,216663.57716665132
2025-03-14,402881.0493381348,510587.21552435553,545660.1966668394,350726.1395592951,393560.1613843679,326683.308685827,186859.08379024206,221900.4420502741
2025-03-17,403374.3123704859,511087.32104904676,545114.5364701726,351051.90093391755,393945.6422679904,329950.04629908636,188299.9758951291,223339.1843239946
2025-03-18,392653.3967273115,500220.3443730897,545114.5364701726,343973.6705362388,385569.3865288848,324613.1321270684,186264.7580500633,219531.82850917205
2025-03-19,399024.6993483501,506713.71530585556,545114.5364701726,348207.8942548966,390574.4709386138,328151.6067194497,188293.3390687605,222469.470069098
2025-03-20,401757.86088882835,509490.34630833456,545114.5364701726,350017.2912295073,392714.6955901814,326362.353917965,187748.87197139405,221715.39676450996
2025-03-21,406439.00440735405,514239.4704242311,545114.5364701726,353111.19497242436,396375.3161397327,327930.9000827856,187810.78820248463,222446.33058459603
2025-03-24,421577.1748575421,529562.1036775974,564872.6819025466,363088.6372449882,408185.98791661084,334880.3103031352,191174.2163830059,226989.26505806544
2025-03-25,422996.83376485435,530988.7417449262,564307.8092206441,364016.2128229085,409285.63924148475,334679.0781551547,191633.76508087394,228284.59617646493
2025-03-26,409300.9105336025,517234.7266543259,564307.8092206441,355074.8308429413,398684.0569179228,327379.716963334,189345.97683108647,224084.01030561206
2025-03-27,402881.7361276529,510745.1834673747,564307.8092206441,350850.22613623133,393681.92293118674,324206.685152168,188843.12387172662,222807.17383315376
2025-03-28,389727.46141298773,497404.33060648816,564307.8092206441,342159.8051878426,383398.80567854736,315112.0780326275,185040.16052875307,216941.15215432277
2025-03-31,385825.82722269045,493420.6447031955,564307.8092206441,339561.1763430458,380328.1842071609,313964.44026782317,186282.2982340374,216931.90483135215
2025-04-01,390849.92414157395,498560.7736750925,564307.8092206441,342915.5733913216,384290.190944127,313732.8689564134,186808.46253073527,218680.60890021664
2025-04-02,396017.7312998101,503834.33936028,564307.8092206441,346355.21505757555,388355.0505783465,317839.9143829593,187990.64207482032,220276.64037273914
2025-04-03,367457.43736960687,474765.62715483486,564307.8092206441,327405.63903544896,365948.9136462614,299724.3638135564,178726.2920246886,208484.45412064245
2025-04-04,337925.755108355,444240.9976901213,550532.8930221674,310713.0196299928,342681.0168570137,282113.111442313,168263.14975328837,195535.7171849568
2025-04-07,345176.2986438103,451866.31454222923,559707.4247001645,314931.8588495923,347611.5793144684,282975.3242587287,167963.4413923402,196007.584781363
2025-04-08,344040.4816247388,450676.80656634853,558234.0321846923,314276.0636212522,346838.40304659854,277966.8962366464,165332.66113137486,192477.78983616145
2025-04-09,396917.145245287,506089.55518209893,626871.4274167301,344842.8691411538,382871.2478706546,308803.3121931012,182695.79436473668,215581.0474209781
2025-04-10,377586.7226294614,486371.7372942785,602447.8120342044,338310.3903233303,373849.2286499323,295709.5419074924,174690.23591959671,206411.91021315297
2025-04-11,380767.4174597205,489649.395067037,606507.7061488999,339404.3220183296,375360.28747368115,302378.4141245324,177807.19462895245,210214.64942551538
2025-04-14,384176.02429566544,493156.0444255911,610851.2423201924,340570.6053837876,376972.5844854383,303285.16222330416,179532.17175818083,211639.52777380514
2025-04-15,390067.3089945741,499206.0266732347,618345.0958656613,342575.33817875135,379746.3459719463,303142.70408587484,179029.33941008302,211875.45451298307
2025-04-16,374814.9737744174,483590.1419535058,599002.369179454,337433.4519453912,372621.59014851664,294962.5325767277,175049.86121922004,205486.6696662818
2025-04-17,372026.32695216563,480711.78925793275,595437.0771389308,336469.7687229095,371291.3679495529,293250.8617800913,175299.62849230782,205449.6662563491
2025-04-21,358439.3633611577,466666.73253966327,578040.0677302649,331752.78510833904,364784.9316302628,285963.03732927586,171127.03308200304,200365.4598510179
2025-04-22,369317.5929936092,477996.9789295438,592074.3580148214,335617.58207186474,370096.94316184707,294803.46836057416,175579.36454036421,205625.46421914265
2025-04-23,385085.6953124767,494323.53453341086,612297.3622467743,341117.9750378648,377678.7815831939,301616.3836830731,178300.03051497342,210288.67036343113
2025-04-24,403412.2261208453,513143.7308589629,635609.1322962804,347349.5390523002,386303.10541158635,310748.15231444215,182053.07338134863,216205.5876137262
2025-04-25,413031.4203678218,522932.28738579847,647733.7974657065,350528.7983229692,390722.85263695655,313764.26920766087,183368.46351183133,218615.83528527146
2025-04-28,413961.1918900398,523874.02213019464,648900.2839055524,350831.689368348,391144.8809191362,315435.10400916886,183438.39752384543,218546.4450678662
2025-04-29,418040.36161521927,528003.8219138404,654015.6897834464,352158.71876183135,392994.2746947697,317106.1678410877,184593.92670614616,219989.81806209715
2025-04-30,420038.5793951518,530022.893222159,656516.6268214504,352804.8676928118,393895.6183821,316517.34840067296,184667.19974260655,219962.06197513503
2025-05-01,425764.3411411679,535802.9047837527,663676.079256302,354650.93801691313,396471.96822331694,316884.61056439945,185975.91182419666,222834.9299201159
2025-05-02,442064.77273557166,552213.5202413109,684003.2048239596,359862.8912709121,403755.1625680699,324280.3546501184,188736.60486963738,226142.66205157017
2025-05-05,441203.4495144159,551352.7697678873,682937.0301274073,359593.74591321277,403377.69648901495,322037.3043604387,187654.286890011,224801.0660822171
2025-05-06,428675.60699270945,538828.3696415315,667423.592822972,355674.3503479088,397881.9225332329,316330.89160872373,186085.81107325625,222710.0275287864
2025-05-07,437142.5994359318,547342.5107020958,677969.694209994,358370.9875920068,401652.7286442405,320062.23097213416,186868.40008067247,223584.37250419348
2025-05-08,446796.85506281303,557012.9194347984,689948.0147738146,361409.0597718827,405908.9673714059,323494.65319907595,188170.43411337,225892.8572689112
2025-05-09,444386.0004911486,554608.4671597586,686969.7228601092,360660.4947638241,404858.04860907875,322519.13722942345,187930.7045248831,225744.81539307974
2025-05-12,466325.7377413259,576513.682954604,714102.7742194588,367495.5056119736,414448.81747058016,336556.16177418694,194141.33121751857,234941.708687867
2025-05-13,485997.8034226171,595969.9799064778,738202.4548344368,373446.3993135076,422837.8345464041,337802.48470255634,195423.43415984837,238522.39920453262
2025-05-14,492261.1226479848,602114.4525054938,747568.4327076203,375293.8297653717,425452.54542987124,337540.4418655301,195673.16021041214,239951.88003723216
2025-05-15,489137.85458053235,598173.7709028156,742825.3065359831,374379.81180822797,424157.32274169597,336190.8815473868,196628.90443000945,240215.57698142252
2025-05-16,488341.3469157911,597199.7101366951,741615.6965156605,374145.79842931294,423825.91301701387,339552.14047775255,197874.36054847806,241261.103317163
2025-05-19,486567.95899057994,595031.0083431959,738922.5550693051,373624.2547293017,423087.41837213386,338492.35156830103,198090.7994108889,241492.4134538808
2025-05-20,485522.4871727222,593752.4857062659,737334.8576210246,373316.0967156444,422651.22553668934,339811.6074447246,197424.78770142485,240687.458695879
2025-05-21,476898.155660188,583205.6657166485,724237.5852683051,370770.6594968558,419048.9426137433,330319.69218541175,194098.00634476478,237342.69491839135
2025-05-22,492086.64464288775,601779.8890036371,747303.4630750183,375303.43142817885,425452.67641885276,333927.66929146915,194174.63901693348,237786.82054588574
2025-05-23,487763.31099558965,596492.8216330427,740737.8668699042,374037.73576922104,423659.1489669915,330784.2858895315,192849.23181311192,235584.7435265563
2025-05-27,499702.3402477486,611093.2335247112,758868.9785410351,377552.08475693426,428634.8705283658,338176.2368436537,196858.6993902055,241126.92536676227
2025-05-28,500243.7492000295,611755.3303784992,759691.1849337182,377709.1067562187,428857.70436722785,340713.34925680055,195719.8034963502,240058.27366457012
2025-05-29,502853.4495693047,614946.7707795996,763654.385611442,378465.4797485875,429931.20371947536,339737.2850585639,196492.35481916554,240530.15537902663
2025-05-30,508580.1136148595,621949.9912311443,772351.1383473674,380119.9391945447,432280.5056345996,341076.57251967373,196272.61815483242,240150.80336647737
2025-06-02,519258.70571989624,635008.9962694697,788568.0971852784,383183.62945050455,436635.6230475417,342775.5658321017,197378.1856380108,242047.56342922364
2025-06-03,525466.9096389674,642601.0988107647,797996.1366143198,384942.19562177197,439140.46856039297,345734.9524119933,198503.7460453429,243939.66453535875
2025-06-04,528988.3505779167,646907.5199673715,803343.9448455322,385932.4348718822,440552.54462410527,346806.1512950766,198450.44532177426,244619.7310200814
2025-06-05,519598.12325302395,635424.0748895361,789083.5509182664,383302.70670405566,436800.16036159097,343016.25110951124,197491.38268899266,242778.48313125936
2025-06-06,523115.67129621934,639725.73536751,794425.4472343518,384298.76310535235,438219.0050116743,349170.4043205934,199519.42781487748,245151.72739287192
2025-06-09,526481.2652592629,643841.5689987631,799536.5796970343,385247.8425266921,439571.80874026235,353980.434205581,199699.24046468915,245512.58475948
2025-06-10,529061.5056447301,646996.9823587333,803455.0412050172,385972.59055576625,440605.4900709988,358488.20280479843,200831.47892091385,247136.38643701497
2025-06-11,533859.643544927,652864.694731013,810741.6951066505,387316.26051493187,442522.81650601624,358870.525146984,200258.71256080194,246303.64735595038
2025-06-12,537081.528897702,656804.785020158,815634.5856330877,388213.5205025167,443804.2564341912,358352.6771186208,201054.5958322173,246881.92269774486
2025-06-13,531098.5592694725,649488.1247572058,806548.5964656855,386553.4871293321,441432.07644195243,354765.66444873577,198806.81404199937,243782.38945460704
2025-06-16,541653.2238211299,662395.5769945581,822577.3537118259,389502.30865435646,445641.4046856164,357952.002233106,200698.26833451624,247173.3757288973
2025-06-17,536451.0250341129,656033.7327081766,814677.075963049,388066.33911297814,443587.73430521355,351402.66723673366,198983.28766736473,244763.1421754024
2025-06-18,539971.902183139,660339.464397916,820024.0279991856,389044.0182479587,444984.6812594212,352858.62280362204,198953.2982811341,244721.4939269089
2025-06-20,533406.1533916751,652310.1150506678,810053.0058977783,387228.1621709122,442388.4835936133,350000.13147243886,198486.08219379678,243722.24656017235
2025-06-23,541749.804148132,662513.6864760813,822724.0246560983,389553.2245641005,445708.81552859116,352558.1705666911,200446.60482532316,245952.07966646392
2025-06-24,554432.4090187179,678023.427767347,841984.3615170573,393053.8535421048,450715.38811291923,356946.60101179086,202660.97575981615,249713.1847483832
2025-06-25,559173.6292938543,683821.5347510957,849184.5779207807,394344.0717409824,452564.7568158876,356211.9390817551,202774.54381351426,250351.57474851166
2025-06-26,566922.0194122454,693297.1533157615,860951.6088527662,396441.6090476947,455573.77713960374,359661.88178811694,204361.0132620074,252692.43220265166
2025-06-27,558237.0180966186,682676.1393447213,847762.2007868572,394110.32402234024,452225.0105736366,361762.6877303685,205376.3446400877,253557.5580911888
2025-06-30,566691.4206444519,693015.1507408128,860601.4118709359,396401.4643132649,455511.2443993405,367205.28531120624,206358.28577370505,255199.85441466497
2025-07-01,549943.3034629538,672533.6355275396,835167.0171236396,391904.4508890067,449051.75709486887,365376.44126166124,206291.50528477912,253048.65884874927
2025-07-02,555157.6738690333,678910.3646632625,843085.7792047504,393330.8259495359,451094.7175210454,368633.0839777436,207226.70007614832,254811.2409610948
2025-07-03,563324.0699588931,688897.1687881376,855487.6115755992,395551.79065962054,454278.6322514166,374445.3958309402,208859.9364781516,257318.63493700742
2025-07-07,565732.2122136296,691842.1208500088,859144.7176282293,396200.8684745701,455210.4387460488,372015.82929094695,207303.47702715112,255380.283097969
2025-07-08,566618.5697448152,692926.0603198993,860490.777432511,396439.1459748686,455552.64649369905,372267.3527101016,207189.95019597703,255523.69425328998
2025-07-09,577470.0393429925,706196.4797499095,876970.2752982907,401247.18589061656,462458.8618936699,378604.00597645505,208432.39707019154,257332.5270985388
2025-07-10,575462.2852871211,703741.1682188158,873921.215594497,400150.3055938566,460878.5953163876,377554.6879252445,209020.20965157382,256962.4365270105
2025-07-11,574185.5383491529,702179.815885887,871982.2940273279,399479.88332761277,459913.38528150856,374561.6141726637,208285.4593832925,256384.161185216
2025-07-14,580442.4607408844,709831.4969534215,881484.3193767982,402767.1940063846,464644.1559843793,375822.0464845508,208682.88573744983,257314.03245259763
2025-07-15,585840.609063407,716432.9707664537,889682.1743267968,405595.82988733635,468723.1535760722,373421.50480952684,207791.13948640652,257549.9450737252
2025-07-16,586995.4597439107,717845.2543996207,891435.9791135559,406199.6077157925,469595.3415614981,377337.5412898112,208485.8214613323,257813.64201791555
2025-07-17,594172.1100693974,726621.6840859485,902334.7419633516,409949.8891656111,475014.8282649772,380577.2916095062,209761.6998025338,259900.0639688861
2025-07-18,592166.1538240945,724168.5711234526,899288.4124902572,408680.3043677278,473501.04502988525,384634.2561937291,209608.06345548015,259650.25918622714
2025-07-21,593340.1225386783,725604.234477553,901071.2507271837,409393.50195412675,474387.1419259574,385251.4532598006,210005.5104208995,260996.47175804037
2025-07-22,581685.081704637,711351.1161379318,883371.4158050622,402314.6269837393,465591.03859405225,386232.9980177384,210035.56164091616,259645.62846571667
2025-07-23,592591.5028585239,724688.7366217715,899934.3654131929,409809.7344849686,473831.40042848606,390265.04271270597,211822.43438997312,260829.93523626772
2025-07-24,598260.3786346581,731621.28696118,908543.3584540862,413730.0749985255,478110.1088221196,388734.15902449813,211892.57451460735,261385.08521161054
2025-07-25,602292.9529971422,736552.7805887215,914667.3953874173,416518.8227628941,481152.16619401815,391668.5902622739,212787.680401359,262014.24200681876
2025-07-28,606017.1452784617,741107.1493001648,920323.110329665,419094.30729585903,483960.53467488766,390909.40362393344,212734.25601021823,262833.088926352
2025-07-29,602293.8333719235,736553.8572118,914668.732361566,416519.43159065093,481153.7972425761,380987.57611003914,212173.13501314432,262425.9808268406
2025-07-30,608472.4116688356,744109.7301504249,924051.781075504,420792.25953222305,485812.99759852764,378564.1949466979,211905.95122365456,262777.57675242773
2025-07-31,620446.5643853559,758753.095035667,942236.2327160046,429073.04709291,494837.43967300485,374776.61700234684,211111.03668155384,261385.08521161054
2025-08-01,606227.965177096,741364.9640093851,920643.2702893987,419240.10089274094,484133.0401349035,365309.4063590187,207650.818014614,256236.11930938455
2025-08-04,626485.8300558212,766138.6005445058,951407.7154195111,433249.5326634235,499404.1203044878,373520.700792641,210807.1030118928,260964.0849505678
2025-08-05,629103.9549379488,769340.3434044603,955383.709916571,435060.11053640617,501374.17624260375,372662.83363311837,209738.30602014772,259192.26963330203
2025-08-06,639184.4863080892,781667.9713030454,970692.428583401,442031.35441070603,508957.6869177134,372688.71878800116,211344.83022658064,262453.7369138027
2025-08-07,640476.6368275096,783248.160898959,972654.7426768424,442924.9478198654,509928.9030550204,372433.8517408784,211167.8207084029,263341.95993269084
2025-08-08,647519.9208987608,791861.4950602519,983350.9699269984,447795.7675349951,515222.23186476994,373605.11608147854,212814.39259692936,265798.4724551897
2025-08-11,642683.3109646176,785946.7346801267,976005.8907774694,444450.98479113635,511589.5291780062,373659.9525173302,212393.57246038594,265012.0123431291
2025-08-12,656182.3502068185,802454.9053961245,996506.0991934143,453786.3155560279,521732.7251299483,379572.255441076,214654.71034838908,268342.8839590854
2025-08-13,647869.8069546976,792289.3757885703,983882.3215987614,448037.7330559177,515493.87170352705,384674.9168693344,215389.50183919445,268477.06190948613
2025-08-14,647247.8128674249,791528.7302053692,982937.7352327397,447607.58981132705,515026.7077198478,385458.1145234795,215409.5359858722,268268.87713921996
2025-08-15,641066.1366544433,783969.068780288,973549.9818932398,443332.6194897921,510383.55740144657,390863.6217643295,214905.19901564735,267089.2010891794
2025-08-18,635877.993794759,777624.4136911388,965671.0500665415,439744.7323237743,506484.55865738314,392230.55086809286,214858.4526733992,266982.77922574076
2025-08-19,609938.5190392788,745902.6541004194,926278.2733550642,421806.15370605025,486981.5810137375,387897.23311034706,213692.8033614495,263360.48281473265
2025-08-20,605295.9994581252,740225.2496257026,919227.9479740382,418595.5951548115,483482.7130850958,386019.5096696735,213125.00431548298,261796.82403163236
2025-08-21,602733.4459657245,737091.46582358,915336.3465253223,416823.4479652914,481550.5961024951,384453.5857309033,212270.00794461093,260584.76117411922
2025-08-22,611917.287838218,748322.5191407593,929283.3148293054,423174.5815559076,488476.6897902975,394270.7510402097,215529.80269972494,264604.9042436177
2025-08-25,611141.6511309344,747373.9817709734,928105.4003222742,422638.18595871225,487892.2270823585,392720.37110805255,214581.23119930853,263841.59773410944
2025-08-26,616590.2784556787,754037.187087359,936379.9148068961,426406.2125107131,491998.20350250887,393213.3144226011,215479.67611050647,264900.98799528065
2025-08-27,614201.6427563435,751116.0898747751,932752.4322292431,424754.33907512727,490199.0670885918,391968.35019811767,215970.63637168412,265308.096094792
2025-08-28,619096.5343554702,757102.123747621,940186.0203650455,428139.4268073922,493886.7359502627,395473.0983131391,216735.47908250615,266968.91530031
2025-08-29,606366.3029496914,741534.139276269,920853.3558457945,419335.76909855066,484300.40056640573,393124.0696590574,215442.92623033517,263878.61526209244
2025-09-02,603685.9120552532,738256.250407507,916782.8015651309,417482.13084105455,482279.5917195017,390395.5581925901,213846.46031976517,261667.2768017421
2025-09-03,603988.7154237677,738626.5530350591,917242.6514886866,417691.5360847233,482507.93901730236,391477.4780285457,215005.39036029825,263725.9426657505
2025-09-04,609727.890191712,745645.0730303181,925958.403533512,421660.49223152717,486835.7912075555,394526.0291582869,216802.30079395612,266113.0508527938
2025-09-05,613831.1538440144,750663.0136148003,932189.7921937362,424498.1255417593,489928.3872254471,396815.8939353504,216174.37869669424,266497.0335858535
2025-09-08,622144.4578546253,760829.4735649367,944814.72510821,430247.23414835805,496191.70823697135,399931.47308278165,216705.44847375152,267796.9954247635
2025-09-09,627971.4820688434,767955.4259211492,953663.8890148372,434276.94303643226,500578.5545486417,401293.4458022489,217206.42580826808,268555.69944986195
2025-09-10,646484.8368392672,790595.675763564,981779.0477652121,447079.94977259985,514508.99258401705,400098.49766286614,217834.32729426792,268643.59843125875
2025-09-11,640845.9172617258,783699.7592935368,973215.5474666898,443180.325623912,510272.7789036446,404979.0136800855,219644.59382571097,270207.25721435907
2025-09-12,650057.8583807586,794965.1755865203,987205.1884675999,449550.89139455097,517196.6227318671,405856.1019303345,219571.0734541064,271400.79718983034
2025-09-15,654211.2134500933,800044.373690811,993512.6480592872,452423.1656846402,520315.8718355994,410945.3780575116,220740.0617905024,273723.1599980292
2025-09-16,650618.313170071,795650.5638704245,988056.3186689775,449938.4768177152,517618.49524143804,412042.7509780549,220436.14873210338,273491.8498613114
2025-09-17,640376.2994530599,783125.4568696654,972502.3661223915,442855.55898694467,509926.9041692991,414407.31457059464,220162.28689372103,272945.96132698946
2025-09-18,651754.3253699765,797039.8096526627,989781.5145472379,450724.09196030366,518479.28292010777,416477.45341514563,221190.9537583245,275407.1045699988
2025-09-19,658317.7150838061,805066.2740496843,999748.9540541876,455263.0382377497,523407.8765208261,419529.1446917407,222286.50416816399,277271.44958917185
2025-09-22,655744.1355741369,801919.0063712561,995840.6080321767,453483.265948667,521476.39911134227,423830.5313521965,223338.15258991328,278589.9343101236
2025-09-23,651640.8930103309,796901.0915762018,989609.2513978297,450645.64722229424,518396.2285573216,418341.4285399785,222122.41791126915,276739.4532163813
2025-09-24,649392.0175847096,794150.9092277344,986194.0146465647,449090.4257305617,516707.47517111193,417518.875002518,221415.69895932707,275767.9337005062
2025-09-25,645706.4386521548,789643.7613400762,980596.9395588363,446541.64445967285,513939.3173540749,412428.04813946027,220394.20481390454,274579.0244455454
2025-09-26,644523.9188738479,788197.6407662279,978801.1153171019,445723.8667594637,513050.86842009466,414182.40524211724,221656.87133615496,275707.79080607154
2025-09-29,646591.413275286,790726.009631666,981940.8992208169,447153.65326098347,514604.37487166526,415924.7750959014,222279.8055080094,276984.6272785298
2025-09-30,653025.0015740469,798593.7379971312,991711.2168427309,451602.8346950451,519437.6791630876,418147.36126686836,223117.09680481124,277743.33130362834
2025-10-01,654441.2243930658,800325.6574062671,993861.9523456355,452582.2309480019,520501.0446468199,430122.0860791033,223877.38442672815,279075.67995001085
2025-10-02,659681.9689697654,806734.639897453,1001820.7673508698,456206.4951048802,524435.5603370179,430889.6496260843,224135.23131452547,280222.96919257886
2025-10-03,645312.5909359828,789162.1192603682,979998.8258619421,446269.2770240727,513652.4805196305,437483.23351929616,224131.91290134122,279043.2931425383
2025-10-06,652522.3812344329,797979.0762998941,990947.9164676961,451255.2449862315,519069.6099846969,445120.2516976472,224935.71089737004,281138.97653452976
2025-10-07,650983.4879309023,796097.1413775205,988610.8884106432,450191.01532198815,517914.06719672255,440776.8261724191,224101.75862501445,279658.58601231576
2025-10-08,657664.8866501586,804267.920697453,998757.5413536604,454811.57134062605,522931.74134785676,444543.734800786,225438.08979770355,282864.54111889226
2025-10-09,658950.3922873443,805839.9841705849,1000709.7642496272,455700.5694469316,523896.5954889149,445860.1488183129,224785.00134952238,282522.206634326
2025-10-10,631952.7773782625,772824.209651566,959710.051422704,437030.2285050709,503635.37584220996,431035.93064007635,218709.54331317588,272714.65119027166
2025-10-13,653716.4539762172,799439.3251602033,992761.2855253879,452081.0121983934,520007.73245691985,438135.97758589615,222065.44838306194,278502.03532872687
2025-10-14,645616.0372388016,789533.2081415983,980459.6521725571,446479.1268923019,513925.33103977796,437375.63856202306,221794.16295243136,276646.92351447407
2025-10-15,651033.8563859651,796158.7376911512,988687.3800637046,450225.8478889354,517996.29773272056,441078.00414478127,222778.8453838966,278599.16751504387
2025-10-16,652053.3174266923,797405.4513717828,990235.5764524897,450930.86147148407,518761.96670124074,432507.89415154734,221261.65038703312,277567.5333408348
2025-10-17,652698.8848436954,798194.9251215336,991215.9622679286,451377.3069747996,519246.77936205734,432666.4233806661,222517.59763786691,279390.25834761496
2025-10-20,657244.7397426729,803754.1169555621,998119.4885993691,454521.0165625523,522660.4674837164,439555.26410515624,224831.89197060463,282910.7918517955
2025-10-21,650847.4351958621,795930.7605161773,988404.2730083289,450096.92734577873,517858.30455677287,438279.14865846373,224828.5117236343,282836.78503193014
2025-10-22,646322.7300343481,790397.4330025925,981532.8655572148,446967.8439689192,514459.94471271825,432684.3930948511,223659.6676660724,280111.94484473043
2025-10-23,653410.5879813784,799065.2772025359,992296.784568761,451869.48897956853,519785.49479343474,436423.16218887456,224985.96115416058,282466.6944604018
2025-10-24,667386.733298456,816156.9078516734,1013521.5463248363,461534.76493085444,530280.260000501,439380.21547643206,226824.6712271832,285482.9594426533
2025-10-27,684302.5266772688,836843.4767165892,1039210.5811935273,473232.96978147124,542967.5128156425,445463.36013534624,229500.67259700768,290567.17996603483
2025-10-28,697307.9556368607,852748.0042646345,1058961.172285737,482226.9417893114,552708.3820660631,443544.7003904372,230110.2300598149,292801.6155567362
2025-10-29,716579.2185182748,876315.110919507,1088227.322151603,495554.0838197429,567127.1760760755,443841.6866599239,230220.74764673493,294120.10027768795
2025-10-30,706549.3488490265,864049.437949127,1072995.5404732772,488617.87530806806,559634.1219400913,438980.18657803384,227688.7571646035,289623.4165371218
2025-10-31,705885.1327156264,863237.1584138391,1071986.8339332321,488158.5331879798,559137.50853648,446567.8320967171,228435.62685494917,291020.5387984495
2025-11-03,712081.4015480139,870814.6653646665,1081396.7482379524,492443.5951113271,563770.5071994297,446243.3160837601,228864.34110484403,292413.0303392667
2025-11-04,686548.0774951603,839589.5933540838,1042620.7690557465,474785.89212344476,544688.3531361865,435986.9713720182,226151.48679853822,286477.60432498006
2025-11-05,686514.6055817158,839548.6600660611,1042569.9372010211,474762.7444476931,544663.2859836108,443609.2544932858,226935.18881410323,288341.97758025373
2025-11-06,668758.1342134504,817834.0139048235,1015604.213400232,462483.1643630694,531365.4088189998,436675.5527867743,224500.31859858258,282970.9347462302
2025-11-07,665475.1602805294,813819.2175057285,1010618.551188169,460212.80667268473,528903.1201478429,436035.6713076712,224721.35377242262,282078.0810068316
2025-11-10,695894.5799932759,851019.5667075978,1056814.7606231256,481249.5145153277,551724.5334173267,442884.9175125348,228227.98900141838,288318.8239777014
2025-11-11,688647.1840464324,842156.6211756743,1045808.5604989941,476237.5401715234,546300.6772791885,445891.812501618,228750.4432709537,287550.88674768264
2025-11-12,683922.9279946024,836379.2599864507,1038634.1066778632,472970.45633906807,542763.020285382,444366.09002519044,228877.71781389124,287324.20733147534
2025-11-13,658249.1637563315,804982.4416378766,999644.8491267773,455215.6312108594,523530.3331489311,432476.4760752542,225079.72178506307,281458.1856526443
2025-11-14,663747.61516788,811706.5775520605,1007995.0285639409,459018.1138691083,527658.3290385926,429791.3258469129,225042.91007110575,281670.97290732025
2025-11-17,662669.766212,810388.4604438369,1006358.1618329093,458272.7218202967,526849.5031184526,426042.37946656084,222946.29127649977,279265.34183823515
2025-11-18,651244.6820305475,796416.559427175,989007.5487494773,450371.64545945777,518275.2528094951,422370.8907821486,221074.10851396614,275865.0941229239
2025-11-19,660762.3186917698,808055.8152288109,1003461.431850456,456953.6165715058,525425.0337306489,421898.1158327362,221928.15676678554,277512.02116691053
2025-11-20,642788.0764764594,786074.8539428088,976164.9920874982,444523.435925491,511933.43508629984,415000.06776439934,218545.457056281,270942.8076369052
2025-11-21,641275.0841865869,784224.5937453926,973867.2983985177,443477.1182418935,510795.99186041555,418356.94854104193,220722.43916148026,272978.348134462
2025-11-24,673214.9661003556,823284.3382072763,1022372.5456435194,465565.309624023,534811.0560352675,424926.88565040927,223971.12444636863,279959.2722483885
2025-11-25,676851.9296519315,827732.0336410062,1027895.7913701794,468080.4706754609,537538.3559213104,431977.3273414428,226077.78092557553,281684.8650688517
2025-11-26,685693.2474180155,838544.2092646325,1041322.5881684062,474194.7299396224,544166.3195738005,435529.432064885,227638.52751907494,284173.7643988231
2025-11-28,689150.5258358764,842772.1651443635,1046572.9564980667,476585.6288027173,546756.2224125135,439230.03028623067,228881.07744959954,286477.60432498006
2025-12-01,680221.2443110761,831852.4173654412,1033012.574238358,470410.5377439217,540069.035086616,435214.27815846005,227836.12768800484,285515.34625012585
2025-12-02,683266.3787245656,835576.3563694772,1037637.0433587931,472516.41627819615,542351.2307958554,436697.1813075348,228258.1432777451,287749.8100769279
2025-12-03,684434.4482793643,837004.8055555862,1039410.9228837028,473324.2008512164,543226.4293960627,442045.175708623,229048.54395346472,288453.00192810217
2025-12-04,688387.284184427,841838.7858679856,1045413.865643843,476057.80507082195,546187.8844667448,442775.49420532875,229215.98984606788,288184.67426340136
2025-12-05,696461.8482902208,851713.2873287266,1057676.2381035956,481641.8118551164,552235.3811762232,443831.1350200567,229651.38214485534,289359.71959293145
2025-12-08,701630.3620654889,858033.9377260807,1065525.3603776044,485216.1244257613,556103.8571690843,442028.1856571772,228961.46137145482,288804.59785368934
2025-12-09,704995.1792618977,862148.8214381591,1070635.3132098245,487543.0812504863,558621.2809994328,441830.562293539,228763.8199800009,289160.79626368626
2025-12-10,708609.4145184025,866568.7221104704,1076124.0427922215,490042.5244313111,561324.5861890055,446387.3671648636,230281.0561993884,290345.1030342373
2025-12-11,702064.5688235171,858564.9354629536,1066184.7650119255,485516.40236656996,556430.6997256282,451323.702334841,230816.90778923294,289405.99856193544
2025-12-12,675458.976270794,826028.5707646742,1025780.3938137562,467117.16652324115,536526.061250259,446190.5482820855,228335.14695263005,283873.0499266497
2025-12-15,667576.2907183471,816388.7203675057,1013809.4161905979,461665.85435002553,530615.7088207346,443057.9681417461,227990.17626029882,282448.17157835996
2025-12-16,672418.7611779917,822310.647669197,1021163.3953804966,465014.6899707618,534248.9439948165,442403.6185063677,227367.24208844436,283007.95227421325
2025-12-17,649524.6941794871,794313.1613582238,986395.5029003621,449182.1789194209,517078.7923583342,435156.85114944953,224865.38527137766,277761.8259495695
2025-12-18,664557.9960845757,812697.6041190464,1009225.707087834,459578.5370049461,528375.7829989601,440613.4891770079,226563.40286989152,281786.6279756792
2025-12-19,682080.5524583575,834126.1922436578,1035836.1977455461,471696.35195908975,541526.6629528943,444571.0261285036,228616.86168183983,285459.83407620166
2025-12-22,685896.1452443002,838792.3359567716,1041630.7173360714,474335.0449861872,544386.1855153443,447491.27114065096,230041.12049828138,286459.10967903887
2025-12-23,695455.3473165404,850482.422701903,1056147.723417395,480945.76087430905,551547.911608942,448359.4643677038,231092.5009736245,287800.69153034163
2025-12-24,695673.1344318258,850748.7577213345,1056478.4640851978,481096.3726860864,551710.9513613736,451121.4426456497,231905.4091474636,288642.6638163265
2025-12-26,693209.5867740746,847736.0495891873,1052737.217058622,479392.69349621603,549866.7231048637,450888.02374275407,231881.8916975054,288624.1691703853
2025-12-29,684218.0593142639,836740.1803542787,1039082.3055055417,473174.55593746825,543134.2646280826,447069.8037372864,231055.54498083307,287227.04690905765
2025-12-30,673833.2549646163,824040.4526195611,1023311.5051021288,465992.89050237776,535352.8542670395,445356.4770466926,230773.39741512103,286560.87258586637
2025-12-31,666933.9610471124,815603.2061039765,1012833.9473519794,461221.6479266282,530178.6965836742,441963.37476301496,229063.61078599707,284192.2590447643
2026-01-02,665281.9486589512,813582.9362136979,1010325.1318981245,460079.1901713406,528939.0437684185,444055.01749438146,229483.48280448787,283641.7397899319
2026-01-05,661211.8027135574,808605.4957529327,1004144.0371796916,457264.45958348893,525884.4237101976,450159.9194696363,231011.86971662502,285894.69826267514
2026-01-06,671882.5949817265,821654.9622577183,1020349.1508574748,464643.9014503877,533895.5523726976,456540.22590367915,232385.75460870395,288406.72295909823
2026-01-07,673289.5490172672,823375.5467372164,1022485.8103961825,465616.8878279448,534950.8869130865,455271.139153576,231636.67951332277,288684.31206481997
2026-01-08,663936.6598505628,811937.7630341304,1008282.1197654253,459148.8487021973,527936.2506266156,452732.44824133394,231613.16206336458,287041.9875052431
2026-01-09,668027.8250733855,816940.9082738728,1014495.1352420925,461978.11528062716,531007.0340279386,451652.1941518128,233144.90861121006,289901.00564284355
2026-01-12,684409.2495622799,836973.9896792875,1039372.6550527284,473306.7745474174,543298.5292576457,457545.8175098697,233511.0470696299,290141.5489844816
2026-01-13,684254.9613393401,836785.3083755252,1039138.3464719736,473200.07572475105,543182.9172968226,454439.11511685397,233044.14015122276,289711.3155185186
2026-01-14,669441.8848118824,818670.1824204914,1016642.5857999929,462956.0156440039,532082.9743720161,449943.3444289169,231898.68987604696,286616.3847597906
2026-01-15,676768.4707359893,827629.9705232233,1027769.0471522923,468022.7542282667,537579.8442887559,449245.30869763205,232530.1983328993,287648.0471701004
2026-01-16,667324.8110477428,816081.1822339064,1013427.5085920454,461491.9422764615,530498.9107363288,448041.56689561607,232335.3600730793,287407.47559236165
2026-01-20,657863.2995778106,804510.5627420595,999058.859565743,454948.78483222605,523398.96424770786,439531.8100650119,227605.75561247242,281300.88233579195
2026-01-21,664003.1597690874,812019.0867482044,1008383.1093369748,459194.83706656384,528010.0480264141,443256.21742538124,230232.57851113105,285103.63566620473
2026-01-22,676554.7503659253,827368.608785458,1027444.4824147256,467874.9547952889,537431.5064799315,452730.8713676351,231435.14259334814,287176.1654556439
2026-01-23,680885.4709594486,832664.7097596423,1034021.2967468824,470869.8871356942,540678.8458012842,449761.55232511944,231519.0922635319,288082.8831204732
2026-01-26,690363.710761738,844255.7865715539,1048415.3501218662,477424.6131451362,547783.4572963446,450865.37176169443,232694.7792600825,289350.4863880112
2026-01-27,697695.8141610632,853222.322074689,1059550.1905439554,482495.16736806964,553275.1581244074,448042.6011962578,233621.89443674212,291973.5354322827
2026-01-28,697645.2395712998,853160.4736759455,1059473.3858460728,482460.19224759855,553237.300378398,447422.1580295626,233598.37698678396,292940.39599154674
2026-01-29,681944.0849719674,833959.3041768786,1035628.9524843984,471601.97715942847,541484.1108607635,443758.21658568253,233134.82970408513,291187.0753202221
2026-01-30,670625.4997351336,820117.6422629629,1018440.0731748735,463774.5506973927,533000.5842335871,435876.03119243315,232439.4881687749,287689.6671824932
2026-02-02,669909.2359685494,819241.7129227851,1017352.3249112888,463279.21476599795,532463.2210165452,435677.6281734675,233595.03796233766,289665.0647856153
2026-02-03,643096.9579355181,786452.5895553716,976634.0724548427,444737.0445042739,512346.6157210473,425617.5550081316,231619.8813347812,285214.66001405317
2026-02-04,637100.4646547306,779119.3910217228,967527.5457002086,440590.13840220124,507837.0772218884,421229.39489674754,230497.94850956358,280232.2306335998
2026-02-05,609464.1585349899,745322.5517653406,925557.8895538374,421478.1072332694,487042.8009680687,406364.14987937076,227619.19415530565,276198.1954025699
2026-02-06,636829.1634820175,778787.6128859427,967115.5363353699,440402.51866580825,507685.27845858486,416818.48284151737,231986.01979320103,282036.4609944388
2026-02-09,644339.4765504403,787972.0835760139,978521.0134518705,445596.31471185817,513336.95110033394,421636.53952673514,233104.61359397235,284196.88976527477
2026-02-10,636557.2525818755,778455.089105654,966702.6010128288,440214.47726924217,507484.48585554387,418483.0456921735,232489.88270439956,282878.40504432295
2026-02-11,629036.0117270572,769257.2546672354,955280.5285005661,435013.12405570055,501824.4116248796,410088.73514014465,232436.1491443286,283637.1090694215
2026-02-12,615772.5278827036,753037.1480609099,935138.0444131994,425840.69285076327,491836.3498747746,402519.6793095939,228845.27568748093,277868.24781300814
2026-02-13,615538.5484760271,752751.0112536794,934782.7134510586,425678.88317569625,491659.93902997667,406378.0289345475,229006.4969789558,278460.3870802333
2026-02-17,620401.561316475,758698.0601305531,942167.8891639301,429041.92498666997,495326.52873036935,406710.788933185,229375.99507308393,278173.5647695913
2026-02-18,627245.2250296186,767067.2756630383,952560.9645473608,433774.69620539155,500484.21234980307,409926.28884226776,230531.52425538466,280250.725279541
2026-02-19,614959.271239606,752042.6047264329,933902.9986903132,425278.2809913825,491230.64421786217,409493.9602668309,229923.5126372285,279177.44285683834
2026-02-20,623287.2011258521,762226.9508718404,946550.1430743153,431037.5041983119,497510.1214350137,408635.74557377666,231586.30558896012,281647.8475408686
2026-02-23,598154.441310424,731491.7346721418,908382.4775805032,413656.8134912195,478573.55554211757,399810.3556443459,229221.49305302565,278224.44622300507
2026-02-24,599275.41947823,732862.595118654,910084.8421456721,414432.03177075274,479420.1586351085,403768.3718944758,230887.58380667955,281212.98335439514
2026-02-25,604794.9523380458,739612.5118414342,918467.0367563185,418249.0934141462,483588.2716010018,407609.9104109318,232835.88395983152,285288.66683391854
2026-02-26,552746.6939787578,675961.9424157685,839424.3637995137,382254.8497644576,444303.78025733965,406495.79409748106,231542.60971349006,281846.77087011386
2026-02-27,547856.8640593472,669982.098544401,831998.4625432923,378873.2624631143,440593.60060628894,404805.3994726933,230430.75579539736,280944.65568969434
2026-03-02,548832.9559346127,671175.7754440878,833480.7966944146,379548.28387382627,441334.58507737145,405894.9999275157,230561.78158802146,281314.7744973233
2026-03-03,547774.2947432289,669881.1233311339,831873.0693090913,378816.16122330277,440530.99955390726,405216.9298515666,228529.53176468576,278303.1119994816
2026-03-04,555738.9248359359,679621.1848941185,843968.4913555704,384324.1425693372,446577.2727628456,411827.1157639064,230141.86834700668,282545.33200077765
2026-03-05,552512.2856994816,675675.2811340207,839068.3815334159,382092.7435003147,444129.7680950922,409845.20114549063,228858.71423031416,281694.09827377193
2026-03-06,547827.3739927087,669946.034714542,831953.677688501,378852.86845422164,440574.9557067245,405332.4369145028,225859.03360181907,277456.50899298635
2026-03-09,554581.9586858449,678206.3142225358,842211.4739277737,383524.03661356535,445702.64922209934,409427.49172583374,227837.54986508383,281162.1019009814
2026-03-10,554080.725217283,677593.3485500069,841450.279713415,383177.4060026378,445322.4012808308,405354.89266108203,227471.390795402,281166.7326214919
2026-03-11,555849.5800518243,679756.5067612327,844136.5370177339,384400.666759144,446664.3657691124,404094.70218894386,227185.88359398165,281129.7150935088
2026-03-12,548488.8278223827,670754.9361885722,832958.1892779963,379310.3002888079,441081.0324603875,397238.61596578144,223736.07361435896,276304.58902990783
2026-03-13,537723.3007740428,657589.617148229,816609.2073809351,371865.34409218794,432908.9408958954,394687.68787093944,222469.69706494597,274666.89519084146
2026-03-16,545360.8982534054,666929.745789031,828207.9839542003,377147.1643343318,438713.13325007097,400002.17544631305,224733.74114089314,277747.9620241388
2026-03-17,547832.9058508676,666262.8160432421,827379.7759702461,376770.01716999745,438299.0115706726,401639.81725816743,225324.91335798372,279103.43603697297
2026-03-18,541127.446671522,666262.8160432421,827379.7759702461,376770.01716999745,438299.0115706726,395399.1268515627,222180.80961655529,275212.81196126406
2026-03-19,539866.1320074634,666262.8160432421,827379.7759702461,376770.01716999745,438299.0115706726,393850.5291972027,221633.29205241072,274343.0835883171
2026-03-20,527592.5922900406,666262.8160432421,827379.7759702461,376770.01716999745,438299.0115706726,384745.9436110128,218456.00417913948,269272.755226467
2026-03-23,539817.6494726137,670694.4091772509,832883.0255079924,379276.0724097402,441214.3219310115,390250.44630810735,220749.7903061731,272020.7207801183
2026-03-24,529867.3511117366,666985.5959399628,828277.3398964098,377178.74746011756,438774.490175643,384908.6559693566,220008.77421423944,270160.9782453551
2026-03-25,533022.6924978184,668177.1586492187,829757.048599491,377852.5733012348,439558.3561593293,386014.6497735817,221234.81452389067,271937.452519232
2026-03-26,512069.3033937019,660297.2449836009,819971.5990046263,373396.5011092963,434374.5783951528,380150.627363606,217283.8417083933,265446.87652960257
2026-03-27,498618.5463531791,655093.9466656157,813510.0290460809,370454.0484473715,430951.60407516273,371738.52569558396,213578.74063746305,260260.92133549417
2026-03-30,491442.495983249,647223.9812360244,803736.9333888767,366003.6019589366,425774.3707284629,372786.08666627615,212864.66346498192,258271.65980694134
2026-03-31,516314.5716308499,673428.965874215,836278.8579825533,380822.4576331962,443013.2419194947,386585.84157488524,219052.18493289952,267015.1660332133
2026-04-01,522266.0226244132,679638.9467010384,843990.5483569163,384334.1868283547,447098.459333298,387937.23285657255,220702.63173868463,270313.650841697
2026-04-02,524933.54734077,682416.0045374468,847439.1596784806,385904.60634376365,448925.3385699345,390100.6671502589,220901.36552702534,270623.5985187907
2026-04-06,527002.8732527854,684568.1110326281,850111.6927194536,387121.6173814748,450341.095425817,392239.20505013084,221945.53206066348,272252.0309168361
2026-04-07,535345.5009449458,693237.6605476363,860877.7294286444,392024.2267436845,456044.3327845479,392273.4300902608,222043.18822008665,272293.6791653296
2026-04-08,542732.6205562159,700890.3327131267,870380.985545291,396351.7944148196,461078.62040385144,400796.89341286354,227698.54751406022,280389.53395045217
2026-04-09,539205.3338335566,697246.1940400754,865855.6142258776,394291.0427754451,458681.3346181756,398922.6793686698,229012.1444647477,282286.2657770978
2026-04-10,545595.5483442344,703856.7410315041,875943.8458804128,398029.29117155855,463030.0632917815,395630.3301313845,228860.58985515745,282693.37387660914
2026-04-13,551170.0160935118,710907.4262758213,884893.5536517776,401402.8304820239,467429.10731359356,403857.12881906173,231097.11789631567,285617.137393054
2026-04-14,564291.2985534088,727831.4549251243,905959.5367883439,409360.46529046213,477933.084860027,411715.89437646134,233913.00790143036,290803.0925871624
2026-04-15,576466.8191356561,743535.6255947152,925507.116230251,416715.808741589,487667.2478143855,419271.31560216955,235758.80824858585,294874.17358227604
2026-04-16,575735.9799921411,742592.9782093943,924333.7671220457,416275.8617677452,487083.6436192009,420402.3491219819,236338.14960128028,296294.3929739546
2026-04-17,587232.2791448201,757421.0788021182,942790.8687676693,423197.81701351935,496264.55007418693,425479.92772314843,239194.45829120476,300171.15312423283
2026-04-20,582170.4449865415,750892.248516317,934664.1850121525,420160.0512427773,492226.6220230369,426809.1767054708,238716.1327336418,299218.15649039956
2026-04-21,576699.5158476143,743835.7613346335,925880.7066186161,416872.0000816778,487860.22355862625,422695.3493926594,237153.2837914169,298080.1286888525
2026-04-22,590720.6961815986,761920.4918779052,948391.45961652,425312.15828945534,499056.6061332026,429065.1722723047,239554.86681878465,303067.1605537156
2026-04-23,585672.1629742207,755408.8173598268,940286.1302985919,422285.21906250546,495030.5468067727,420927.8510665224,238625.21645689727,301360.09061529435
2026-04-24,594883.1163395991,767289.2443774982,955074.1503614025,427815.7745588485,502379.56513880217,421798.7099718755,240474.3970510231,307124.3493872978
2026-04-27,599735.4197448683,773547.8187277474,962864.436259242,430721.71007318964,506247.64651471947,423628.75397828163,240888.683417508,307286.25518856
2026-04-28,592000.6980461259,763571.4576499348,950446.4796022049,426095.8272333713,500084.6014731109,422044.67558614176,239716.52094676183,304195.95515034243
2026-04-29,590685.975928152,761875.7091696725,948335.7168737019,425307.8169140217,499036.260491647,423624.2153457647,239679.48250892235,306055.69768510567
2026-04-30,591102.3965606785,762412.8148021881,949004.2727141338,425557.5015489554,499368.3498916857,425815.4721125851,242064.2055239625,308910.056866095
2026-05-01,595160.3844257108,767646.8689501901,955519.2992898084,427990.37291811855,502604.4084214982,430287.5976843732,242734.50437592552,311875.46863103344
2026-05-04,591537.8012058533,762974.4063014566,949703.3070456384,425821.01491216396,499716.669143709,430914.4518904948,241845.27269884793,311287.931848218
2026-05-05,596941.3240089901,769943.951771341,958378.5657786804,429060.1901947767,504025.56158510665,431225.4758189754,243785.4107922423,315326.59779975837
2026-05-06,609486.7300743387,786125.2063336156,978519.9897150786,436569.2259553894,514024.4787753305,434197.4663489176,247173.88165611078,321877.3166838225
2026-05-07,608801.1952389101,785240.9931303447,977419.3758591689,436160.3126276032,513478.7254303493,434598.85469357244,246416.02616311156,321493.33395076275
2026-05-08,617599.8435839843,796589.6228944164,991545.447622993,441409.58953256265,520483.75946555,437444.8283472292,248450.46078022078,329029.4080400321
2026-05-11,614106.800468658,792084.2430325232,985937.4296881866,439330.6042926651,517704.9979034445,437205.0177219369,249016.32236755796,329982.4046738653
2026-05-12,613103.8923258226,790790.6769353187,984327.2786919661,438733.126756021,516906.91696264804,437180.38052250224,248639.0744389125,327183.5576668002
2026-05-13,624523.5354917096,805519.9054764295,1002661.3105286735,445538.18365355517,525995.1223855378,442262.8603584519,250030.16973477326,330639.34579213633
2026-05-14,636452.2871934638,820905.7899102056,1021812.7069685771,452624.8827417784,535478.7662570269,441826.5027860925,252003.98663029878,332989.43645119655
2026-05-15,624937.4174823983,806053.7367302915,1003325.7906252665,445805.5092772655,526333.7862173263,438127.1854709459,248972.54404703985,327965.3870583504
2026-05-18,620206.1813088317,799951.3167273088,995729.8759917627,442994.92635093146,522572.41082276014,436696.6220464798,248797.3895424434,326554.400871592
2026-05-19,612695.5180591393,790263.9496272136,983671.6411472631,438527.53678668675,516598.81261049607,432433.243934978,247140.20285397963,324542.0139765875
2026-05-20,618172.8233643875,797328.6608846929,992465.3563612171,441792.1519125326,520958.1750740511,436483.8407504861,249673.1414541637,329917.65929502086
2026-05-21,616080.8366265883,794630.3847373205,989106.7092567827,440547.121705197,519293.9992555016,438649.2994653129,250168.26519026823,330546.8160902291
2026-05-22,614387.9091172995,792446.8212208758,986388.7445707007,439539.0163928531,517947.0187911892,442138.1718189576,251151.81400232267,331948.54083596653
2026-05-26,618239.7096188137,797414.9317876793,992572.7410404296,441833.7455303148,521012.1833380435,442585.88437251083,252819.1208204354,337842.3468378603
2026-05-27,622398.884461309,802779.4984302301,999250.2214896022,444309.0124443171,524320.792675299,448374.448411302,252775.32188865528,337458.36410480057
2026-05-28,625835.1649757441,807211.6650306432,1004767.108088976,446351.7745820517,527053.318124634,460989.00900213345,254169.77682022436,340303.46184476896
2026-05-29,625973.0024257904,807389.4498592727,1004988.4036374209,446433.63942012296,527162.8925371796,464934.2059634323,254803.01662308586,341557.17295077565
2026-06-01,627695.5035837783,809611.1579152757,1007753.8482849079,447456.6348762047,528532.1845751465,466857.1669324135,255496.87414753108,343606.57737376314
2026-06-02,631727.6526600563,814811.8848025866,1014227.391149685,449850.23383986176,531737.024425951,460159.9962653848,255843.8235210157,345188.73080280464
2026-06-03,628269.3874850272,810351.3620542991,1008675.2085728984,447799.5003331539,528989.3034095347,451737.6172330759,254048.52076579496,344286.6438584858
2026-06-04,618992.163157707,798385.4577471975,993780.7916718994,442293.0891721753,521615.92742151354,456951.0515129694,255008.4902941052,342621.1939324573
2026-06-05,591985.0794475634,763551.3125451906,950421.4042229542,426223.1006446826,500133.1358479294,443447.8005923847,248426.88149647656,326175.04885904276
2026-06-08,592020.3796423043,763596.8432704797,950478.0780510957,426244.2655435586,500161.28720275353,441172.03012813925,248989.36283684341,331268.50258734456
2026-06-09,585127.0628887173,754705.7390218677,939410.9819093962,422111.2884285123,494663.9929618156,440070.7102957843,248258.4668745587,327456.5160520115
2026-06-10,576579.8307731095,743681.3897146335,925688.5543828169,416976.5875054458,487843.2302243101,432736.0791978463,244344.53249690085,320915.05860896833
2026-06-11,588487.9123721322,759040.6135371561,944806.7653443267,424148.03626311535,497353.87518090394,440602.9333708987,248497.6193477092,331754.2482272318
2026-06-12,587199.6858308691,757379.0394526288,942738.5407879797,423374.8483973684,496326.17239700013,439560.2402876463,249841.55607608153,333706.5204639022
2026-06-15,603895.1361990877,778913.0839492952,969542.7862563024,433399.060599524,509646.8657993828,450565.0716248754,254247.25455413564,344189.48343606805
2026-06-16,602735.7654772802,777417.710050364,967681.4374019301,432706.17483979824,508723.2794920462,449763.1545236886,252731.54356813716,337648.0259930249
2026-06-17,591300.5192122165,762668.3563958512,949322.3550699576,425869.8211251059,499612.66853228025,442265.8469402249,249575.46468347852,334247.7782777137
2026-06-18,601773.9641799356,776177.1641844438,966137.2827072565,432151.43204938393,507966.0452558638,444397.63441180775,252170.29890349117,342625.8246529678
2026-06-22,590732.011518584,761935.0865707566,948409.6261866586,425548.1276692994,499167.8316657628,437837.0964628588,251376.72409342136,341390.636429003
2026-06-23,585555.52183371,755258.3718519489,940098.8650441063,422442.80735450337,495038.8898006646,436235.55020940356,247726.2428668287,330148.96943173866
2026-06-24,580714.6733052435,749014.5721751185,932326.969745074,419534.5408181741,491175.7532281946,434978.79968125996,247611.4175261477,328747.21644990053
2026-06-25,571442.3004370187,737054.9253533635,917440.3417744486,413956.153259761,483772.6750010701,429534.85106263857,247969.3733135479,331411.91374266555
2026-06-26,576911.7336599566,744109.4830799699,926221.4185017527,417255.5698563647,488143.4515503612,435582.89967757923,246176.2141295766,326850.4846232549
2026-06-29,591940.4442836801,763493.7414354583,950349.743269649,426307.2117971282,500146.93087569723,443597.65807320405,250231.93337863003,334974.0954953396
2026-06-30,603345.2699385511,778203.8581266633,968659.9858587623,433147.0556817215,509243.03819330153,445210.60948896885,252180.43964440215,340673.580652398
2026-07-01,615768.4191501718,794227.4239491832,988605.1286140464,440574.0660286452,519140.8278609865,452701.2915092926,251839.36448059155,335478.335781168
2026-07-02,609369.2040449587,785973.6194826851,978331.3037874191,436761.29170950234,514048.2015004804,457294.88093815005,251508.43005769196,329663.19555575075
2026-07-06,622500.8413802593,802911.0040069589,999413.9114903188,444599.1136444535,524504.7788102902,459778.75710295665,253703.4470171536,334391.1894330347
2026-07-07,617300.2483711916,796203.200455909,991064.4528940265,441506.01058308425,520368.50094918226,455562.3521652253,252497.87369068246,328196.6971950682
2026-07-08,620276.3366300395,800041.804122093,995842.5090989318,443278.56202694064,522736.64265137236,450928.6076907373,251717.79925723196,329126.56846244977
2026-07-09,636856.5873993372,821427.2624330352,1022461.80368188,453145.79728747334,535926.3802831608,454640.09959881456,253848.6533580435,334604.0049238113
2026-07-10,644557.5440939958,831360.0728976966,1034825.5512317806,457708.832976192,542043.6200340019,451601.56455551944,254942.781590804,335635.6390980204
2026-07-13,634477.8915185471,818359.1844949593,1018642.8502019212,451748.28711168445,534042.2301042847,447993.9482021002,252990.89507806156,329265.3488972603
2026-07-14,649404.8478017692,837612.1985624675,1042607.8102051592,460598.7126992736,545902.039218596,450822.8346139019,253889.17509916335,332943.18571829324
2026-07-15,661147.3487343225,852757.8539360476,1061460.1843829367,467534.25891553616,555219.7049163085,452958.9118280812,254895.49935574346,332041.0705378738
2026-07-16,650276.4415650059,838736.3933860039,1044007.1383252878,461132.58071483934,546602.2359439278,451401.5905474935,253514.31807691156,326582.1569585541
2026-07-17,644274.9345405751,830995.5588196502,1034371.826673622,457588.5214210564,541840.3275874532,445140.82038900274,251005.24731813988,321673.7626340668
2026-07-20,640475.1983974656,826094.6016500806,1028271.4185954641,455341.1740860381,538823.8447372266,442569.8923161234,250600.02990694117,322011.46639812255
2026-07-21,643418.3046086963,829890.6645722105,1032996.5227157661,457083.59636165283,541161.0548446933,444347.82011804206,252690.36226663284,327983.88170429156
2026-07-22,643157.6250864016,829554.4361801243,1032578.0064283917,456929.38299676264,540954.0943898853,439286.07299135596,252396.54872662076,326309.1985733428
2026-07-23,630158.5539691978,812788.0375697545,1011708.2314057912,449238.8426224836,530633.5491927015,430791.9480572316,249279.63123978904,320114.734571477
2026-07-24,627109.1712804909,808854.8976389517,1006812.5023112022,447428.5354692155,528209.7081768111,429023.9288402429,249532.90242741923,316538.6606572715
2026-07-27,619975.6050888875,799653.9160300744,995359.6900152098,443190.1534864587,522537.95591232454,434197.6641729308,249586.9451564204,315562.5386569866
2026-07-28,621307.4555778529,801371.7569424035,997497.9520354599,443982.9903768402,523597.5659076892,435007.8095471517,250184.6511435695,312495.3639852207
2026-07-29,609326.7418388873,785918.8510868165,978263.1314788221,436853.5518027958,514066.94761123107,432152.91601212136,246334.94145834778,306129.7045049711
2026-07-30,610915.8478923724,787968.5041186874,980814.412683784,437802.30092621705,515332.46948416583,438897.5266849882,250464.94369570026,316224.0822596674
2026-07-31,611076.5683562919,788175.8038048435,981072.446499684,437898.21463815286,515460.44433256914,439496.29388936225,252268.24362058254,318278.1174031654
2026-08-03,625983.4193474876,807402.8857624915,1005005.127817963,446793.8367750892,527329.9587953447,448094.3210290436,255861.30187120373,323866.57821237535
2026-08-04,646644.0723677796,834051.3086355921,1038175.4348703529,459073.91860954894,543758.9535263592,459104.60471870744,260474.22597754837,334867.673631901
2026-08-05,650752.0709604324,839349.8673767702,1044770.752770288,461502.54370499717,547019.7127945818,455989.0841725222,259954.16261440667,331837.5164881181
2026-08-06,651006.7341375465,839678.335795812,1045179.6099236178,461652.9401484765,547221.7823575469,458000.9205231369,259538.804462297,330611.5897051742
2026-08-07,658885.2136142405,849840.1178307644,1057828.367109135,466305.4296950757,553473.0433938615,467428.68250950746,261125.9746936986,334488.34985545237
2026-08-10,659560.2447653468,850710.7832230696,1058912.1174886671,466703.2595754361,554008.2948508728,469550.7707099605,261048.3114584292,333489.07425261516
2026-08-11,656623.5840391833,846923.0337851032,1054197.361478784,464972.833654583,551679.8663699289,468589.32248644705,260214.1942959775,332369.54109700926
2026-08-12,656059.5929951457,846195.5896029955,1053291.8839952236,464640.253613058,551232.575332706,468985.58033102,260865.94301212777,334798.29753254604
